:020000040800F2
:1000000000A000207D190008351700083D170008E2
:10001000451700084D17000855170008000000009C
:100020000000000000000000000000005D17000854
:100030006B170008000000007917000887170008F8
:10004000CD190008CD190008CD190008CD190008F8
:10005000CD190008CD190008CD190008A91700080E
:10006000CD190008CD190008CD190008CD190008D8
:10007000CD190008CD190008CD190008CD190008C8
:10008000CD190008CD190008CD190008CD190008B8
:1000900095170008CD190008CD190008CD190008E2
:1000A000CD190008CD190008CD190008CD19000898
:1000B000CD190008B9170008CD190008CD1900089E
:1000C000CD190008CD190008CD190008CD19000878
:1000D000CD190008CD190008CD190008CD19000868
:1000E000CD190008CD190008CD190008CD19000858
:1000F000CD190008CD190008CD190008CD19000848
:10010000000000000000000000000000CD19000801
:10011000CD190008CD190008CD190008CD19000827
:10012000CD190008CD190008CD190008CD19000817
:10013000CD190008CD1900080000000000000000E3
:10014000CD190008CD190008CD19000800000000E5
:10015000000000000000000000000000000000009F
:100160000000000000000000CD190008CD190008B3
:10017000CD19000800000000000000000000000091
:0801800000000000CD19000889
:1001900010B5054C237833B9044B13B10448AFF3C1
:1001A00000800123237010BD4403002000000000E4
:1001B000D8DF000808B5034B1BB103490348AFF370
:1001C000008008BD0000000048030020D8DF0008C0
:1001D00010F8012B11F8013B012A28BF9A42F7D0F1
:1001E000D01A70470000000000000000000000006E
:1001F00001F0FF01102A2BDB10F0070F08D010F8D8
:10020000013B013A8B422DD010F0070F42B3F6D1DB
:10021000F0B441EA012141EA014122F007047FF0F4
:1002200000070023F0E80256083C85EA010586EA4B
:10023000010685FA47F5A3FA87F586FA47F6A5FA87
:1002400087F68EB9EED1F0BC01F0FF0102F0070293
:1002500032B110F8013B013A83EA010313B1F8D13E
:100260000020704701387047002D06BF354603381F
:10027000073815F0010F07D1013015F4807F02BF58
:10028000013015F4C03F0130F0BC0138704700BFA9
:10029000034613F8012B002AFBD1181A01387047C6
:1002A00081F0004102E000BF83F0004330B54FEA27
:1002B00041044FEA430594EA050F08BF90EA020F94
:1002C0001FBF54EA000C55EA020C7FEA645C7FEA27
:1002D000655C00F0E2804FEA5454D4EB5555B8BF4A
:1002E0006D420CDD2C4480EA020281EA030382EABB
:1002F000000083EA010180EA020281EA0303362D4D
:1003000088BF30BD11F0004F4FEA01314FF4801C1F
:100310004CEA113102D0404261EB410113F0004F31
:100320004FEA03334CEA133302D0524263EB4303E8
:1003300094EA050F00F0A780A4F10104D5F1200E86
:100340000DDB02FA0EFC22FA05F2801841F10001E1
:1003500003FA0EF2801843FA05F359410EE0A5F1B5
:1003600020050EF1200E012A03FA0EFC28BF4CF0E6
:10037000020C43FA05F3C01851EBE37101F000459C
:1003800007D54FF0000EDCF1000C7EEB00006EEBA9
:100390000101B1F5801F1BD3B1F5001F0CD3490833
:1003A0005FEA30004FEA3C0C04F101044FEA44528A
:1003B00012F5800F80F09A80BCF1004F08BF5FEA11
:1003C000500C50F1000041EB045141EA050130BDF1
:1003D0005FEA4C0C404141EB0101013C28BFB1F503
:1003E000801FE9D291F0000F04BF01460020B1FA4E
:1003F00081F308BF2033A3F10B03B3F120020CDA21
:100400000C3208DD02F1140CC2F10C0201FA0CF0FE
:1004100021FA02F10CE002F11402D8BFC2F1200C63
:1004200001FA02F120FA0CFCDCBF41EA0C01904019
:10043000E41AA2BF01EB0451294330BD6FEA040462
:100440001F3C1CDA0C340EDC04F11404C4F120024D
:1004500020FA04F001FA02F340EA030021FA04F35F
:1004600045EA030130BDC4F10C04C4F1200220FAB6
:1004700002F001FA04F340EA0300294630BD21FAF4
:1004800004F0294630BD94F0000F83F4801306BFBA
:1004900081F480110134013D4EE77FEA645C18BFAE
:1004A0007FEA655C29D094EA050F08BF90EA020F45
:1004B00005D054EA000C04BF1946104630BD91EA3D
:1004C000030F1EBF0021002030BD5FEA545C05D140
:1004D0004000494128BF41F0004130BD14F580047F
:1004E0003CBF01F5801130BD01F0004545F0FE41F3
:1004F00041F470014FF0000030BD7FEA645C1ABF28
:10050000194610467FEA655C1CBF0B46024650EA5E
:10051000013406BF52EA033591EA030F41F400218A
:1005200030BD00BF90F0000F04BF0021704730B510
:100530004FF4806404F132044FF000054FF00001E5
:1005400050E700BF90F0000F04BF0021704730B5A6
:100550004FF4806404F1320410F0004548BF40427B
:100560004FF000013EE700BF42004FEAE2014FEAD0
:1005700031014FEA02701FBF12F07F4393F07F4FAB
:1005800081F06051704732F07F4208BF704793F0AE
:100590007F4F04BF41F40021704730B54FF46074C1
:1005A00001F0004521F000411CE700BF50EA0102C4
:1005B00008BF704730B54FF000050AE050EA01026D
:1005C00008BF704730B511F0004502D5404261EBDD
:1005D00041014FF4806404F132045FEA915C3FF41E
:1005E000D8AE4FF003025FEADC0C18BF03325FEABB
:1005F000DC0C18BF033202EBDC02C2F1200300FA6C
:1006000003FC20FA02F001FA03FE40EA0E0021FA90
:1006100002F11444BDE600BF70B54FF0FF0C4CF47E
:10062000E06C1CEA11541DBF1CEA135594EA0C0F30
:1006300095EA0C0F00F0DEF82C4481EA030621EA6B
:100640004C5123EA4C5350EA013518BF52EA0335A6
:1006500041F4801143F4801338D0A0FB02CE4FF058
:100660000005E1FB02E506F00042E0FB03E54FF088
:100670000006E1FB03569CF0000F18BF4EF0010E80
:10068000A4F1FF04B6F5007F64F5407404D25FEA7C
:100690004E0E6D4146EB060642EAC62141EA55512F
:1006A0004FEAC52040EA5E504FEACE2EB4F1FD0C71
:1006B00088BFBCF5E06F1ED8BEF1004F08BF5FEAEF
:1006C000500E50F1000041EB045170BD06F00046A1
:1006D00046EA010140EA020081EA0301B4EB5C044E
:1006E000C2BFD4EB0C0541EA045170BD41F4801146
:1006F0004FF0000E013C00F3AB8014F1360FDEBF6B
:10070000002001F0004170BDC4F10004203C35DA46
:100710000C341BDC04F11404C4F1200500FA05F3C9
:1007200020FA04F001FA05F240EA020001F000426A
:1007300021F0004110EBD37021FA04F642EB0601E0
:100740005EEA430E08BF20EAD37070BDC4F10C040A
:10075000C4F1200500FA04F320FA05F001FA04F2CE
:1007600040EA020001F0004110EBD37041F10001BA
:100770005EEA430E08BF20EAD37070BDC4F12005C5
:1007800000FA05F24EEA020E20FA04F301FA05F22D
:1007900043EA020321FA04F001F0004121FA04F2D5
:1007A00020EA020000EBD3705EEA430E08BF20EAA5
:1007B000D37070BD94F0000F0FD101F000464000DF
:1007C00041EB010111F4801F08BF013CF7D041EA61
:1007D000060195F0000F18BF704703F00046520065
:1007E00043EB030313F4801F08BF013DF7D043EA36
:1007F0000603704794EA0C0F0CEA135518BF95EAEC
:100800000C0F0CD050EA410618BF52EA4306D1D172
:1008100081EA030101F000414FF0000070BD50EA91
:10082000410606BF1046194652EA430619D094EA1B
:100830000C0F02D150EA013613D195EA0C0F05D105
:1008400052EA03361CBF104619460AD181EA030159
:1008500001F0004141F0FE4141F470014FF0000011
:1008600070BD41F0FE4141F4780170BD70B54FF0AC
:10087000FF0C4CF4E06C1CEA11541DBF1CEA13552C
:1008800094EA0C0F95EA0C0F00F0A7F8A4EB05040E
:1008900081EA030E52EA03354FEA013100F0888005
:1008A0004FEA03334FF0805545EA131343EA1263CE
:1008B0004FEA022245EA111545EA10654FEA002683
:1008C0000EF000419D4208BF964244F1FD0404F53C
:1008D000407402D25B084FEA3202B61A65EB030598
:1008E0005B084FEA32024FF480104FF4002CB6EB55
:1008F000020E75EB030E22BFB61A754640EA0C00D5
:100900005B084FEA3202B6EB020E75EB030E22BF14
:10091000B61A754640EA5C005B084FEA3202B6EB55
:10092000020E75EB030E22BFB61A754640EA9C0014
:100930005B084FEA3202B6EB020E75EB030E22BFE4
:10094000B61A754640EADC0055EA060E18D04FEAA2
:10095000051545EA16754FEA06164FEAC30343EA42
:1009600052734FEAC2025FEA1C1CC0D111F4801F0F
:100970000BD141EA00014FF000004FF0004CB6E708
:1009800011F4801F04BF01430020B4F1FD0C88BFA7
:10099000BCF5E06F3FF6AFAEB5EB030C04BFB6EBB2
:1009A000020C5FEA500C50F1000041EB045170BDA5
:1009B0000EF0004E4EEA113114EB5C04C2BFD4EBD2
:1009C0000C0541EA045170BD41F480114FF0000E56
:1009D000013C90E645EA060E8DE60CEA135594EAD2
:1009E0000C0F08BF95EA0C0F3FF43BAF94EA0C0FD5
:1009F0000AD150EA01347FF434AF95EA0C0F7FF44A
:100A000025AF104619462CE795EA0C0F06D152EA9D
:100A100003353FF4FDAE1046194622E750EA410681
:100A200018BF52EA43067FF4C5AE50EA41047FF492
:100A30000DAF52EA43057FF4EBAE12E74FF0FF3CF7
:100A400006E000BF4FF0010C02E000BF4FF0010CC8
:100A50004DF804CD4FEA410C7FEA6C5C4FEA430C41
:100A600018BF7FEA6C5C1BD001B050EA410C0CBF90
:100A700052EA430C91EA030F02BF90EA020F0020F2
:100A8000704710F1000F91EA030F58BF994208BF59
:100A900090422CBFD8176FEAE37040F00100704716
:100AA0004FEA410C7FEA6C5C02D150EA013C07D16D
:100AB0004FEA430C7FEA6C5CD6D152EA033CD3D0B8
:100AC0005DF8040B704700BF8446104662468C46B2
:100AD0001946634600E000BF01B5FFF7B7FF0028E5
:100AE00048BF10F1000F01BD4DF808EDFFF7F4FF0E
:100AF0000CBF012000205DF808FB00BF4DF808ED99
:100B0000FFF7EAFF34BF012000205DF808FB00BFBB
:100B10004DF808EDFFF7E0FF94BF012000205DF8DD
:100B200008FB00BF4DF808EDFFF7CEFF94BF012092
:100B300000205DF808FB00BF4DF808EDFFF7C4FF8B
:100B400034BF012000205DF808FB00BF4FEA410CD4
:100B50007FEA6C5C02D150EA013C0AD14FEA430CB7
:100B60007FEA6C5C02D152EA033C02D14FF00000F4
:100B700070474FF0010070474FEA410212F5001232
:100B800015D211D56FF47873B3EB625212D94FEAD4
:100B9000C12343F0004343EA505311F0004F23FABE
:100BA00002F018BF404270474FF00000704750EA13
:100BB000013005D111F0004008BF6FF000407047D0
:100BC0004FF00000704700BF80B500AF114B01220D
:100BD0001A70114B00221A70104B00221A60104B31
:100BE00000221A600F4B00221A600F4B00221A607D
:100BF0000E4B00221A6001224FF480410C4801F094
:100C0000D9F90C4B1B6800225A620A4805F024FBF4
:100C100000BF80BD6C0400206D0400207004002023
:100C200074040020780400207C040020800400204C
:100C3000001000481804002080B582B000AF786032
:100C40007B681B68124A93421ED1124B1B78DBB2A1
:100C5000002B19D0104B1B6801330F4A13600E4B49
:100C60001B6840F6643293420ED90A4B00221A7078
:100C70000A4B01221A700A4805F058FB00224FF473
:100C80008041084801F096F900BF0837BD4680BD95
:100C9000000400406C040020700400206D0400205B
:100CA000180400200010004880B483B000AF002377
:100CB0007B6000237B6003E000BF7B6801337B60C7
:100CC0007B68B3F5167FF7D300BF00BF0C37BD4676
:100CD0005DF8047B7047000080B586B002AF034624
:100CE000FB71FB7963F07F03FB71FB799BB2FB81A6
:100CF00000220821154801F05DF9FFF7D5FF07F143
:100D00000C0207F10E01022300930123104804F0A6
:100D10006CFEFFF7C9FF07F10E01013107F10C026C
:100D20000132022300930123094804F05EFE0122F0
:100D30000821064801F03EF9FFF7B6FFBB891B0A00
:100D40009BB2DBB218461037BD4680BD001000488C
:100D5000B403002080B584B000AF03460A46FB719F
:100D60001346BB71FB791AB2BB791BB21B021BB2D3
:100D700013431BB29BB2FB8100220821104801F0F3
:100D800019F9FFF791FF07F10E01022301220D4827
:100D900004F07FFBFFF788FF07F10E01013102230A
:100DA0000122084804F075FB01220821044801F0E3
:100DB00001F9FFF779FF00BF1037BD4680BD00BFC6
:100DC00000100048B403002080B582B000AF034695
:100DD0003960FB711346BB71FB7963F03F03DBB2F3
:100DE000FB71002208210F4801F0E4F8FFF75CFFD7
:100DF000F91D0A2301220C4804F04BFBFFF754FFB6
:100E0000BB799AB2BB793968074804F0B7FC012274
:100E10000821044801F0CEF8FFF746FF00BF08376D
:100E2000BD4680BD00100048B403002080B582B0EC
:100E300000AF0F20FFF750FF0346FB71FB79D42B67
:100E400004D0FB79D32B01D000BFFDE74F21202038
:100E5000FFF780FF08212220FFF77CFF10212320CD
:100E6000FFF778FF00BF0837BD4680BD80B483B070
:100E700000AF0346FB80FB88022B02D1044B01220A
:100E80001A7000BF0C37BD465DF8047B704700BF89
:100E9000640400202DE9F043B1B006AF00F098FDE6
:100EA00000F0A2F900F0D4FA00F0FEF900F03CFAEC
:100EB00009F020FD00F076FAB44B1B681A68B34BBA
:100EC0001B6842F040021A6001220821B04801F07C
:100ED00071F8FFF7ABFFFFF777FEAE4BC7F8A03016
:100EE000AD4BC7F89C3097ED277AD7ED287A37EECF
:100EF000277AD7ED286AC6EE877AA84BC3ED007A29
:100F0000002387F8A730A64B01221A70A54B1B7847
:100F1000DBB2002BFAD0A24B1B78DBB2002BF5D052
:100F2000A04B00221A7007F18403062219462820DC
:100F3000FFF74AFF9C4B1B78DBB2002B1DD0B7F9A3
:100F400084301A46994B1B681344984A1360B7F9CA
:100F500086301A46964B1B681344954A1360B7F9BE
:100F600088301A46934B1B681344924A1360924B85
:100F70001B680133904A1360C8E7904B1B78DBB2C3
:100F8000002B3DD097F8A730002B39D18A4B1B6836
:100F9000002B35D0854B1B6807EE903AF8EEE76AD8
:100FA000854B1B6807EE903AB8EE677AC6EE877AF3
:100FB000834BC3ED007A7E4B1B6807EE903AF8EE48
:100FC000E76A7D4B1B6807EE903AB8EE677AC6EE8B
:100FD000877A7C4BC3ED007A764B1B6807EE903A1C
:100FE000F8EEE76A744B1B6807EE903AB8EE677A42
:100FF000C6EE877A744BC3ED007A012387F8A730D9
:1010000097F8A730002B81D0B7F9843007EE903ADB
:10101000B8EEE77A6A4BD3ED007A77EE677A9FED08
:101020006B7A67EE877AC7ED267AB7F9863007EED6
:10103000903AB8EEE77A634BD3ED007A77EE677AB1
:101040009FED627A67EE877AC7ED257AB7F9883027
:1010500007EE903AB8EEE77A5B4BD3ED007A77EE85
:10106000677A9FED5A7A67EE877AC7ED247A584BF4
:101070001B78002B0FD1574AD7F898301360564A87
:10108000D7F894301360554AD7F890301360504B1E
:1010900001221A703BE04F4BD3ED007A97ED267A90
:1010A00037EE677A3D4BD3ED007A27EE277A494B2E
:1010B000D3ED007A77EE277A464BC3ED007A464BA4
:1010C000D3ED007A97ED257A37EE677A334BD3ED7F
:1010D000007A27EE277A404BD3ED007A77EE277A15
:1010E0003D4BC3ED007A3D4BD3ED007A97ED247A6A
:1010F00037EE677A294BD3ED007A27EE277A374B04
:10110000D3ED007A77EE277A344BC3ED007A344B77
:101110001E68731C324A13602E4B1B681846FFF77B
:1011200023FA04460D462C4B1B681846FFF71CFAA1
:1011300080468946294B1B681846FFF715FA024678
:101140000B46381DCDE90423CDE90289CDE90045E0
:101150003346244A80210AF0F7FDC7F88C00D7F8FF
:101160008C30002B0BDD00BFD7F88C309AB23B1DC2
:101170001146184609F0C6FC0346012BF4D04FF483
:101180000071034800F02EFFC0E600BFB40300204A
:10119000001000489276AC3B3761023CA00400206E
:1011A00074070020640400206C04002074040020F4
:1011B000780400207C040020800400206D040020BE
:1011C00084040020880400208C040020295C8F3CCB
:1011D0009C04002090040020940400209804002027
:1011E00068040020F0DF000880B59EB000AF07F172
:1011F00050032822002118460AF01FFE07F13C0385
:1012000000221A605A609A60DA601A613B463C22FA
:10121000002118460AF011FE03233B654FF4A0237A
:101220007B650023BB6501233B6610237B6602239D
:10123000FB664FF480333B674FF4E0137B6707F1A5
:101240005003184602F0FCFC0346002B01D000F0CE
:10125000A1F90F23FB6302233B6400237B644FF45B
:101260008063BB640023FB6407F13C030221184642
:1012700003F0F4FC0346002B01D000F08BF9094B7E
:101280003B600023FB610023BB633B46184603F031
:10129000A7FE0346002B01D000F07CF900BF783791
:1012A000BD4680BD2000020080B500AF1B4B1C4A2C
:1012B0001A601A4B1B4A5A60184B00229A60174B4F
:1012C0000122DA60154B00221A61144B00225A6188
:1012D000124B00229A61114B0022DA610F4B00225F
:1012E0001A620E4800F0B0FE0346002B01D000F059
:1012F00051F90021094800F042FF0346002B01D0BC
:1013000000F048F90021054800F084FF0346002B57
:1013100001D000F03FF900BF80BD00BF6003002096
:10132000005400402B1D200080B500AF1B4B1C4A11
:101330001A601A4B4FF482725A60184B00229A605E
:10134000164B4FF4E062DA60144B02221A61134B21
:1013500001225A61114B4FF400729A610F4B102217
:10136000DA610E4B00221A620C4B00225A620B4BC0
:1013700000229A62094B0722DA62084B00221A63A4
:10138000064B00225A63054803F0D8FF0346002BA2
:1013900001D000F0FFF800BF80BD00BFB403002003
:1013A0000030014080B588B000AF07F11003002283
:1013B0001A605A609A60DA603B1D00221A605A6017
:1013C0009A60214B214A1A601F4B40F257225A6003
:1013D0001D4B00229A601C4B7722DA601A4B0022C8
:1013E0001A61194B00229A61174804F0DDFE03468A
:1013F000002B01D000F0CEF84FF480533B6107F191
:1014000010031946104805F0C2F80346002B01D01E
:1014100000F0C0F800237B600023FB603B1D1946F1
:10142000094805F0DBFA0346002B01D000F0B2F8C2
:10143000002201211D2000F00CFC1D2000F025FCE5
:1014400000BF2037BD4680BD1804002000040040C6
:1014500080B58AB000AF07F1140300221A605A6009
:101460009A60DA601A61494B5B69484A43F4001399
:101470005361464B5B6903F400133B613B69434B8B
:101480005B69424A43F400235361404B5B6903F4B8
:101490000023FB60FB683D4B5B693C4A43F48003DF
:1014A00053613A4B5B6903F48003BB60BB68374B05
:1014B0005B69364A43F400335361344B5B6903F490
:1014C00000337B607B68314B5B69304A43F4802397
:1014D00053612E4B5B6903F480233B603B68002221
:1014E0004FF608712A4800F065FD35237B614FF403
:1014F0009013BB610023FB6107F1140319462448D4
:1015000000F0DEFB02237B614FF48813BB610023F4
:10151000FB6107F1140319461D4800F0D1FB0823B5
:101520007B610123BB610023FB6103233B6207F165
:1015300014031946164800F0C3FB01237B61002306
:10154000BB610023FB6107F1140319464FF0904083
:1015500000F0B6FB4FF47F437B610123BB610023A6
:10156000FB6100233B6207F114031946084800F0B1
:10157000A7FB00220021072000F06BFB072000F0F2
:1015800084FB00BF2837BD4680BD00BF001002406D
:101590000010004880B400AF72B600BF00BFFDE786
:1015A00080B582B000AF0F4B9B690E4A43F0010338
:1015B00093610C4B9B6903F001037B607B68094BD3
:1015C000DB69084A43F08053D361064BDB6903F0C3
:1015D00080533B603B68072000F030FB00BF0837BA
:1015E000BD4680BD0010024080B58AB000AF786073
:1015F00007F1140300221A605A609A60DA601A61D7
:101600007B681B68174A934227D1174B5B69164AC0
:1016100043F480235361144B5B6903F480233B61E3
:101620003B69C0237B611223BB610123FB61032360
:101630003B6204237B6207F1140319460B4800F058
:101640003FFB094BDB69084A43F40013D361064BA7
:10165000DB6903F40013FB60FB6800BF2837BD465D
:1016600080BD00BF0054004000100240000400484C
:1016700080B58AB000AF786007F1140300221A60C9
:101680005A609A60DA601A617B681B68174A934255
:1016900028D1174B9B69164A43F480539361144B2E
:1016A0009B6903F480533B613B69114B5B69104AB2
:1016B00043F4003353610E4B5B6903F40033FB606A
:1016C000FB68E0237B610223BB610023FB610323F2
:1016D0003B6205237B6207F1140319464FF09040EB
:1016E00000F0EEFA00BF2837BD4680BD0030014053
:1016F0000010024080B485B000AF78607B681B6842
:101700000A4A93420BD10A4BDB69094A43F00203B0
:10171000D361074BDB6903F00203FB60FB6800BF8A
:101720001437BD465DF8047B704700BF00040040DD
:101730000010024080B400AF00BFFDE780B400AFEE
:1017400000BFFDE780B400AF00BFFDE780B400AF8D
:1017500000BFFDE780B400AF00BFFDE780B400AF7D
:1017600000BFBD465DF8047B704780B400AF00BF8A
:10177000BD465DF8047B704780B400AF00BFBD4636
:101780005DF8047B704780B500AF00F067F900BFDB
:1017900080BD000080B500AF024800F074FE00BFBD
:1017A00080BD00BF7811002080B500AF022000F09E
:1017B00033FC00BF80BD000080B500AF024804F0DC
:1017C000E4FD00BF80BD00BF1804002080B400AF5E
:1017D00001231846BD465DF8047B704780B582B092
:1017E00000AF786039600AF07BFB034616221A606E
:1017F0004FF0FF3318460837BD4680BD80B582B034
:1018000000AF78604FF0FF317868FFF7E7FF00BF67
:10181000FDE780B586B000AFF860B9607A6000235C
:101820007B610AE0AFF300800146BB685A1CBA60D6
:10183000CAB21A707B6901337B617A697B689A420C
:10184000F0DB7B6818461837BD4680BD80B586B092
:1018500000AFF860B9607A6000237B6109E0BB6883
:101860005A1CBA601B781846AFF300807B690133BD
:101870007B617A697B689A42F1DB7B68184618378E
:10188000BD4680BD80B483B000AF78604FF0FF33B9
:1018900018460C37BD465DF8047B704780B483B0B2
:1018A00000AF786039603B684FF400525A60002303
:1018B00018460C37BD465DF8047B704780B483B092
:1018C00000AF7860012318460C37BD465DF8047BF5
:1018D000704780B485B000AFF860B9607A600023CB
:1018E00018461437BD465DF8047B704780B586B056
:1018F00000AF7860144A154BD31A7B617B693B615A
:10190000134B1B68002B02D1114B124A1A60104B6B
:101910001A687B6813443A699A4207D20AF0E0FADF
:1019200003460C221A604FF0FF3309E0084B1B6896
:10193000FB60074B1A687B681344054A1360FB6819
:1019400018461837BD4680BD00A0002000040000E6
:10195000A4040020B817002080B400AF064BD3F8D1
:101960008830054A43F47003C2F8883000BFBD4692
:101970005DF8047B704700BF00ED00E0DFF834D075
:10198000FFF7EAFF0C480D490D4A002302E0D45846
:10199000C4500433C4188C42F9D30A4A0A4C0023B9
:1019A00001E013600432A242FBD30AF09FFAFFF772
:1019B00071FAFEE700A00020000000204403002090
:1019C0002CE4000844030020B8170020FEE70000C4
:1019D00080B500AF084B1B68074A43F01003136043
:1019E000032000F02BF9002000F008F8FFF7D8FDE5
:1019F0000023184680BD00BF0020024080B582B0A1
:101A000000AF7860124B1A68124B1B7819464FF4DE
:101A10007A73B3FBF1F3B2FBF3F3184600F043F92A
:101A20000346002B01D001230EE07B680F2B0AD860
:101A3000002279684FF0FF3000F00BF9064A7B680E
:101A40001360002300E0012318460837BD4680BD1F
:101A500000000020080000200400002080B400AF37
:101A6000064B1B781A46064B1B681344044A136046
:101A700000BFBD465DF8047B704700BF0800002032
:101A8000A804002080B400AF034B1B681846BD4675
:101A90005DF8047B704700BFA804002080B485B0C7
:101AA00000AF78607B6803F00703FB600C4BDB68DA
:101AB000BB60BA684FF6FF031340BB60FB681A02B5
:101AC000BB68134343F0BF6343F40033BB60044A75
:101AD000BB68D36000BF1437BD465DF8047B704718
:101AE00000ED00E080B400AF044BDB681B0A03F09C
:101AF00007031846BD465DF8047B704700ED00E023
:101B000080B483B000AF0346FB7197F90730002B18
:101B10000BDBFB7903F01F02074997F907305B09DC
:101B2000012000FA02F241F8232000BF0C37BD4625
:101B30005DF8047B704700BF00E100E080B483B033
:101B400000AF03463960FB7197F90730002B0ADBC1
:101B50003B68DAB20C4997F907301201D2B20B4454
:101B600083F800230AE03B68DAB20849FB7903F006
:101B70000F03043B1201D2B20B441A7600BF0C379C
:101B8000BD465DF8047B704700E100E000ED00E039
:101B900080B489B000AFF860B9607A60FB6803F088
:101BA0000703FB61FB69C3F10703042B28BF042370
:101BB000BB61FB690433062B02D9FB69033B00E0E0
:101BC00000237B614FF0FF32BB6902FA03F3DA4373
:101BD000BB681A407B699A404FF0FF317B6901FA7C
:101BE00003F3D9437B680B40134318462437BD46A3
:101BF0005DF8047B7047000080B582B000AF78606C
:101C00007B68013BB3F1807F01D301230FE00A4AD7
:101C10007B68013B53600F214FF0FF30FFF78EFFD1
:101C2000054B00229A60044B07221A6000231846D5
:101C30000837BD4680BD00BF10E000E080B582B02F
:101C400000AF78607868FFF729FF00BF0837BD460E
:101C500080BD80B586B000AF0346B9607A60FB7383
:101C600000237B61FFF73EFF78617A68B968786985
:101C7000FFF78EFF024697F90F3011461846FFF71F
:101C80005DFF00BF1837BD4680BD80B582B000AF94
:101C90000346FB7197F907301846FFF731FF00BF85
:101CA0000837BD4680BD80B582B000AF78607868E7
:101CB000FFF7A2FF034618460837BD4680BD000067
:101CC00080B487B000AF7860396000237B6154E155
:101CD0003B681A6801217B6901FA03F31340FB603A
:101CE000FB68002B00F046813B685B6803F0030350
:101CF000012B05D03B685B6803F00303022B30D156
:101D00007B689B683B617B695B00032202FA03F3FB
:101D1000DB433A6913403B613B68DA687B695B00EF
:101D200002FA03F33A6913433B617B683A699A60AC
:101D30007B685B683B6101227B6902FA03F3DB434A
:101D40003A6913403B613B685B681B0903F0010281
:101D50007B6902FA03F33A6913433B617B683A6992
:101D60005A603B685B6803F00303032B17D07B6862
:101D7000DB683B617B695B00032202FA03F3DB4310
:101D80003A6913403B613B689A687B695B0002FAE1
:101D900003F33A6913433B617B683A69DA603B6855
:101DA0005B6803F00303022B23D17B69DA087B68AD
:101DB000083253F822303B617B6903F007039B0034
:101DC0000F2202FA03F3DB433A6913403B613B689D
:101DD0001A697B6903F007039B0002FA03F33A696F
:101DE00013433B617B69DA087B680832396943F841
:101DF00022107B681B683B617B695B00032202FA4F
:101E000003F3DB433A6913403B613B685B6803F0D3
:101E100003027B695B0002FA03F33A6913433B61F7
:101E20007B683A691A603B685B6803F44033002BB7
:101E300000F0A080584B9B69574A43F0010393611F
:101E4000554B9B6903F00103BB60BB68534A7B6938
:101E50009B08023352F823303B617B6903F0030394
:101E60009B000F2202FA03F3DB433A6913403B6104
:101E70007B68B3F1904F19D07B68494A934213D0E5
:101E80007B68484A93420DD07B68474A934207D00B
:101E90007B68464A934201D1042308E0052306E00B
:101EA000032304E0022302E0012300E000237A6917
:101EB00002F00302920093403A6913433B613749B1
:101EC0007B699B0802333A6941F82320384B9B68B1
:101ED0003B61FB68DB433A6913403B613B685B68ED
:101EE00003F48013002B03D03A69FB6813433B6172
:101EF0002F4A3B6993602E4BDB683B61FB68DB43F9
:101F00003A6913403B613B685B6803F40013002BA4
:101F100003D03A69FB6813433B61254A3B69D360B0
:101F2000234B5B683B61FB68DB433A6913403B61D1
:101F30003B685B6803F40033002B03D03A69FB680D
:101F400013433B611A4A3B695360194B1B683B6161
:101F5000FB68DB433A6913403B613B685B6803F411
:101F60008033002B03D03A69FB6813433B61104A6E
:101F70003B6913607B6901337B613B681A687B694D
:101F800022FA03F3002B7FF4A3AE00BF00BF1C377F
:101F9000BD465DF8047B7047001002400000014020
:101FA0000004004800080048000C004800100048E9
:101FB0000004014080B483B000AF78600B467B80A2
:101FC00013467B707B78002B03D07A887B689A61FC
:101FD00002E07A887B689A6200BF0C37BD465DF8E4
:101FE000047B704780B485B000AF78600B467B807F
:101FF0007B685B69FB607A88FB6813401A04FB68A6
:10200000D9437B880B401A437B689A6100BF143721
:10201000BD465DF8047B704780B582B000AF0346D3
:10202000FB80084B5A69FB881340002B06D0054AF9
:10203000FB885361FB881846FEF718FF00BF08377E
:10204000BD4680BD0004014080B582B000AF78601D
:102050007B68002B01D101238DE07B6893F8413030
:10206000DBB2002B06D17B68002283F84020786821
:10207000FFF7BAFA7B68242283F841207B681B684B
:102080001A687B681B6822F001021A607B685A6834
:102090007B681B6822F070621A617B681B689A6813
:1020A0007B681B6822F400429A607B68DB68012B26
:1020B00007D17B689A687B681B6842F400429A608B
:1020C00006E07B689A687B681B6842F404429A6069
:1020D0007B68DB68022B08D17B681B685A687B68C9
:1020E0001B6842F400625A6007E07B681B685A680C
:1020F0007B681B6822F400625A607B681B685B681F
:102100007A68126843F0007343F4004353607B68BD
:102110001B68DA687B681B6822F40042DA607B681F
:102120001A697B685B6942EA03017B689B691A0252
:102130007B681B680A43DA607B68D9697B681A6A26
:102140007B681B680A431A607B681B681A687B6897
:102150001B6842F001021A607B6800225A647B68A7
:10216000202283F841207B6800221A637B680022CA
:1021700083F84220002318460837BD4680BD80B44E
:1021800083B000AF786039607B6893F84130DBB290
:10219000202B38D17B6893F84030012B01D10223EA
:1021A00032E07B68012283F840207B68242283F898
:1021B00041207B681B681A687B681B6822F001025B
:1021C0001A607B681B681A687B681B6822F480525F
:1021D0001A607B681B6819687B681B683A680A4349
:1021E0001A607B681B681A687B681B6842F00102F2
:1021F0001A607B68202283F841207B68002283F8E4
:102200004020002300E0022318460C37BD465DF84D
:10221000047B704780B485B000AF786039607B681C
:1022200093F84130DBB2202B39D17B6893F84030F2
:10223000012B01D1022333E07B68012283F8402087
:102240007B68242283F841207B681B681A687B68BE
:102250001B6822F001021A607B681B681B68FB6028
:10226000FB6823F47063FB603B681B02FA6813434E
:10227000FB607B681B68FA681A607B681B681A68D9
:102280007B681B6842F001021A607B68202283F899
:1022900041207B68002283F84020002300E00223D5
:1022A00018461437BD465DF8047B704780B584B08E
:1022B00000AF78607B68002B01D10123B9E07B6817
:1022C00093F89132DBB2002B06D17B68002283F8B1
:1022D0009022786808F04CFD7B68032283F89122F5
:1022E0007B681B68184604F02EFC0023FB733EE05D
:1022F000FA7B796813469B001344DB000B441133CF
:1023000001221A70FA7B796813469B001344DB00A4
:102310000B441033FA7B1A70FA7B796813469B00E2
:102320001344DB000B44133300221A70FA7B7968E4
:1023300013469B001344DB000B44203300221A6039
:10234000FA7B796813469B001344DB000B4424336B
:1023500000221A60FB7B79685A1C13469B001344C9
:10236000DB000B4400221A60FB7B0133FB737B68AC
:102370001B79FA7B9A42BBD30023FB7344E0FA7BC0
:10238000796813469B001344DB000B4403F251139E
:1023900000221A70FA7B796813469B001344DB0015
:1023A0000B4403F5A873FA7B1A70FA7B796813461D
:1023B0009B001344DB000B4403F2531300221A70FA
:1023C000FA7B796813469B001344DB000B4403F54A
:1023D000B07300221A60FA7B796813469B0013449D
:1023E000DB000B4403F5B27300221A60FA7B7968B4
:1023F00013469B001344DB000B4403F5B473002227
:102400001A60FB7B0133FB737B681B79FA7B9A4272
:10241000B5D37B6818687B68043393E8060004F042
:10242000ADFB7B6800221A737B68012283F891223E
:10243000002318461037BD4680BD80B582B000AF7E
:1024400078607B6893F89032012B01D1022316E06B
:102450007B68012283F890227B681B68184604F091
:102460005BFB0121786808F01FFF7B681B6818463A
:1024700006F018FE7B68002283F89022002318469D
:102480000837BD4680BD80B584B000AF78607B68FA
:102490001B68184606F011FEF860FB6803F4004361
:1024A000002B03D0786800F0B1FABDE0FB6803F4BC
:1024B0008063002B13D07B681B68B3F844309AB25A
:1024C0007B681B6822F4806292B2A3F8442078688B
:1024D00008F0EFFC0021786800F0A9F8A4E0FB68A0
:1024E00003F48043002B0CD07B681B68B3F84430A6
:1024F0009AB27B681B6822F4804292B2A3F844200F
:1025000092E0FB6803F40053002B0CD07B681B683F
:10251000B3F844309AB27B681B6822F4005292B23E
:10252000A3F8442080E0FB6803F48053002B27D0FD
:102530007B681B68B3F840309AB27B681B6822F056
:10254000040292B2A3F840207B681B68B3F84030C5
:102550009AB27B681B6822F0080292B2A3F840206E
:10256000786808F0DFFC7B681B68B3F844309AB2E7
:102570007B681B6822F4805292B2A3F8442053E097
:10258000FB6803F40063002B27D07B681B68B3F85B
:1025900040309AB27B681B6842F0080292B2A3F8FE
:1025A00040207B681B68B3F844309AB27B681B6894
:1025B00022F4006292B2A3F844207B681B68B3F84F
:1025C00040309AB27B681B6842F0040292B2A3F8D2
:1025D0004020786808F08CFC26E0FB6803F4007368
:1025E000002B0FD07B681B68B3F844309AB27B682D
:1025F0001B6822F4007292B2A3F84420786808F0B5
:102600004AFC11E0FB6803F48073002B0CD07B685C
:102610001B68B3F844309AB27B681B6822F480725E
:1026200092B2A3F8442000BF1037BD4680BD80B5EC
:1026300082B000AF78600B46FB707B6893F89032F5
:10264000012B01D1022312E07B68012283F8902242
:102650007B68FA781A737B681B68FA78114618460B
:1026600006F00CFD7B68002283F8902200231846B8
:102670000837BD4680BD80B584B000AF786008469D
:1026800011461A460346FB700B463B801346BB704F
:102690000023FB7297F90330002B0EDAFB7803F06E
:1026A000070213469B001344DB0010337A6813447F
:1026B000FB60FB6801225A700EE0FB7803F0070212
:1026C00013469B001344DB0003F5A8737A68134498
:1026D000FB60FB6800225A70FB7803F00703DAB254
:1026E000FB681A703A88FB681A61FB68BA78DA707E
:1026F000BB78022B02D1FB6800221A717B6893F829
:102700009032012B01D102230EE07B68012283F875
:1027100090227B681B68F968184604F04DFA7B68C4
:10272000002283F89022FB7A18461037BD4680BD00
:1027300080B584B000AF78600B46FB7097F903302A
:10274000002B0EDAFB7803F0070213469B001344BC
:10275000DB0010337A681344FB60FB6801225A7077
:102760000EE0FB7803F0070213469B001344DB00E6
:1027700003F5A8737A681344FB60FB6800225A7063
:10278000FB7803F00703DAB2FB681A707B6893F8F2
:102790009032012B01D102230EE07B68012283F8E5
:1027A00090227B681B68F968184604F0C9FD7B68B5
:1027B000002283F89022002318461037BD4680BDC2
:1027C00080B586B000AFF8607A603B600B46FB7264
:1027D000FB7A03F0070213469B001344DB0003F56A
:1027E000A873FA6813447B617B697A685A617B69D4
:1027F0003A689A617B690022DA617B6900225A702B
:10280000FB7A03F00703DAB27B691A70FB681B6876
:102810007969184604F081FF002318461837BD4631
:1028200080BD80B483B000AF78600B46FB70FB784E
:1028300003F00702796813469B001344DB000B4446
:1028400003F5B6731B6818460C37BD465DF8047B6C
:10285000704780B586B000AFF8607A603B600B4689
:10286000FB72FB7A03F0070213469B001344DB0064
:102870001033FA6813447B617B697A685A617B691B
:102880003A689A617B69012283F824207B693A685F
:102890001A627B690022DA617B6901225A70FB7A35
:1028A00003F00703DAB27B691A70FB681B68796969
:1028B000184604F032FF002318461837BD4680BD85
:1028C00080B584B000AF78600B46FB70FB7803F0F6
:1028D00007037A681279934201D901233EE097F900
:1028E0000330002B0EDAFB7803F0070213469B003F
:1028F0001344DB0010337A681344FB60FB68012249
:102900005A700CE0FA7813469B001344DB0003F581
:10291000A8737A681344FB60FB6800225A70FB6856
:1029200001229A70FB7803F00703DAB2FB681A7091
:102930007B6893F89032012B01D102230EE07B6873
:10294000012283F890227B681B68F968184606F01C
:1029500096FA7B68002283F89022002318461037ED
:10296000BD4680BD80B584B000AF78600B46FB707B
:10297000FB7803F00F037A681279934201D901239F
:1029800040E097F90330002B0EDAFB7803F00702E2
:1029900013469B001344DB0010337A681344FB603A
:1029A000FB6801225A700EE0FB7803F00702134621
:1029B0009B001344DB0003F5A8737A681344FB60A3
:1029C000FB6800225A70FB6800229A70FB7803F0C3
:1029D0000703DAB2FB681A707B6893F89032012B18
:1029E00001D102230EE07B68012283F890227B68EC
:1029F0001B68F968184606F093FA7B68002283F892
:102A00009022002318461037BD4680BD80B596B091
:102A100000AF7860BBE37B681B68B3F84430A7F86D
:102A20004830B7F84830DBB203F00F0387F84F3077
:102A300097F84F30002B40F07581B7F8483003F01D
:102A40001003002B4ED17B681B681B889BB223F4BC
:102A5000E14323F07003FB817B681A68FB896FEA0E
:102A600043436FEA53439BB213807B6810337B650B
:102A70007B681B68B3F850309BB21A467B6D1B789D
:102A8000DB00134402335B007A681268134403F5D9
:102A900080631B88C3F309027B6DDA617B6D5A6921
:102AA0007B6DDB691A447B6D5A610021786808F000
:102AB000D8F97B681B7BDBB2002B00F068837B6D51
:102AC0009B69002B40F063837B681B7BDBB263F068
:102AD0007F03DAB27B681B68A3F84C207B68002276
:102AE0001A7354E37B6803F5A8737B657B681B68E6
:102AF0001B88A7F84C30B7F84C3003F40063002B68
:102B000034D07B681B68B3F850309BB21A467B6D9B
:102B10001B78DB00134406335B007A6812681344A9
:102B200003F580631B88C3F309027B6DDA617B6860
:102B300018687B6803F526717B6DDA887B6DDB692D
:102B40009BB206F011FB7B681B681B889AB240F6AB
:102B50008F7313403B827B681B683A8A42F0800285
:102B600092B21A80786808F04FF910E3B7F94C3048
:102B7000002B80F20C837B681B681B889AB240F69E
:102B80008F731340FB837B681B68FA8B42F08002D3
:102B900092B21A807B681B68B3F850309BB21A4619
:102BA0007B6D1B78DB00134406335B007A68126888
:102BB000134403F580631B88C3F309027B6DDA615C
:102BC0007B6DDB69002B19D07B6D5B69002B15D009
:102BD0007B6818687B6D59697B6DDA887B6DDB6972
:102BE0009BB206F0C1FA7B6D5A697B6DDB691A44B2
:102BF0007B6D5A610021786808F018F97B681B68C2
:102C00001B88A7F84C30B7F84C3003F40063002B56
:102C100040F0BD82B7F84C3003F44053B3F5405F49
:102C200000F0B5827B681B68BB617B681B68B3F8EA
:102C300050309BB21A46BB691344BB61BB6903F2B7
:102C40000C437B617B691B889BB2C3F309039AB277
:102C50007B691A807B6D1B69002B0AD17B691B88FD
:102C60009BB26FEA43436FEA53439AB27B691A807F
:102C700039E07B6D1B693E2B18D87B6D1B695B08A7
:102C80007B647B6D1B6903F00103002B02D07B6C1E
:102C900001337B647B691B889AB27B6C9BB29B027D
:102CA0009BB213439AB27B691A801CE07B6D1B694F
:102CB0005B097B647B6D1B6903F01F03002B02D152
:102CC0007B6C013B7B647B691B889AB27B6C9BB2FB
:102CD0009B029BB213439BB26FEA43436FEA534399
:102CE0009AB27B691A807B681B681B889BB223F4AD
:102CF000804323F070037B827B8A83F480537B8242
:102D00007B8A83F400537B827B681A687B8A43F05A
:102D10007F4343F47F0343F4004343F080039BB2BB
:102D2000138034E27B681B681A4697F84F309B008B
:102D300013441B88A7F84C30B7F94C30002B80F2B5
:102D4000FC807B681B681A4697F84F309B00134441
:102D50001B889AB240F68F731340A7F84A307B68FD
:102D60001B681A4697F84F309B001344B7F84A2067
:102D700042F0800292B21A8097F84F2013469B00CF
:102D80001344DB0003F5A8737A6813447B657B6DFD
:102D90001B7B002B25D17B681B68B3F850309BB29E
:102DA0001A467B6D1B78DB00134406335B007A68A0
:102DB0001268134403F580631B88C3F30903A7F863
:102DC0005030B7F85030002B00F092807B681868C4
:102DD0007B6D59697B6DDA88B7F8503006F0C4F91D
:102DE00086E07B6DDB78022B0AD1B7F84C301A46AF
:102DF000796D786800F0D9F90346A7F8503077E08C
:102E00007B681B681A467B6D1B789B0013441B88EC
:102E10009BB223F4E04323F07003A7F852307B68A1
:102E20001B681A467B6D1B789B001A44B7F852301A
:102E300043F07F4343F47F0343F4004343F0C00374
:102E40009BB213807B681B681A467B6D1B789B00C6
:102E500013441B889BB203F48043002B24D07B686F
:102E60001B68B3F850309BB21A467B6D1B78DB00B1
:102E7000134402335B007A681268134403F58063DD
:102E80001B88C3F30903A7F85030B7F85030002B64
:102E90002ED07B6818687B6D59697B6D1A89B7F8ED
:102EA000503006F061F923E07B681B68B3F85030BE
:102EB0009BB21A467B6D1B78DB00134406335B0024
:102EC0007A681268134403F580631B88C3F309030F
:102ED000A7F85030B7F85030002B09D07B6818683D
:102EE0007B6D59697B6D5A89B7F8503006F03CF913
:102EF0007B6DDA69B7F850301A447B6DDA617B6D0F
:102F00005A69B7F850301A447B6D5A617B6D9B69E2
:102F1000002B05D0B7F850207B6D1B699A4206D272
:102F20007B6D1B781946786807F080FF05E07B68A9
:102F30001B68796D184604F0F0FBB7F84C3003F0CD
:102F40008003002B00F0238197F84F2013469B004D
:102F50001344DB0010337A6813447B657B681B687D
:102F60001A4697F84F309B0013441B889BB223F4FA
:102F7000E14323F07003A7F842307B681B681A46D0
:102F800097F84F309B001A44B7F842306FEA43433A
:102F90006FEA53439BB213807B6DDB78012B40F0CB
:102FA000A2807B6D00229A617B6D1B7B002B00F061
:102FB0009380B7F84C3003F04003002B46D07B6D74
:102FC0005B78002B26D17B681B687B627B681B6863
:102FD000B3F850309BB21A467B6A13447B627B6D18
:102FE0001B781A017B6A134403F204433B623B6A79
:102FF0001B889BB2C3F309039AB23B6A1A803B6AEF
:103000001B889BB26FEA43436FEA53439AB23B6A11
:103010001A8061E07B6D5B78012B5DD17B681B685A
:10302000FB627B681B68B3F850309BB21A46FB6AA0
:103030001344FB627B6D1B781A01FB6A134403F295
:103040000443BB62BB6A00221A8045E07B681B68B0
:10305000FB637B6D5B78002B26D17B681B687B63F1
:103060007B681B68B3F850309BB21A467B6B1344E5
:103070007B637B6D1B781A017B6B134403F20C435B
:103080003B633B6B1B889BB2C3F309039AB23B6B58
:103090001A803B6B1B889BB26FEA43436FEA534332
:1030A0009AB23B6B1A8017E07B6D5B78012B13D1D2
:1030B0007B681B68B3F850309BB21A46FB6B134415
:1030C000FB637B6D1B781A01FB6B134403F20C430B
:1030D000BB63BB6B00221A807B6D1B781946786836
:1030E00007F0BFFE53E0B7F84C3003F48073002BB9
:1030F00046D17B681B68B3F850309BB21A467B6D93
:103100001B78DB00134402335B007A6812681344B7
:1031100003F580631B88C3F30903A7F840307B6D78
:103120009A69B7F840309A4207D97B6D9A69B7F827
:103130004030D21A7B6D9A6102E07B6D00229A6169
:103140007B6D9B69002B06D17B6D1B7819467868D7
:1031500007F087FE1BE07B6D5A69B7F840301A44D0
:103160007B6D5A617B6DDA69B7F840301A447B6D2C
:10317000DA617B681B68796D184604F0CEFA06E0C8
:10318000B7F84C301A46796D786800F01BF97B6807
:103190001B68B3F844309BB21BB2002BFFF63BAC6C
:1031A000002318465837BD4680BD80B588B000AFB3
:1031B000F860B9601346FB80FB8803F48043002B62
:1031C0007ED0FB681B68B3F850309BB21A46BB68D0
:1031D0001B78DB00134402335B00FA681268134467
:1031E00003F580631B88C3F309037B83BB689A697B
:1031F0007B8B9A4206D3BB689A697B8BD21ABB68D9
:103200009A6102E0BB6800229A61BB689B69002B4F
:1032100023D1FB681B681A46BB681B789B001344CC
:103220001B889BB223F4804323F070033B833B8BCA
:1032300083F400533B83FB681B681A46BB681B780A
:103240009B001A443B8B43F07F4343F47F0343F4DA
:10325000004343F080039BB21380FB8803F04003DC
:10326000002B1FD0FB681B681A46BB681B789B00AD
:1032700013441B889BB223F4E04323F07003FB82CA
:10328000FB681B681A46BB681B789B001A44FB8AC4
:1032900043F07F4343F47F0343F4004343F0C00310
:1032A0009BB213807B8B002B00F08780FB68186833
:1032B000BB685969BB681A897B8B05F055FF7CE0B8
:1032C000FB681B68B3F850309BB21A46BB681B788A
:1032D000DB00134406335B00FA681268134403F5FD
:1032E00080631B88C3F309037B83BB689A697B8B6C
:1032F0009A4206D3BB689A697B8BD21ABB689A61E3
:1033000002E0BB6800229A61BB689B69002B23D155
:10331000FB681B681A46BB681B789B0013441B881C
:103320009BB223F4804323F07003FB83FB8B83F475
:103330000053FB83FB681B681A46BB681B789B0025
:103340001A44FB8B43F07F4343F47F0343F4004371
:1033500043F080039BB21380FB8803F04003002BF3
:103360001FD1FB681B681A46BB681B789B0013447F
:103370001B889BB223F4E04323F07003BB83FB68FC
:103380001B681A46BB681B789B001A44BB8B43F032
:103390007F4343F47F0343F4004343F0C0039BB2F5
:1033A00013807B8B002B08D0FB681868BB685969B9
:1033B000BB685A897B8B05F0D7FE7B8B184620377C
:1033C000BD4680BD80B5A4B000AFF860B9601346BB
:1033D000FB80FB8803F04003002B00F0DD81FB68DD
:1033E0001B68B3F850309BB21A46BB681B78DB00F1
:1033F000134402335B00FA681268134403F58063D8
:103400001B88C3F30903A7F88830BB689A69B7F82B
:1034100088309A4207D9BB689A69B7F88830D21ABF
:10342000BB689A6102E0BB6800229A61BB689B6935
:10343000002B40F0B980BB685B78002B26D1FB687D
:103440001B68FB62FB681B68B3F850309BB21A46DE
:10345000FB6A1344FB62BB681B781A01FB6A1344C6
:1034600003F20443BB62BB6A1B889BB2C3F309032C
:103470009AB2BB6A1A80BB6A1B889BB26FEA43434D
:103480006FEA53439AB2BB6A1A801AE0BB685B7852
:10349000012B16D1FB681B687B63FB681B68B3F8C4
:1034A00050309BB21A467B6B13447B63BB681B781E
:1034B0001A017B6B134403F204433B633B6B002212
:1034C0001A80FB681B687B62BB685B78002B26D187
:1034D000FB681B68FB61FB681B68B3F850309BB24C
:1034E0001A46FB691344FB61BB681B781A01FB6930
:1034F000134403F20C43BB61BB691B889BB2C3F34B
:1035000009039AB2BB691A80BB691B889BB26FEA38
:1035100043436FEA53439AB2BB691A8017E0BB6812
:103520005B78012B13D1FB681B68B3F850309BB25A
:103530001A467B6A13447B62BB681B781A017B6A5C
:10354000134403F20C433B623B6A00221A80BB68BF
:103550001B781946F86807F084FCFB8803F4804365
:10356000002B00F0FC82FB681B681A46BB681B78C6
:103570009B0013441B889BB223F4E04323F07003A9
:10358000FB82FB681B681A46BB681B789B001A44C9
:10359000FB8A43F07F4343F47F0343F4404343F00B
:1035A00080039BB21380DAE2FB8803F48043002B94
:1035B00021D0FB681B681A46BB681B789B0013442C
:1035C0001B889BB223F4E04323F07003A7F88A30F2
:1035D000FB681B681A46BB681B789B001A44B7F847
:1035E0008A3043F07F4343F47F0343F4404343F086
:1035F00080039BB21380BB6893F82430012B40F00A
:10360000AE82BB685A69B7F888301A44BB685A6101
:10361000BB68DA69B7F888301A44BB68DA61BB68FE
:103620001A6ABB681B699A420BD3BB681B69C7F84F
:103630008C30BB681A6AD7F88C30D21ABB681A6211
:1036400017E0BB681B6A002B08D1B7F88830C7F8B1
:103650008C30BB68002283F824200AE0BB6800227B
:1036600083F82420BB681B6AC7F88C30BB68002233
:103670001A62BB685B78002B65D1FB681B68FB6333
:10368000FB681B68B3F850309BB21A46FB6B1344BF
:10369000FB63BB681B781A01FB6B134403F2044302
:1036A000BB63BB6B1B889BB2C3F309039AB2BB6BB2
:1036B0001A80D7F88C30002B0AD1BB6B1B889BB2C9
:1036C0006FEA43436FEA53439AB2BB6B1A8057E0E9
:1036D000D7F88C303E2B18D8D7F88C305B08BB64F9
:1036E000D7F88C3003F00103002B02D0BB6C013300
:1036F000BB64BB6B1B889AB2BB6C9BB29B029BB238
:1037000013439AB2BB6B1A803AE0D7F88C305B094E
:10371000BB64D7F88C3003F01F03002B02D1BB6CC5
:10372000013BBB64BB6B1B889AB2BB6C9BB29B0218
:103730009BB213439BB26FEA43436FEA53439AB27F
:10374000BB6B1A801CE0BB685B78012B18D1FB684F
:103750001B687B64FB681B68B3F850309BB21A4649
:103760007B6C13447B64BB681B781A017B6C13442D
:1037700003F204433B64D7F88C309AB23B6C1A8056
:10378000FB681868BB685969BB681A89D7F88C3020
:103790009BB205F0A2FCE2E1FB681B68B3F8503075
:1037A0009BB21A46BB681B78DB00134406335B00F0
:1037B000FA681268134403F580631B88C3F3090396
:1037C000A7F88830BB689A69B7F888309A4207D35F
:1037D000BB689A69B7F88830D21ABB689A6102E070
:1037E000BB6800229A61BB689B69002B40F0C080D7
:1037F000BB685B78002B26D1FB681B68FB67FB6806
:103800001B68B3F850309BB21A46FB6F1344FB673A
:10381000BB681B781A01FB6F134403F20443BB67B8
:10382000BB6F1B889BB2C3F309039AB2BB6F1A80AC
:10383000BB6F1B889BB26FEA43436FEA53439AB254
:10384000BB6F1A801AE0BB685B78012B16D1FB684E
:103850001B687B66FB681B68B3F850309BB21A4646
:103860007B6E13447B66BB681B781A017B6E134426
:1038700003F204433B663B6E00221A80FB681B6820
:103880007B67BB685B78002B2BD1FB681B68FB66F2
:10389000FB681B68B3F850309BB21A46FB6E1344AA
:1038A000FB66BB681B781A01FB6E134403F20C43E2
:1038B000C7F88430D7F884301B889BB2C3F3090360
:1038C0009AB2D7F884301A80D7F884301B889BB21C
:1038D0006FEA43436FEA53439AB2D7F884301A80B1
:1038E00017E0BB685B78012B13D1FB681B68B3F84A
:1038F00050309BB21A467B6F13447B67BB681B78C2
:103900001A017B6F134403F20C433B673B6F0022A9
:103910001A80BB681B781946F86807F0A2FAFB8882
:1039200003F48043002B40F01A81FB681B681A46A1
:10393000BB681B789B0013441B889BB223F4E043B5
:1039400023F07003A7F88230FB681B681A46BB6837
:103950001B789B001A44B7F8823043F07F4343F44E
:103960007F0343F4404343F080039BB21380F6E0AF
:10397000FB8803F48043002B21D1FB681B681A46A7
:10398000BB681B789B0013441B889BB223F4E04365
:1039900023F07003A7F84E30FB681B681A46BB681B
:1039A0001B789B001A44B7F84E3043F07F4343F432
:1039B0007F0343F4404343F080039BB21380BB6812
:1039C00093F82430012B40F0CA80BB685A69B7F8DD
:1039D00088301A44BB685A61BB68DA69B7F8883026
:1039E0001A44BB68DA61BB681A6ABB681B699A42F1
:1039F0000BD3BB681B69C7F88C30BB681A6AD7F851
:103A00008C30D21ABB681A6217E0BB681B6A002BA5
:103A100008D1B7F88830C7F88C30BB68002283F82B
:103A200024200AE0BB681B6AC7F88C30BB68002200
:103A30001A62BB68002283F82420FB681B687B6540
:103A4000BB685B78002B65D1FB681B68FB65FB6876
:103A50001B68B3F850309BB21A46FB6D1344FB65EC
:103A6000BB681B781A01FB6D134403F20C43BB6562
:103A7000BB6D1B889BB2C3F309039AB2BB6D1A805E
:103A8000D7F88C30002B0AD1BB6D1B889BB26FEA34
:103A900043436FEA53439AB2BB6D1A8054E0D7F8A0
:103AA0008C303E2B18D8D7F88C305B08BB66D7F823
:103AB0008C3003F00103002B02D0BB6E0133BB66D8
:103AC000BB6D1B889AB2BB6E9BB29B029BB2134329
:103AD0009AB2BB6D1A8037E0D7F88C305B09BB66B1
:103AE000D7F88C3003F01F03002B02D1BB6E013BD3
:103AF000BB66BB6D1B889AB2BB6E9BB29B029BB22E
:103B000013439BB26FEA43436FEA53439AB2BB6DD0
:103B10001A8019E0BB685B78012B15D1FB681B6824
:103B2000B3F850309BB21A467B6D13447B65BB687B
:103B30001B781A017B6D134403F20C433B65D7F8E5
:103B40008C309AB23B6D1A80FB681868BB68596963
:103B5000BB685A89D7F88C309BB205F0BEFAFB6877
:103B60001B681A46BB681B789B0013441B889BB2DA
:103B700023F4E04323F04003BB82BB8A83F01003AD
:103B8000BB82BB8A83F02003BB82FB681B681A469A
:103B9000BB681B789B001A44BB8A43F07F4343F405
:103BA0007F0343F4004343F080039BB21380002360
:103BB00018469037BD4680BD80B487B000AFF8602E
:103BC0007B600B467B8113463B817B8903F080033E
:103BD0009BB2002B0BD07B8903F0070213469B009E
:103BE0001344DB001033FA6813447B6109E07A89DF
:103BF00013469B001344DB0003F5A873FA681344D3
:103C00007B613B89002B07D17B6900221A737B689B
:103C10009AB27B69DA800BE07B6901221A737B68B8
:103C20009AB27B691A817B681B0C9AB27B695A81B4
:103C3000002318461C37BD465DF8047B7047000022
:103C400080B5ADF5007D00AF07F50073A3F5FE73F9
:103C5000186007F50073A3F5FE731B68002B02D1F3
:103C6000012300F0F4BF07F50073A3F5FE731B6892
:103C70001B6803F00103002B00F06D81B44B5B68FF
:103C800003F00C03042B0CD0B14B5B6803F00C0366
:103C9000082B57D1AE4B5B6803F48033B3F5803FFC
:103CA00050D14FF40033C7F8F031D7F8F03193FA20
:103CB000A3F3C7F8EC31D7F8EC31B3FA83F3DBB2F6
:103CC0003F2B02D8A24B1B6815E04FF40033C7F816
:103CD000E831D7F8E83193FAA3F3C7F8E4314FF4A9
:103CE0000033C7F8E031D7F8E03193FAA3F3C7F80F
:103CF000DC31974B5B6A4FF40032C7F8D821D7F814
:103D0000D82192FAA2F2C7F8D421D7F8D421B2FA76
:103D100082F2D2B242F02002D2B202F01F0201219E
:103D200001FA02F21340002B00F0148107F5007332
:103D3000A3F5FE731B685B68002B40F00B81012329
:103D400000F085BF07F50073A3F5FE731B685B6881
:103D5000B3F5803F06D17E4B1B687D4A43F4803328
:103D6000136036E007F50073A3F5FE731B685B680C
:103D7000002B0CD1764B1B68754A23F480331360FB
:103D8000734B1B68724A23F48023136021E007F50C
:103D90000073A3F5FE731B685B68B3F5A02F0CD10D
:103DA0006B4B1B686A4A43F480231360684B1B68A3
:103DB000674A43F4803313600BE0654B1B68644A29
:103DC00023F480331360624B1B68614A23F4802321
:103DD00013605F4BDB6A23F00F0207F50073A3F556
:103DE000FE731B689B685A491343CB6207F5007347
:103DF000A3F5FE731B685B68002B54D0FDF742FEF1
:103E0000C7F8F8010AE0FDF73DFE0246D7F8F831A1
:103E1000D31A642B02D9032300F019BF4FF40033E7
:103E2000C7F8D031D7F8D03193FAA3F3C7F8CC3123
:103E3000D7F8CC31B3FA83F3DBB23F2B02D8444B33
:103E40001B6815E04FF40033C7F8C831D7F8C83104
:103E500093FAA3F3C7F8C4314FF40033C7F8C03165
:103E6000D7F8C03193FAA3F3C7F8BC31384B5B6A7B
:103E70004FF40032C7F8B821D7F8B82192FAA2F26D
:103E8000C7F8B421D7F8B421B2FA82F2D2B242F024
:103E90002002D2B202F01F02012101FA02F2134005
:103EA000002BB0D057E0FDF7EDFDC7F8F8010AE0B0
:103EB000FDF7E8FD0246D7F8F831D31A642B02D992
:103EC000032300F0C4BE4FF40033C7F8B031D7F875
:103ED000B03193FAA3F3C7F8AC31D7F8AC31B3FAE9
:103EE00083F3DBB23F2B02D8194B1B6815E04FF46C
:103EF0000033C7F8A831D7F8A83193FAA3F3C7F86D
:103F0000A4314FF40033C7F8A031D7F8A03193FAA9
:103F1000A3F3C7F89C310E4B5B6A4FF40032C7F82D
:103F20009821D7F8982192FAA2F2C7F89421D7F8ED
:103F30009421B2FA82F2D2B242F02002D2B202F05E
:103F40001F02012101FA02F21340002BB0D102E05E
:103F50000010024000BF07F50073A3F5FE731B6855
:103F60001B6803F00203002B00F06C81CC4B5B68F4
:103F700003F00C03002B0BD0C94B5B6803F00C0360
:103F8000082B6DD1C64B5B6803F48033002B67D1DF
:103F90000223C7F89031D7F8903193FAA3F3C7F80A
:103FA0008C31D7F88C31B3FA83F3DBB23F2B02D8D4
:103FB000BB4B1B6813E00223C7F88831D7F8883160
:103FC00093FAA3F3C7F884310223C7F88031D7F8F6
:103FD000803193FAA3F3C7F87C31B14B5B6A0222BC
:103FE000C7F87821D7F8782192FAA2F2C7F874219D
:103FF000D7F87421B2FA82F2D2B242F02002D2B2E1
:1040000002F01F02012101FA02F21340002B0AD034
:1040100007F50073A3F5FE731B681B69012B02D023
:10402000012300F014BE9E4B1B6823F0F80207F535
:104030000073A3F5FE731B685B69F821C7F8701164
:10404000D7F8701191FAA1F1C7F86C11D7F86C117B
:10405000B1FA81F1C9B28B40914913430B60F1E091
:1040600007F50073A3F5FE731B681B69002B00F0B6
:1040700083800123C7F86831D7F8683193FAA3F336
:10408000C7F86431D7F86431B3FA83F3DBB203F1D4
:10409000845303F584139B001A4601231360FDF734
:1040A000F1FCC7F8F8010AE0FDF7ECFC0246D7F88E
:1040B000F831D31A022B02D9032300F0C8BD022322
:1040C000C7F86031D7F8603193FAA3F3C7F85C31D1
:1040D000D7F85C31B3FA83F3DBB23F2B02D8704BD5
:1040E0001B6813E00223C7F85831D7F8583193FA08
:1040F000A3F3C7F854310223C7F85031D7F8503131
:1041000093FAA3F3C7F84C31654B5B6A0222C7F8F8
:104110004821D7F8482192FAA2F2C7F84421D7F8EB
:104120004421B2FA82F2D2B242F02002D2B202F0BC
:104130001F02012101FA02F21340002BB4D0584BA8
:104140001B6823F0F80207F50073A3F5FE731B68E4
:104150005B69F821C7F84011D7F8401191FAA1F135
:10416000C7F83C11D7F83C11B1FA81F1C9B28B40C4
:104170004B4913430B6065E00123C7F83831D7F88A
:10418000383193FAA3F3C7F83431D7F83431B3FA9E
:1041900083F3DBB203F1845303F584139B001A46C7
:1041A00000231360FDF76EFCC7F8F8010AE0FDF785
:1041B00069FC0246D7F8F831D31A022B02D903233F
:1041C00000F045BD0223C7F83031D7F8303193FAFB
:1041D000A3F3C7F82C31D7F82C31B3FA83F3DBB251
:1041E0003F2B02D82E4B1B6813E00223C7F828315F
:1041F000D7F8283193FAA3F3C7F824310223C7F87C
:104200002031D7F8203193FAA3F3C7F81C31244B9F
:104210005B6A0222C7F81821D7F8182192FAA2F295
:10422000C7F81421D7F81421B2FA82F2D2B242F0C0
:104230002002D2B202F01F02012101FA02F2134061
:10424000002BB4D107F50073A3F5FE731B681B6840
:1042500003F00803002B00F0158107F50073A3F5A8
:10426000FE731B689B69002B7ED00123C7F81031B9
:10427000D7F8103193FAA3F3C7F80C31D7F80C3103
:10428000B3FA83F3DBB21A46064B13449B001A467B
:1042900001231360FDF7F6FBC7F8F8010FE000BF3C
:1042A0000010024020819010FDF7ECFB0246D7F889
:1042B000F831D31A022B02D9032300F0C8BC022321
:1042C000C7F80831D7F8083193FAA3F3C7F80431D7
:1042D00007F50073A3F5807302221A6007F50073D7
:1042E000A3F580731B6893FAA3F207F50073A3F597
:1042F00082731A6007F50073A3F5847302221A60B3
:1043000007F50073A3F584731B6893FAA3F207F50E
:104310000073A3F586731A60B04B5A6A07F50073F1
:10432000A3F588730221196007F50073A3F588735C
:104330001B6893FAA3F107F50073A3F58A7319605C
:1043400007F50073A3F58A731B68B3FA83F3DBB236
:1043500043F06003DBB203F01F03012101FA03F312
:104360001340002BA0D08DE007F50073A3F58C73EC
:1043700001221A6007F50073A3F58C731B6893FA8A
:10438000A3F207F50073A3F58E731A6007F50073A7
:10439000A3F58E731B68B3FA83F3DBB21A46904B16
:1043A00013449B001A4600231360FDF76BFBC7F80C
:1043B000F8010AE0FDF766FB0246D7F8F831D31A98
:1043C000022B02D9032300F042BC07F50073A3F5CA
:1043D000907302221A6007F50073A3F590731B68AF
:1043E00093FAA3F207F50073A3F592731A6007F529
:1043F0000073A3F5947302221A6007F50073A3F506
:1044000094731B6893FAA3F207F50073A3F59673F0
:104410001A6007F50073A3F5987302221A6007F576
:104420000073A3F598731B6893FAA3F207F5007362
:10443000A3F59A731A60694B5A6A07F50073A3F5DE
:104440009C730221196007F50073A3F59C731B6828
:1044500093FAA3F107F50073A3F59E73196007F5AE
:104460000073A3F59E731B68B3FA83F3DBB243F0CA
:104470006003DBB203F01F03012101FA03F31340D1
:10448000002B97D107F50073A3F5FE731B681B681B
:1044900003F00403002B00F09E81002387F8FF3116
:1044A0004E4BDB6903F08053002B16D14B4BDB697D
:1044B0004A4A43F08053D361484BDB6903F0805292
:1044C00007F50073A3F5FC731A6007F50073A3F5F5
:1044D000FC731B68012387F8FF31424B1B6803F410
:1044E0008073002B1AD13F4B1B683E4A43F4807304
:1044F0001360FDF7C7FAC7F8F80109E0FDF7C2FA43
:104500000246D7F8F831D31A642B01D903239EE36E
:10451000344B1B6803F48073002BEFD007F5007356
:10452000A3F5FE731B68DB68012B06D12B4B1B6ABE
:104530002A4A43F00103136235E007F50073A3F53F
:10454000FE731B68DB68002B0CD1244B1B6A234ACB
:1045500023F001031362214B1B6A204A23F004035A
:10456000136220E007F50073A3F5FE731B68DB6898
:10457000052B0CD1194B1B6A184A43F00403136234
:10458000164B1B6A154A43F0010313620BE0134BF1
:104590001B6A124A23F001031362104B1B6A0F4A75
:1045A00023F00403136207F50073A3F5FE731B6881
:1045B000DB68002B00F08780FDF764FAC7F8F8018C
:1045C00012E0FDF75FFA0246D7F8F831D31A41F24C
:1045D0008832934208D9032339E300BF0010024018
:1045E000208190100070004007F50073A3F5A073C0
:1045F00002221A6007F50073A3F5A0731B6893FAF3
:10460000A3F207F50073A3F5A2731A6007F5007310
:10461000A3F5A47302221A6007F50073A3F5A4732F
:104620001B6893FAA3F207F50073A3F5A6731A604B
:1046300007F50073A3F5A6731B68B3FA83F3DBB227
:1046400023F05F03DBB2002B02D1984B1B6A13E00F
:1046500007F50073A3F5A87302221A6007F500732B
:10466000A3F5A8731B6893FAA3F207F50073A3F5EB
:10467000AA731A608D4B5B6A07F50072A2F5AC72E3
:104680000221116007F50072A2F5AC72126892FA6D
:10469000A2F107F50072A2F5AE72116007F5007283
:1046A000A2F5AE721268B2FA82F2D2B242F04002C1
:1046B000D2B202F01F02012101FA02F21340002BD4
:1046C0003FF47FAF7DE0FDF7DDF9C7F8F8010BE0BF
:1046D000FDF7D8F90246D7F8F831D31A41F28832FB
:1046E000934201D90323B2E207F50073A3F5B07337
:1046F00002221A6007F50073A3F5B0731B6893FAE2
:10470000A3F207F50073A3F5B2731A6007F50073FF
:10471000A3F5B47302221A6007F50073A3F5B4730E
:104720001B6893FAA3F207F50073A3F5B6731A603A
:1047300007F50073A3F5B6731B68B3FA83F3DBB216
:1047400023F05F03DBB2002B02D1584B1B6A13E04E
:1047500007F50073A3F5B87302221A6007F500731A
:10476000A3F5B8731B6893FAA3F207F50073A3F5DA
:10477000BA731A604D4B5B6A07F50072A2F5BC7202
:104780000221116007F50072A2F5BC72126892FA5C
:10479000A2F107F50072A2F5BE72116007F5007272
:1047A000A2F5BE721268B2FA82F2D2B242F04002B0
:1047B000D2B202F01F02012101FA02F21340002BD3
:1047C00086D197F8FF31012B05D1384BDB69374A89
:1047D00023F08053D36107F50073A3F5FE731B68C4
:1047E000DB69002B00F03282304B5B6803F00C0376
:1047F000082B00F0018207F50073A3F5FE731B6818
:10480000DB69022B40F0578107F50073A3F5C073F5
:104810004FF080721A6007F50073A3F5C0731B6830
:1048200093FAA3F207F50073A3F5C2731A6007F5B4
:104830000073A3F5C2731B68B3FA83F3DBB203F111
:10484000845303F584139B001A4600231360FDF77D
:1048500019F9C7F8F80109E0FDF714F90246D7F88D
:10486000F831D31A022B01D90323F0E107F50073C5
:10487000A3F5C4734FF000721A6007F50073A3F537
:10488000C4731B6893FAA3F207F50073A3F5C6730C
:104890001A6007F50073A3F5C6731B68B3FA83F3B8
:1048A000DBB23F2B04D8014B1B6829E0001002400B
:1048B00007F50073A3F5C8734FF000721A6007F58F
:1048C0000073A3F5C8731B6893FAA3F207F500738E
:1048D000A3F5CA731A6007F50073A3F5CC734FF004
:1048E00000721A6007F50073A3F5CC731B6893FA86
:1048F000A3F207F50073A3F5CE731A60C34B5B6A8E
:1049000007F50072A2F5D0724FF00071116007F543
:104910000072A2F5D072126892FAA2F107F5007245
:10492000A2F5D272116007F50072A2F5D272126878
:10493000B2FA82F2D2B242F02002D2B202F01F02E8
:10494000012101FA02F21340002B85D1AF4B5B68C5
:1049500023F4741207F50073A3F5FE731B68596AFC
:1049600007F50073A3F5FE731B681B6A0B43A74989
:1049700013434B6007F50073A3F5D4734FF08072B7
:104980001A6007F50073A3F5D4731B6893FAA3F2BA
:1049900007F50073A3F5D6731A6007F50073A3F546
:1049A000D6731B68B3FA83F3DBB203F1845303F5C8
:1049B00084139B001A4601231360FDF763F8C7F8C0
:1049C000F80109E0FDF75EF80246D7F8F831D31A8E
:1049D000022B01D903233AE107F50073A3F5D8733D
:1049E0004FF000721A6007F50073A3F5D8731B68C7
:1049F00093FAA3F207F50073A3F5DA731A6007F5CB
:104A00000073A3F5DA731B68B3FA83F3DBB23F2BB1
:104A100002D87E4B1B6827E007F50073A3F5DC7313
:104A20004FF000721A6007F50073A3F5DC731B6882
:104A300093FAA3F207F50073A3F5DE731A6007F586
:104A40000073A3F5E0734FF000721A6007F500736E
:104A5000A3F5E0731B6893FAA3F207F50073A3F5BF
:104A6000E2731A60694B5B6A07F50072A2F5E472A3
:104A70004FF00071116007F50072A2F5E472126840
:104A800092FAA2F107F50072A2F5E672116007F53D
:104A90000072A2F5E6721268B2FA82F2D2B242F065
:104AA0002002D2B202F01F02012101FA02F21340E9
:104AB000002B87D0CAE007F50073A3F5E8734FF029
:104AC00080721A6007F50073A3F5E8731B6893FA08
:104AD000A3F207F50073A3F5EA731A6007F50073F4
:104AE000A3F5EA731B68B3FA83F3DBB203F18453D3
:104AF00003F584139B001A4600231360FCF7C2FFE2
:104B0000C7F8F80109E0FCF7BDFF0246D7F8F83115
:104B1000D31A022B01D9032399E007F50073A3F5FB
:104B2000EC734FF000721A6007F50073A3F5EC7395
:104B30001B6893FAA3F207F50073A3F5EE731A60EE
:104B400007F50073A3F5EE731B68B3FA83F3DBB2CA
:104B50003F2B02D82D4B1B6827E007F50073A3F508
:104B6000F0734FF000721A6007F50073A3F5F0734D
:104B70001B6893FAA3F207F50073A3F5F2731A60AA
:104B800007F50073A3F5F4734FF000721A6007F590
:104B90000073A3F5F4731B6893FAA3F207F500738F
:104BA000A3F5F6731A60194B5B6A07F50072A2F55C
:104BB000F8724FF00071116007F50072A2F5F872FB
:104BC000126892FAA2F107F50072A2F5FA7211606A
:104BD00007F50072A2F5FA721268B2FA82F2D2B246
:104BE00042F02002D2B202F01F02012101FA02F2C9
:104BF0001340002B87D129E007F50073A3F5FE735E
:104C00001B68DB69012B03D1012320E00010024067
:104C1000114B5B68C7F8F431D7F8F43103F48032F4
:104C200007F50073A3F5FE731B681B6A9A420BD14C
:104C3000D7F8F43103F4701207F50073A3F5FE738F
:104C40001B685B6A9A4201D0012300E000231846EA
:104C500007F50077BD4680BD0010024080B59EB0CC
:104C600000AF7860396000237B677B68002B01D13F
:104C7000012354E1894B1B6803F007033A689A4209
:104C800010D9864B1B6823F0070284493B68134305
:104C90000B60824B1B6803F007033A689A4201D00D
:104CA00001233CE17B681B6803F00203002B08D062
:104CB0007B4B5B6823F0F0027B689B687849134369
:104CC0004B607B681B6803F00103002B00F0CD8074
:104CD0007B685B68012B37D14FF40033FB66FB6EBA
:104CE00093FAA3F33B673B6FB3FA83F3DBB23F2B3B
:104CF00002D86B4B1B680FE04FF40033BB66BB6EF2
:104D000093FAA3F37B664FF400333B663B6E93FA52
:104D1000A3F3FB65624B5B6A4FF40032BA65BA6D70
:104D200092FAA2F27A657A6DB2FA82F2D2B242F0C7
:104D30002002D2B202F01F02012101FA02F2134056
:104D4000002B71D10123EAE07B685B68022B37D12D
:104D50004FF000733B653B6D93FAA3F3FB64FB6C70
:104D6000B3FA83F3DBB23F2B02D84D4B1B680FE045
:104D70004FF00073BB64BB6C93FAA3F37B644FF0FA
:104D800000733B643B6C93FAA3F3FB63444B5B6A95
:104D90004FF00072BA63BA6B92FAA2F27A637A6B3E
:104DA000B2FA82F2D2B242F02002D2B202F01F0274
:104DB000012101FA02F21340002B35D10123AEE0AC
:104DC00002233B633B6B93FAA3F3FB62FB6AB3FAE8
:104DD00083F3DBB23F2B02D8314B1B680DE002237B
:104DE000BB62BB6A93FAA3F37B6202233B623B6A1A
:104DF00093FAA3F3FB612A4B5B6A0222BA61BA6998
:104E000092FAA2F27A617A69B2FA82F2D2B242F0EE
:104E10002002D2B202F01F02012101FA02F2134075
:104E2000002B01D101237AE01D4B5B6823F00302C4
:104E30007B685B681A4913434B60FCF723FE786775
:104E40000AE0FCF71FFE02467B6FD31A41F288325C
:104E5000934201D9032362E0114B5B6803F00C021B
:104E60007B685B689B009A42EBD10C4B1B6803F09C
:104E700007033A689A4215D2084B1B6823F00702D1
:104E800006493B6813430B60044B1B6803F00703A0
:104E90003A689A4206D0012341E000BF0020024058
:104EA000001002407B681B6803F00403002B08D04D
:104EB0001D4B5B6823F4E0627B68DB681A4913438F
:104EC0004B607B681B6803F00803002B09D0164B6E
:104ED0005B6823F460527B681B69DB001249134353
:104EE0004B6000F029F801460F4B5B6803F0F003BC
:104EF000F0223A613A6992FAA2F2FA60FA68B2FADA
:104F000082F2D2B2D340094AD35C21FA03F3084AB1
:104F10001360084B1B681846FCF770FD0023184609
:104F20007837BD4680BD00BF0010024074E0000825
:104F3000000000200400002080B487B000AF0023F0
:104F4000FB600023BB6000237B6100237B600023A8
:104F50003B611E4B5B68FB60FB6803F00C03042B9A
:104F600002D0082B03D026E0194B3B6126E0FB68FA
:104F70009B0C03F00F03174AD35C7B60134BDB6A77
:104F800003F00F03144AD35CBB60FB6803F4803367
:104F9000002B08D00E4ABB68B2FBF3F27B6802FB21
:104FA00003F37B6104E07B680C4A02FB03F37B6143
:104FB0007B693B6102E0064B3B6100BF3B691846E1
:104FC0001C37BD465DF8047B704700BF00100240EF
:104FD00000127A0084E0000894E0000800093D0017
:104FE00080B592B000AF786000233B640023FB6380
:104FF000002387F847307B681B6803F48033002B5D
:1050000000F0D2804D4BDB6903F08053002B0ED1B2
:105010004A4BDB69494A43F08053D361474BDB6914
:1050200003F08053BB60BB68012387F84730444BD3
:105030001B6803F48073002B18D1414B1B68404A56
:1050400043F480731360FCF71DFD386408E0FCF73F
:1050500019FD02463B6CD31A642B01D9032367E187
:10506000374B1B6803F48073002BF0D0334B1B6A63
:1050700003F44073FB63FB6B002B00F082807B68C2
:105080005B6803F44073FA6B9A427AD02B4B1B6A2D
:1050900023F44073FB634FF480333B633B6B93FA21
:1050A000A3F3FB62FB6AB3FA83F3DBB21A46254B28
:1050B00013449B001A46012313604FF48033BB63F3
:1050C000BB6B93FAA3F37B637B6BB3FA83F3DBB223
:1050D0001A461C4B13449B001A4600231360174AC0
:1050E000FB6B1362FB6B03F00103002B49D0FCF751
:1050F000C9FC38640AE0FCF7C5FC02463B6CD31AD5
:1051000041F28832934201D9032311E10223BB62A9
:10511000BB6A93FAA3F37B6202233B623B6A93FA76
:10512000A3F3FB61FB69B3FA83F3DBB223F05F0304
:10513000DBB2002B08D1014B1B6A0DE000100240CE
:1051400000700040008190100223BB61BB6993FA9C
:10515000A3F37B61784B5B6A02223A613A6992FA67
:10516000A2F2FA60FA68B2FA82F2D2B242F04002D7
:10517000D2B202F01F02012101FA02F21340002B09
:10518000B9D06D4B1B6A23F440727B685B686A4937
:1051900013430B6297F84730012B05D1664BDB694F
:1051A000654A23F08053D3617B681B6803F00103D9
:1051B000002B08D0604B1B6B23F003027B689B68BD
:1051C0005D4913430B637B681B6803F00203002BEC
:1051D00008D0594B1B6B23F440327B68DB6856497F
:1051E00013430B637B681B6803F00403002B08D098
:1051F000514B1B6B23F440227B681B694E491343C0
:105200000B637B681B6803F02003002B08D04A4B1C
:105210001B6B23F010027B68DB69474913430B6368
:105220007B681B6803F40033002B08D0424B5B689B
:1052300023F480027B689B6B3F4913434B607B6880
:105240001B6803F04003002B08D03B4B1B6B23F083
:1052500020027B681B6A384913430B637B681B6819
:1052600003F00803002B08D0334B1B6B23F44012D0
:105270007B685B69304913430B637B681B6803F0F1
:105280001003002B08D02C4B1B6B23F440027B68CF
:105290009B69294913430B637B681B6803F4007304
:1052A000002B08D0244B5B6823F400027B68DB6A88
:1052B000214913434B607B681B6803F08003002B7C
:1052C00008D01D4BDB6A23F4F8727B685B6A1A49CD
:1052D0001343CB627B681B6803F48073002B08D0F8
:1052E000154BDB6A23F478527B689B6A124913439F
:1052F000CB627B681B6803F48053002B08D00E4BF5
:105300001B6B23F480727B681B6B0B4913430B638D
:105310007B681B6803F40053002B08D0064B1B6B03
:1053200023F400727B685B6B034913430B63002318
:1053300018464837BD4680BD0010024080B584B095
:1053400000AF78607B68002B01D101239DE07B6872
:105350005B6A002B08D17B685B68B3F5827F09D05C
:105360007B680022DA6105E07B6800221A617B68B5
:1053700000225A617B6800229A627B6893F85D3054
:10538000DBB2002B06D17B68002283F85C207868B2
:10539000FCF76EF97B68022283F85D207B681B684E
:1053A0001A687B681B6822F040021A607B68DB6821
:1053B000B3F5E06F02D90023FB6002E04FF48053A5
:1053C000FB607B68DB68B3F5706F07D07B68DB68D8
:1053D000B3F5E06F02D07B6800229A627B685B685D
:1053E00003F482727B689B6803F404431A437B686E
:1053F0001B6903F002031A437B685B6903F0010336
:105400001A437B689B6903F400731A437B68DB696A
:1054100003F038031A437B681B6A03F0800342EAF7
:1054200003017B689B6A03F400527B681B680A4394
:105430001A607B689B691B0C03F004027B685B6A43
:1054400003F010031A437B685B6B03F008031A43F5
:105450007B68DB6803F4706342EA0301FB6803F4D2
:1054600080527B681B680A435A607B681B68DA6954
:105470007B681B6822F40062DA617B6800221A668E
:105480007B68012283F85D20002318461037BD4653
:1054900080BD80B588B000AFF860B9603B6013464E
:1054A000FB800023FB77FB6893F85C30012B01D174
:1054B00002235FE1FB68012283F85C20FCF7E2FA3B
:1054C000B861FB88FB82FB6893F85D30DBB2012B8F
:1054D00002D00223FB7748E1BB68002B02D0FB8897
:1054E000002B02D10123FB773FE1FB68032283F805
:1054F0005D20FB6800221A66FB68BA689A63FB6845
:10550000FA889A87FB68FA88DA87FB6800221A64AF
:10551000FB680022A3F84420FB680022A3F8462081
:10552000FB6800221A65FB680022DA64FB689B684E
:10553000B3F5004F0FD1FB681B681A68FB681B6846
:1055400022F040021A60FB681B681A68FB681B683F
:1055500042F480421A60FB681B681B6803F040033A
:10556000402B07D0FB681B681A68FB681B6842F079
:1055700040021A60FB68DB68B3F5E06F4FD9FB6847
:105580005B68002B02D0FB8A012B42D1FB689B6B2E
:105590001A88FB681B68DA60FB689B6B9A1CFB68C7
:1055A0009A63FB68DB8F9BB2013B9AB2FB68DA8798
:1055B0002FE0FB681B689B6803F00203022B12D1EB
:1055C000FB689B6B1A88FB681B68DA60FB689B6B47
:1055D0009A1CFB689A63FB68DB8F9BB2013B9AB213
:1055E000FB68DA8715E0FCF74DFA0246BB69D31A6F
:1055F0003A689A4203D83B68B3F1FF3F02D13B6857
:10560000002B06D10323FB77FB68012283F85D2082
:10561000ABE0FB68DB8F9BB2002BCAD180E0FB685C
:105620005B68002B02D0FB8A012B74D1FB68DB8FF7
:105630009BB2012B12D9FB689B6B1A88FB681B6815
:10564000DA60FB689B6B9A1CFB689A63FB68DB8FD4
:105650009BB2023B9AB2FB68DA875CE0FB689A6B0C
:10566000FB681B680C3312781A70FB689B6B5A1C22
:10567000FB689A63FB68DB8F9BB2013B9AB2FB68C5
:10568000DA8748E0FB681B689B6803F00203022B83
:105690002BD1FB68DB8F9BB2012B12D9FB689B6B74
:1056A0001A88FB681B68DA60FB689B6B9A1CFB68B6
:1056B0009A63FB68DB8F9BB2023B9AB2FB68DA8786
:1056C00029E0FB689A6BFB681B680C3312781A7030
:1056D000FB689B6B5A1CFB689A63FB68DB8F9BB271
:1056E000013B9AB2FB68DA8715E0FCF7CBF902467A
:1056F000BB69D31A3A689A4203D83B68B3F1FF3FBB
:1057000002D13B68002B06D10323FB77FB68012203
:1057100083F85D2029E0FB68DB8F9BB2002BB1D1C1
:10572000BA693968F86800F0F9FC0346002B02D02A
:10573000FB6820221A66FB689B68002B0AD10023B5
:105740003B61FB681B68DB683B61FB681B689B680F
:105750003B613B69FB681B6E002B02D00123FB778A
:1057600003E0FB68012283F85D20FB68002283F8D8
:105770005C20FB7F18462037BD4680BD80B588B0D1
:1057800002AFF860B9603B601346FB800023FB75F5
:10579000FB6893F85D30DBB2012B02D00223FB756E
:1057A0001AE1FB685B68B3F5827F12D1FB689B68E6
:1057B000002B0ED1FB68042283F85D20FA883B6839
:1057C00000931346BA68B968F86800F00EF903460A
:1057D00007E1FB6893F85C30012B01D1022300E163
:1057E000FB68012283F85C20FCF74CF93861BB6848
:1057F000002B02D0FB88002B02D10123FB75EBE0CC
:10580000FB68042283F85D20FB6800221A66FB68AF
:10581000BA681A64FB68FA88A3F84420FB68FA881F
:10582000A3F84620FB6800229A63FB6800229A874F
:10583000FB680022DA87FB680022DA64FB6800223A
:105840001A65FB68DB68B3F5E06F08D9FB681B6875
:105850005A68FB681B6822F480525A6007E0FB68B4
:105860001B685A68FB681B6842F480525A60FB68E8
:105870009B68B3F5004F0FD1FB681B681A68FB6883
:105880001B6822F040021A60FB681B681A68FB68FC
:105890001B6822F480421A60FB681B681B6803F0D7
:1058A0004003402B07D0FB681B681A68FB681B6825
:1058B00042F040021A60FB68DB68B3F5E06F6FD816
:1058C00034E0FB681B689B6803F00103012B17D1D0
:1058D000FB681B6803F10C02FB681B6C1278D2B2E8
:1058E0001A70FB681B6C5A1CFB681A64FB68B3F8DF
:1058F00046309BB2013B9AB2FB68A3F8462015E004
:10590000FCF7C0F802463B69D31A3A689A4203D8BA
:105910003B68B3F1FF3F02D13B68002B06D1032364
:10592000FB75FB68012283F85D2055E0FB68B3F846
:1059300046309BB2002BC4D138E0FB681B689B68E3
:1059400003F00103012B15D1FB681B68DA68FB68C3
:105950001B6C92B21A80FB681B6C9A1CFB681A6461
:10596000FB68B3F846309BB2013B9AB2FB68A3F8E0
:10597000462015E0FCF786F802463B69D31A3A68E0
:105980009A4203D83B68B3F1FF3F02D13B68002B3A
:1059900006D10323FB75FB68012283F85D201BE021
:1059A000FB68B3F846309BB2002BC6D13A69396820
:1059B000F86800F05BFB0346002B02D0FB68202256
:1059C0001A66FB681B6E002B02D00123FB7503E0F7
:1059D000FB68012283F85D20FB68002283F85C20CD
:1059E000FB7D18461837BD4680BD80B58AB000AF34
:1059F000F860B9607A607B8001237B62002387F8BE
:105A00002330FB6893F85C30012B01D102230AE2BA
:105A1000FB68012283F85C20FCF734F8F861FB682E
:105A200093F85D30FB76FB685B687B617B887B82EB
:105A30007B883B82FB7E012B0ED07B69B3F5827F96
:105A400006D1FB689B68002B02D1FB7E042B03D0A0
:105A5000022387F82330E0E1BB68002B05D07B6888
:105A6000002B02D07B88002B03D1012387F8233041
:105A7000D3E1FB6893F85D30DBB2042B03D0FB6805
:105A8000052283F85D20FB6800221A66FB687A68AD
:105A90001A64FB687A88A3F84620FB687A88A3F822
:105AA0004420FB68BA689A63FB687A88DA87FB68E7
:105AB0007A889A87FB680022DA64FB6800221A65FC
:105AC000FB68DB68B3F5E06F02D83B8A012B08D98D
:105AD000FB681B685A68FB681B6822F480525A6096
:105AE00007E0FB681B685A68FB681B6842F4805239
:105AF0005A60FB681B681B6803F04003402B07D00B
:105B0000FB681B681A68FB681B6842F040021A6059
:105B1000FB68DB68B3F5E06F40F28180FB685B688F
:105B2000002B02D07B8A012B6DD1FB689B6B1A88FE
:105B3000FB681B68DA60FB689B6B9A1CFB689A63C6
:105B4000FB68DB8F9BB2013B9AB2FB68DA875AE0B5
:105B5000FB681B689B6803F00203022B1BD1FB68E8
:105B6000DB8F9BB2002B16D07B6A012B13D1FB6815
:105B70009B6B1A88FB681B68DA60FB689B6B9A1C3E
:105B8000FB689A63FB68DB8F9BB2013B9AB2FB68B0
:105B9000DA8700237B62FB681B689B6803F00103C4
:105BA000012B1CD1FB68B3F846309BB2002B16D0FA
:105BB000FB681B68DA68FB681B6C92B21A80FB6892
:105BC0001B6C9A1CFB681A64FB68B3F846309BB2E6
:105BD000013B9AB2FB68A3F8462001237B62FBF7E6
:105BE00051FF0246FB69D31A3A6B9A420BD83B6BC2
:105BF000B3F1FF3F07D0032387F82330FB6801226E
:105C000083F85D2009E1FB68DB8F9BB2002B9FD1FD
:105C1000FB68B3F846309BB2002B99D1E3E0FB68F8
:105C20005B68002B03D07B8A012B40F0CF80FB68A0
:105C3000DB8F9BB2012B12D9FB689B6B1A88FB6828
:105C40001B68DA60FB689B6B9A1CFB689A63FB68B5
:105C5000DB8F9BB2023B9AB2FB68DA87B6E0FB6847
:105C60009A6BFB681B680C3312781A70FB689B6B8D
:105C70005A1CFB689A63FB68DB8F9BB2013B9AB2AC
:105C8000FB68DA87A2E0FB681B689B6803F00203ED
:105C9000022B34D1FB68DB8F9BB2002B2FD07B6AA9
:105CA000012B2CD1FB68DB8F9BB2012B12D9FB6837
:105CB0009B6B1A88FB681B68DA60FB689B6B9A1CFD
:105CC000FB689A63FB68DB8F9BB2023B9AB2FB686E
:105CD000DA8712E0FB689A6BFB681B680C3312785A
:105CE0001A70FB689B6B5A1CFB689A63FB68DB8F1E
:105CF0009BB2013B9AB2FB68DA8700237B62FB68A8
:105D00001B689B6803F00103012B48D1FB68B3F8C3
:105D100046309BB2002B42D0FB68B3F846309BB2B2
:105D2000012B23D9FB681B68DA68FB681B6C92B2F5
:105D30001A80FB681B6C9A1CFB681A64FB68B3F83A
:105D400046309BB2023B9AB2FB68A3F84620FB6840
:105D5000B3F846309BB2012B1FD8FB681B685A680A
:105D6000FB681B6842F480525A6016E0FB681B68AF
:105D700003F10C02FB681B6C1278D2B21A70FB683C
:105D80001B6C5A1CFB681A64FB68B3F846309BB264
:105D9000013B9AB2FB68A3F8462001237B62FBF724
:105DA00071FE0246FB69D31A3A6B9A4203D83B6BE9
:105DB000B3F1FF3F02D13B6B002B07D1032387F8E0
:105DC0002330FB68012283F85D2026E0FB68DB8F2F
:105DD0009BB2002B7FF457AFFB68B3F846309BB201
:105DE000002B7FF450AFFA69396BF86800F096F930
:105DF0000346002B05D0012387F82330FB682022BF
:105E00001A66FB681B6E002B03D0012387F8233032
:105E100003E0FB68012283F85D20FB68002283F821
:105E20005C2097F8233018462837BD4680BD000017
:105E300080B588B000AFF860B9603B601346FB7175
:105E4000FBF720FE0246BB6A9B1A3A681344FB61CB
:105E5000FBF718FEB861394B1B685B011B0DFA6933
:105E600002FB03F37B6154E03B68B3F1FF3F50D08A
:105E7000FBF708FE0246BB69D31AFA699A4202D9B7
:105E8000FB69002B3DD1FB681B685A68FB681B68E7
:105E900022F0E0025A60FB685B68B3F5827F11D1A3
:105EA000FB689B68B3F5004F04D0FB689B68B3F5B3
:105EB000806F07D1FB681B681A68FB681B6822F0BB
:105EC00040021A60FB689B6AB3F5005F0FD1FB6864
:105ED0001B681A68FB681B6822F400521A60FB6892
:105EE0001B681A68FB681B6842F400521A60FB6862
:105EF000012283F85D20FB68002283F85C200323E5
:105F000017E07B69002B01D10023FB617B69013B1A
:105F10007B61FB681B689A68BB681340BA689A4249
:105F20000CBF01230023DBB21A46FB799A429BD1B6
:105F3000002318462037BD4680BD00BF000000206A
:105F400080B58AB000AFF860B9607A603B6000232A
:105F5000FB75FBF797FD02463B6B9B1A3A681344AF
:105F60007B62FBF78FFD3862FB681B680C33FB61BB
:105F70003D4B1A6813469B001344DA00D31A1B0DDD
:105F80007A6A02FB03F3BB6160E0BB68B3F5C06FE4
:105F900007D17B68002B04D1FB691B78DBB2FB7552
:105FA000FB7D3B68B3F1FF3F50D0FBF76BFD024632
:105FB0003B6AD31A7A6A9A4202D97B6A002B3DD196
:105FC000FB681B685A68FB681B6822F0E0025A6095
:105FD000FB685B68B3F5827F11D1FB689B68B3F502
:105FE000004F04D0FB689B68B3F5806F07D1FB6856
:105FF0001B681A68FB681B6822F040021A60FB6885
:106000009B6AB3F5005F0FD1FB681B681A68FB68D9
:106010001B6822F400521A60FB681B681A68FB6850
:106020001B6842F400521A60FB68012283F85D206D
:10603000FB68002283F85C20032310E0BB69002B7F
:1060400001D100237B62BB69013BBB61FB681B681C
:106050009A68BB6813407A689A4296D10023184622
:106060002837BD4680BD00BF0000002080B586B047
:1060700002AFF860B9607A60FB685B68B3F5827F55
:1060800011D1FB689B68B3F5004F04D0FB689B6897
:10609000B3F5806F07D1FB681B681A68FB681B6843
:1060A00022F040021A607B680093BB6800228021C6
:1060B000F868FFF7BDFE0346002B07D0FB681B6E98
:1060C00043F02002FB681A66032323E0FB685B6849
:1060D000B3F5827F1DD1FB689B68B3F5004F04D0F8
:1060E000FB689B68B3F5806F13D17B680093BB6836
:1060F00000224FF4C061F868FFF722FF0346002B2F
:1061000007D0FB681B6E43F02002FB681A6603236E
:1061100000E0002318461037BD4680BD80B586B02C
:1061200002AFF860B9607A607B680093BB680022B8
:106130004FF4C051F868FFF703FF0346002B07D068
:10614000FB681B6E43F02002FB681A66032327E0FE
:106150007B680093BB6800228021F868FFF768FE27
:106160000346002B07D0FB681B6E43F02002FB6840
:106170001A66032314E07B680093BB6800224FF487
:10618000C061F868FFF7DCFE0346002B07D0FB6810
:106190001B6E43F02002FB681A66032300E0002315
:1061A00018461037BD4680BD80B582B000AF78601C
:1061B0007B68002B01D1012349E07B6893F83D30D7
:1061C000DBB2002B06D17B68002283F83C20786884
:1061D000FBF790FA7B68022283F83D207B681A68FF
:1061E0007B6804331946104600F0C2FA7B6801222E
:1061F00083F848207B68012283F83E207B680122D7
:1062000083F83F207B68012283F840207B680122CD
:1062100083F841207B68012283F842207B680122B9
:1062200083F843207B68012283F844207B680122A5
:1062300083F845207B68012283F846207B68012291
:1062400083F847207B68012283F83D20002318460D
:106250000837BD4680BD000080B485B000AF7860CF
:106260007B6893F83D30DBB2012B01D001234AE07B
:106270007B68022283F83D207B681B68DA687B68B4
:106280001B6842F00102DA607B681B68214A934276
:1062900018D07B681B68B3F1804F13D07B681B68F4
:1062A0001D4A93420ED07B681B681C4A934209D05A
:1062B0007B681B681A4A934204D07B681B68194AA2
:1062C000934215D17B681B689A68174B1340FB609B
:1062D000FB68062B15D0FB68B3F5803F11D07B68B7
:1062E0001B681A687B681B6842F001021A6008E0AC
:1062F0007B681B681A687B681B6842F001021A60A1
:1063000000E000BF002318461437BD465DF8047B4B
:10631000704700BF002C014000040040000800400E
:1063200000340140004001400700010080B483B008
:1063300000AF78607B681B68DA687B681B6822F0B6
:106340000102DA607B681B681A6A41F2111313407C
:10635000002B0FD17B681B681A6A40F2444313403C
:10636000002B07D17B681B681A687B681B6822F0CA
:1063700001021A607B68012283F83D200023184641
:106380000C37BD465DF8047B704780B584B000AF24
:1063900078607B681B68DB68FB607B681B681B6937
:1063A000BB60BB6803F00203002B20D0FB6803F046
:1063B0000203002B1BD07B681B686FF002021A617E
:1063C0007B6801221A777B681B689B6903F00303D3
:1063D000002B03D0786800F0ADF905E0786800F094
:1063E0009FF9786800F0B0F97B6800221A77BB68E3
:1063F00003F00403002B20D0FB6803F00403002B00
:106400001BD07B681B686FF004021A617B68022254
:106410001A777B681B689B6903F44073002B03D0D9
:10642000786800F087F905E0786800F079F9786815
:1064300000F08AF97B6800221A77BB6803F0080332
:10644000002B20D0FB6803F00803002B1BD07B68D7
:106450001B686FF008021A617B6804221A777B6858
:106460001B68DB6903F00303002B03D0786800F09E
:1064700061F905E0786800F053F9786800F064F994
:106480007B6800221A77BB6803F01003002B20D032
:10649000FB6803F01003002B1BD07B681B686FF0B8
:1064A00010021A617B6808221A777B681B68DB6917
:1064B00003F44073002B03D0786800F03BF905E04B
:1064C000786800F02DF9786800F03EF97B680022CA
:1064D0001A77BB6803F00103002B0CD0FB6803F0B4
:1064E0000103002B07D07B681B686FF001021A6163
:1064F0007868FAF7A1FBBB6803F08003002B0CD08F
:10650000FB6803F08003002B07D07B681B686FF0EB
:1065100080021A61786800F0EBFABB6803F48073BC
:10652000002B0CD0FB6803F08003002B07D07B68A6
:106530001B686FF480721A61786800F0E3FABB6838
:1065400003F04003002B0CD0FB6803F04003002B4A
:1065500007D07B681B686FF040021A61786800F012
:10656000FDF8BB6803F02003002B0CD0FB6803F0A0
:106570002003002B07D07B681B686FF020021A6194
:10658000786800F0ABFA00BF1037BD4680BD80B51B
:1065900084B000AF786039600023FB737B6893F8A8
:1065A0003C30012B01D10223B6E07B68012283F845
:1065B0003C207B68022283F83D207B681B689B6837
:1065C000BB60BB6823F4803323F07703BB60BB68F8
:1065D00023F47F43BB607B681B68BA689A603B68A2
:1065E0001B68B3F5005F3ED0B3F5005F00F2878013
:1065F000B3F5805F00F08680B3F5805F7FD8702BA5
:106600001AD0702B7BD8602B50D0602B77D8502BB2
:106610003CD0502B73D8402B58D0402B6FD8302B08
:1066200064D0302B6BD8202B60D0202B67D8002B68
:106630005CD0102B5AD062E07B6818683B68996880
:106640003B685A683B68DB6800F0A8F97B681B6808
:106650009B68BB60BB6843F07703BB607B681B68CB
:10666000BA689A604FE07B6818683B6899683B6835
:106670005A683B68DB6800F091F97B681B689A6890
:106680007B681B6842F480429A603CE07B68186833
:106690003B6859683B68DB681A4600F005F97B687F
:1066A0001B685021184600F05EF92CE07B681868E2
:1066B0003B6859683B68DB681A4600F024F97B6840
:1066C0001B686021184600F04EF91CE07B681868D2
:1066D0003B6859683B68DB681A4600F0E5F87B6860
:1066E0001B684021184600F03EF90CE07B681A68F0
:1066F0003B681B681946104600F035F903E001239A
:10670000FB7300E000BF7B68012283F83D207B68BB
:10671000002283F83C20FB7B18461037BD4680BD25
:1067200080B483B000AF786000BF0C37BD465DF821
:10673000047B704780B483B000AF786000BF0C3733
:10674000BD465DF8047B704780B483B000AF7860CD
:1067500000BF0C37BD465DF8047B704780B483B042
:1067600000AF786000BF0C37BD465DF8047B704712
:1067700080B485B000AF786039607B681B68FB60CF
:106780007B68424A93420FD07B68B3F1804F0BD0B5
:106790007B683F4A934207D07B683E4A934203D0CE
:1067A0007B683D4A934208D1FB6823F07003FB608D
:1067B0003B685B68FA681343FB607B68334A93422B
:1067C0001BD07B68B3F1804F17D07B68304A93426F
:1067D00013D07B682F4A93420FD07B682E4A934296
:1067E0000BD07B682D4A934207D07B682C4A93429A
:1067F00003D07B682B4A934208D1FB6823F4407393
:10680000FB603B68DB68FA681343FB60FB6823F0BE
:1068100080023B685B691343FB607B68FA681A601F
:106820003B689A687B68DA623B681A687B689A62A0
:106830007B68164A93420FD07B68174A93420BD06D
:106840007B68164A934207D07B68154A934203D06F
:106850007B68144A934203D13B681A697B681A63C8
:106860007B6801225A617B681B6903F00103012BDD
:1068700005D17B681B6923F001027B681A6100BFA8
:106880001437BD465DF8047B704700BF002C014003
:106890000004004000080040003401400040014076
:1068A000004401400048014080B487B000AFF86068
:1068B000B9607A60FB681B6A7B61FB681B6A23F026
:1068C0000102FB681A62FB689B693B613B6923F02C
:1068D000F0033B617B681B013A6913433B617B69B1
:1068E00023F00A037B617A69BB6813437B61FB6811
:1068F0003A699A61FB687A691A6200BF1C37BD4623
:106900005DF8047B704780B487B000AFF860B96071
:106910007A60FB681B6A7B61FB681B6A23F01002CC
:10692000FB681A62FB689B693B613B6923F4704317
:106930003B617B681B033A6913433B617B6923F02E
:10694000A0037B61BB681B017A6913437B61FB6811
:106950003A699A61FB687A691A6200BF1C37BD46C2
:106960005DF8047B704780B485B000AF7860396013
:106970007B689B68FB60FB6823F07003FB603A68F0
:10698000FB68134343F00703FB607B68FA689A6077
:1069900000BF1437BD465DF8047B704780B487B0F4
:1069A00000AFF860B9607A603B60FB689B687B6110
:1069B0007B6923F47F437B613B681A027B681A433F
:1069C000BB6813437A6913437B61FB687A699A60F9
:1069D00000BF1C37BD465DF8047B704780B485B0AE
:1069E00000AF786039607B6893F83C30012B01D1AF
:1069F000022363E07B68012283F83C207B6802224B
:106A000083F83D207B681B685B68FB607B681B68C4
:106A10009B68BB607B681B682B4A934204D07B68F1
:106A20001B682A4A934208D1FB6823F47003FB6079
:106A30003B685B68FA681343FB60FB6823F07003F4
:106A4000FB603B681B68FA681343FB607B681B684C
:106A5000FA685A607B681B681B4A934218D07B68AF
:106A60001B68B3F1804F13D07B681B68184A9342B0
:106A70000ED07B681B68174A934209D07B681B685D
:106A8000124A934204D07B681B68134A93420CD18C
:106A9000BB6823F08003BB603B689B68BA68134304
:106AA000BB607B681B68BA689A607B68012283F8C8
:106AB0003D207B68002283F83C20002318461437D1
:106AC000BD465DF8047B7047002C01400034014056
:106AD00000040040000800400040014080B483B042
:106AE00000AF786000BF0C37BD465DF8047B70478F
:106AF00080B483B000AF786000BF0C37BD465DF84E
:106B0000047B704780B483B000AF786000BF0C375F
:106B1000BD465DF8047B704780B485B000AF7860F7
:106B20007B680022A3F844204FF43F43FB60FB68DE
:106B30009AB27B68A3F84020002318461437BD465C
:106B40005DF8047B704780B485B000AF78604FF487
:106B50003F43FB607B68B3F840309AB2FB689BB25E
:106B6000DB439BB213409AB27B68A3F8402000231A
:106B700018461437BD465DF8047B704780B485B075
:106B800000AFF8603B1D83E80600FB680122A3F814
:106B90004020FB680022A3F84020FB680022A3F8F5
:106BA0004420FB680022A3F8502000231846143725
:106BB000BD465DF8047B704780B49DB000AF78603F
:106BC0003960002387F86F307A683B681B789B0038
:106BD00013441B889BB223F4EC4323F07003A7F803
:106BE0006C303B68DB78032B1FD801A252F823F0EE
:106BF000016C00081D6C0008336C00080F6C000865
:106C0000B7F86C3043F40073A7F86C3012E0B7F8B3
:106C10006C3043F4C063A7F86C300BE0B7F86C300D
:106C200043F48063A7F86C3004E0012387F86F30E9
:106C300000E000BF7A683B681B789B001A44B7F8F5
:106C40006C3043F07F4343F47F0343F4004343F04D
:106C500080039BB213807A683B681B789B001344C7
:106C60001B889BB21BB223F4E04323F070031AB2DB
:106C70003B681B781BB213431BB2A7F866307A68D7
:106C80003B681B789B001A44B7F8663043F07F439B
:106C900043F47F0343F4004343F080039BB213802B
:106CA0003B681B7B002B40F078813B685B78002BB6
:106CB00000F084807B68BB617B68B3F850309BB286
:106CC0001A46BB691344BB613B681B781A01BB6958
:106CD000134403F580637B613B68DB885B089BB2F0
:106CE0005B009AB27B691A807A683B681B789B00CC
:106CF00013441B887B827B8A03F04003002B1BD04C
:106D00007A683B681B789B0013441B889BB223F472
:106D1000E04323F070033B827A683B681B789B005A
:106D20001A443B8A43F07F4343F47F0343F4004318
:106D300043F0C0039BB213803B68DB78012B20D06B
:106D40007A683B681B789B0013441B889BB223F432
:106D5000E04323F04003BB81BB8983F02003BB8168
:106D60007A683B681B789B001A44BB8943F07F43D9
:106D700043F47F0343F4004343F080039BB213804A
:106D8000D5E27A683B681B789B0013441B889BB252
:106D900023F4E04323F04003FB817A683B681B78CF
:106DA0009B001A44FB8943F07F4343F47F0343F481
:106DB000004343F080039BB21380B8E27B683B63DF
:106DC0007B68B3F850309BB21A463B6B13443B636D
:106DD0003B681B781A013B6B134403F58163FB622C
:106DE0003B68DB885B089BB25B009AB2FB6A1A8047
:106DF0007B68BB627B68B3F850309BB21A46BB6AB3
:106E00001344BB623B681B781A01BB6A134403F24C
:106E10000C437B627B6A1B889BB2C3F309039AB263
:106E20007B6A1A803B681B69002B0AD17B6A1B882E
:106E30009BB26FEA43436FEA53439AB27B6A1A806C
:106E400039E03B681B693E2B18D83B681B695B081F
:106E5000BB663B681B6903F00103002B02D0BB6ECD
:106E60000133BB667B6A1B889AB2BB6E9BB29B02E6
:106E70009BB213439AB27B6A1A801CE03B681B6981
:106E80005B09BB663B681B6903F01F03002B02D143
:106E9000BB6E013BBB667B6A1B889AB2BB6E9BB222
:106EA0009B029BB213439BB26FEA43436FEA534387
:106EB0009AB27B6A1A807A683B681B789B001344FD
:106EC0001B887B847B8C03F48043002B1BD07A6867
:106ED0003B681B789B0013441B889BB223F4E04360
:106EE00023F070033B847A683B681B789B001A444C
:106EF0003B8C43F07F4343F47F0343F4404343F030
:106F000080039BB213803B681B78002B24D17A68E6
:106F10003B681B789B0013441B889BB223F480437F
:106F200023F07003BB83BB8B83F48053BB83BB8B89
:106F300083F40053BB837A683B681B789B001A4438
:106F4000BB8B43F07F4343F47F0343F4004343F0A0
:106F500080039BB21380EAE17A683B681B789B0050
:106F600013441B889BB223F4804323F07003FB83FC
:106F7000FB8B83F40053FB837A683B681B789B0090
:106F80001A44FB8B43F07F4343F47F0343F40043F5
:106F900043F080039BB21380C9E13B68DB78022B8E
:106FA0001ED17A683B681B789B0013441B889BB2F8
:106FB00023F4E04323F07003A7F862307A683B685B
:106FC0001B789B001A44B7F8623043F07F4343F4C8
:106FD0007F0343F4014343F080039BB213801DE021
:106FE0007A683B681B789B0013441B889BB223F490
:106FF000E24323F07003A7F864307A683B681B789B
:107000009B001A44B7F8643043F07F4343F47F0396
:1070100043F4004343F080039BB213807B68FB651D
:107020007B68B3F850309BB21A46FB6D1344FB6586
:107030003B681B781A01FB6D134403F58063BB6545
:107040003B681B895B089BB25B009AB2BB6D1A80E0
:107050007B687B657B68B3F850309BB21A467B6DCA
:1070600013447B653B681B781A017B6D134403F561
:1070700081633B653B685B895B089BB25B009AB2AE
:107080003B6D1A803B685B78002B40F093807A68F8
:107090003B681B789B0013441B88A7F84030B7F867
:1070A000403003F48043002B1BD07A683B681B7888
:1070B0009B0013441B889BB223F4E04323F070032E
:1070C000FB877A683B681B789B001A44FB8F43F070
:1070D0007F4343F47F0343F4404343F080039BB278
:1070E00013807A683B681B789B0013441B88BB871E
:1070F000BB8F03F04003002B1BD07A683B681B78E2
:107100009B0013441B889BB223F4E04323F07003DD
:107110007B877A683B681B789B001A447B8F43F01F
:107120007F4343F47F0343F4004343F0C0039BB227
:1071300013807A683B681B789B0013441B889BB2C2
:1071400023F4804323F070033B873B8F83F4805309
:107150003B873B8F83F400533B877A683B681B78FF
:107160009B001A443B8F43F07F4343F47F0343F477
:10717000004343F080039BB213807A683B681B781E
:107180009B0013441B889BB223F4E04323F040038D
:10719000FB867A683B681B789B001A44FB8E43F0A1
:1071A0007F4343F47F0343F4004343F080039BB2E7
:1071B0001380BCE07A683B681B789B0013441B88F3
:1071C000A7F84E30B7F84E3003F48043002B1DD0A3
:1071D0007A683B681B789B0013441B889BB223F49E
:1071E000E04323F07003A7F84C307A683B681B78C3
:1071F0009B001A44B7F84C3043F07F4343F47F03BD
:1072000043F4404343F080039BB213807A683B68A9
:107210001B789B0013441B88A7F84A30B7F84A3004
:1072200003F04003002B1DD07A683B681B789B005D
:1072300013441B889BB223F4E04323F07003A7F8A8
:1072400048307A683B681B789B001A44B7F848308E
:1072500043F07F4343F47F0343F4004343F0C00310
:107260009BB213803B68DB78012B24D07A683B68A3
:107270001B789B0013441B889BB223F4E04323F04C
:107280004003A7F84430B7F8443083F02003A7F850
:1072900044307A683B681B789B001A44B7F8443046
:1072A00043F07F4343F47F0343F4004343F0800300
:1072B0009BB213801DE07A683B681B789B001344E7
:1072C0001B889BB223F4E04323F04003A7F8463029
:1072D0007A683B681B789B001A44B7F8463043F045
:1072E0007F4343F47F0343F4004343F080039BB2A6
:1072F00013807A683B681B789B0013441B889BB201
:1073000023F4804323F07003A7F842307A683B6887
:107310001B789B001A44B7F8423043F07F4343F494
:107320007F0343F4004343F080039BB2138097F83C
:107330006F3018467437BD465DF8047B704700BF58
:1073400080B48DB000AF786039603B681B7B002B48
:1073500040F08E803B685B78002B44D07A683B68B5
:107360001B789B0013441B88BB81BB8903F040033F
:10737000002B1BD07A683B681B789B0013441B884A
:107380009BB223F4E04323F070037B817A683B686F
:107390001B789B001A447B8943F07F4343F47F03AF
:1073A00043F4004343F0C0039BB213807A683B6808
:1073B0001B789B0013441B889BB223F4E04323F00B
:1073C00040033B817A683B681B789B001A443B89E9
:1073D00043F07F4343F47F0343F4004343F08003CF
:1073E0009BB2138092E17A683B681B789B00134440
:1073F0001B887B827B8A03F48043002B1BD07A6836
:107400003B681B789B0013441B889BB223F4E0432A
:1074100023F070033B827A683B681B789B001A4418
:107420003B8A43F07F4343F47F0343F4404343F0FC
:1074300080039BB213807A683B681B789B001344DF
:107440001B889BB223F4804323F07003FB817A688E
:107450003B681B789B001A44FB8943F07F4343F44D
:107460007F0343F4004343F080039BB213804DE15C
:107470003B685B78002B40F0A5807A683B681B78FE
:107480009B0013441B883B843B8C03F48043002BFC
:107490001BD07A683B681B789B0013441B889BB207
:1074A00023F4E04323F07003FB837A683B681B7886
:1074B0009B001A44FB8B43F07F4343F47F0343F468
:1074C000404343F080039BB213807A683B681B788B
:1074D0009B0013441B88BB83BB8B03F04003002B32
:1074E0001BD07A683B681B789B0013441B889BB2B7
:1074F00023F4E04323F070037B837A683B681B78B6
:107500009B001A447B8B43F07F4343F47F0343F497
:10751000004343F0C0039BB213807A683B681B783A
:107520009B0013441B889BB223F4E04323F07003B9
:107530003B837A683B681B789B001A443B8B43F083
:107540007F4343F47F0343F4004343F0C0039BB203
:1075500013807A683B681B789B0013441B889BB29E
:1075600023F4804323F07003FB827A683B681B7826
:107570009B001A44FB8A43F07F4343F47F0343F4A8
:10758000004343F080039BB213807A683B681B780A
:107590009B0013441B889BB223F4E04323F0400379
:1075A000BB827A683B681B789B001A44BB8A43F015
:1075B0007F4343F47F0343F4004343F080039BB2D3
:1075C0001380A3E07A683B681B789B0013441B88F8
:1075D000FB85FB8D03F48043002B1BD07A683B684E
:1075E0001B789B0013441B889BB223F4E04323F0D9
:1075F0007003BB857A683B681B789B001A44BB8D7F
:1076000043F07F4343F47F0343F4404343F080035C
:107610009BB213807A683B681B789B0013441B88DD
:107620007B857B8D03F04003002B1BD07A683B6881
:107630001B789B0013441B889BB223F4E04323F088
:1076400070033B857A683B681B789B001A443B8D2E
:1076500043F07F4343F47F0343F4004343F0C0030C
:107660009BB213807A683B681B789B0013441B888D
:107670009BB223F4E04323F07003FB847A683B68F9
:107680001B789B001A44FB8C43F07F4343F47F0339
:1076900043F4404343F080039BB213807A683B6815
:1076A0001B789B0013441B889BB223F4E04323F018
:1076B0004003BB847A683B681B789B001A44BB8CF0
:1076C00043F07F4343F47F0343F4004343F08003DC
:1076D0009BB213807A683B681B789B0013441B881D
:1076E0009BB223F4804323F070037B847A683B6869
:1076F0001B789B001A447B8C43F07F4343F47F0349
:1077000043F4004343F080039BB2138000231846E8
:107710003437BD465DF8047B704780B5C2B000AF1A
:1077200007F58473A3F58273186007F58473A3F5D6
:107730008473196007F58473A3F584731B685B7801
:10774000012B40F0B78607F58473A3F584731B689B
:107750009A6907F58473A3F584731B681B699A42C1
:1077600008D907F58473A3F584731B681B69C7F8F0
:10777000043107E007F58473A3F584731B689B69E4
:10778000C7F8043107F58473A3F584731B681B7B6A
:10779000002B3AD107F58473A3F584731B685969EC
:1077A00007F58473A3F584731B68DA88D7F804316E
:1077B0009BB207F58470A0F58270006801F08DFC23
:1077C00007F58473A3F582731B683B6107F5847327
:1077D000A3F582731B68B3F850309BB21A463B691D
:1077E00013443B6107F58473A3F584731B681B780E
:1077F0001A013B69134403F20443FB60D7F80431D8
:107800009AB2FB681A8000F01FBE07F58473A3F5D7
:1078100084731B68DB78022B40F0628407F5847365
:10782000A3F584731B681A6A07F58473A3F5847340
:107830001B681B699A4240F2DF8307F58473A3F546
:1078400082731A6807F58473A3F584731B681B7829
:107850009B0013441B889BB223F4E04323F0700386
:10786000A7F8563007F58473A3F582731A6807F5F5
:107870008473A3F584731B681B789B001A44B7F8C4
:10788000563043F07F4343F47F0343F4014343F016
:1078900080039BB2138007F58473A3F584731B6880
:1078A0001A6AD7F80431D21A07F58473A3F58473E2
:1078B0001B681A6207F58473A3F582731A6807F5CB
:1078C0008473A3F584731B681B789B0013441B8887
:1078D0009BB203F04003002B00F0C78107F58473CF
:1078E000A3F582731B683B6307F58473A3F5847368
:1078F0001B685B78002B77D107F58473A3F582733F
:107900001B68BB6207F58473A3F582731B68B3F829
:1079100050309BB21A46BB6A1344BB6207F58473AE
:10792000A3F584731B681B781A01BB6A134403F226
:107930000C437B627B6A1B889BB2C3F309039AB238
:107940007B6A1A80D7F80431002B0AD17B6A1B8826
:107950009BB26FEA43436FEA53439AB27B6A1A8041
:1079600067E0D7F804313E2B1CD8D7F804315B0808
:10797000C7F80031D7F8043103F00103002B04D01D
:10798000D7F800310133C7F800317B6A1B889AB2FF
:10799000D7F800319BB29B029BB213439AB27B6A29
:1079A0001A8046E0D7F804315B09C7F80031D7F8F0
:1079B000043103F01F03002B04D1D7F80031013B41
:1079C000C7F800317B6A1B889AB2D7F800319BB2A6
:1079D0009B029BB213439BB26FEA43436FEA53434C
:1079E0009AB27B6A1A8024E007F58473A3F5847346
:1079F0001B685B78012B1CD107F58473A3F5827398
:107A00001B68B3F850309BB21A463B6B13443B6380
:107A100007F58473A3F584731B681B781A013B6B0D
:107A2000134403F20C43FB62D7F804319AB2FB6AA9
:107A30001A8007F58473A3F584731B685B89A7F824
:107A4000763007F58473A3F584731B685969D7F8FA
:107A500004319BB2B7F8762007F58470A0F58270E8
:107A6000006801F03AFB07F58473A3F584731B6883
:107A70005A69D7F804311A4407F58473A3F584735F
:107A80001B685A6107F58473A3F584731B681A6A2F
:107A900007F58473A3F584731B681B699A420FD999
:107AA00007F58473A3F584731B681A6AD7F8043149
:107AB000D21A07F58473A3F584731B681A620EE06B
:107AC00007F58473A3F584731B681B6AC7F8043138
:107AD00007F58473A3F584731B6800221A6207F507
:107AE0008473A3F584731B685B78002B77D107F54B
:107AF0008473A3F582731B68BB6107F58473A3F5D8
:107B000082731B68B3F850309BB21A46BB691344AA
:107B1000BB6107F58473A3F584731B681B781A0196
:107B2000BB69134403F204437B617B691B889BB2EE
:107B3000C3F309039AB27B691A80D7F80431002B8A
:107B40000AD17B691B889BB26FEA43436FEA5343B8
:107B50009AB27B691A806DE0D7F804313E2B1CD8AD
:107B6000D7F804315B08C7F8FC30D7F8043103F0CC
:107B70000103002B04D0D7F8FC300133C7F8FC30E8
:107B80007B691B889AB2D7F8FC309BB29B029BB2F0
:107B900013439AB27B691A804CE0D7F804315B0931
:107BA000C7F8FC30D7F8043103F01F03002B04D1D1
:107BB000D7F8FC30013BC7F8FC307B691B889AB2D0
:107BC000D7F8FC309BB29B029BB213439BB26FEA87
:107BD00043436FEA53439AB27B691A802AE007F560
:107BE0008473A3F584731B685B78012B22D107F59E
:107BF0008473A3F582731B683B6207F58473A3F556
:107C000082731B68B3F850309BB21A463B6A134428
:107C10003B6207F58473A3F584731B681B781A0114
:107C20003B6A134403F20443FB61D7F804319AB270
:107C3000FB691A8007F58473A3F584731B681B899D
:107C4000A7F8763007F58473A3F584731B68596928
:107C5000D7F804319BB2B7F8762007F58470A0F509
:107C60008270006801F039FAEEE307F58473A3F53A
:107C700084731B685B78002B77D107F58473A3F5B9
:107C800082731B68BB6407F58473A3F582731B685A
:107C9000B3F850309BB21A46BB6C1344BB6407F573
:107CA0008473A3F584731B681B781A01BB6C13449F
:107CB00003F204437B647B6C1B889BB2C3F3090310
:107CC0009AB27B6C1A80D7F80431002B0AD17B6CF6
:107CD0001B889BB26FEA43436FEA53439AB27B6CB3
:107CE0001A806DE0D7F804313E2B1CD8D7F8043148
:107CF0005B08C7F8F830D7F8043103F00103002B14
:107D000004D0D7F8F8300133C7F8F8307B6C1B8803
:107D10009AB2D7F8F8309BB29B029BB213439AB247
:107D20007B6C1A804CE0D7F804315B09C7F8F83057
:107D3000D7F8043103F01F03002B04D1D7F8F83033
:107D4000013BC7F8F8307B6C1B889AB2D7F8F83043
:107D50009BB29B029BB213439BB26FEA43436FEA11
:107D600053439AB27B6C1A802AE007F58473A3F51B
:107D700084731B685B78012B22D107F58473A3F50C
:107D800082731B683B6507F58473A3F582731B68D8
:107D9000B3F850309BB21A463B6D13443B6507F570
:107DA0008473A3F584731B681B781A013B6D13441D
:107DB00003F20443FB64D7F804319AB2FB6C1A80D7
:107DC00007F58473A3F584731B681B89A7F87630C5
:107DD00007F58473A3F584731B685969D7F80431D8
:107DE0009BB2B7F8762007F58470A0F58270006822
:107DF00001F073F907F58473A3F584731B685A695E
:107E0000D7F804311A4407F58473A3F584731B680B
:107E10005A6107F58473A3F584731B681A6A07F522
:107E20008473A3F584731B681B699A420FD907F505
:107E30008473A3F584731B681A6AD7F80431D21AC5
:107E400007F58473A3F584731B681A620EE007F5C7
:107E50008473A3F584731B681B6AC7F8043107F5A4
:107E60008473A3F584731B6800221A6207F5847378
:107E7000A3F582731B683B6407F58473A3F58473D1
:107E80001B685B78002B77D107F58473A3F58273A9
:107E90001B68BB6307F58473A3F582731B68B3F893
:107EA00050309BB21A46BB6B1344BB6307F5847317
:107EB000A3F584731B681B781A01BB6B134403F290
:107EC0000C437B637B6B1B889BB2C3F309039AB2A1
:107ED0007B6B1A80D7F80431002B0AD17B6B1B888F
:107EE0009BB26FEA43436FEA53439AB27B6B1A80AB
:107EF00067E0D7F804313E2B1CD8D7F804315B0873
:107F0000C7F8F430D7F8043103F00103002B04D094
:107F1000D7F8F4300133C7F8F4307B6B1B889AB282
:107F2000D7F8F4309BB29B029BB213439AB27B6B9F
:107F30001A8046E0D7F804315B09C7F8F430D7F867
:107F4000043103F01F03002B04D1D7F8F430013BB8
:107F5000C7F8F4307B6B1B889AB2D7F8F4309BB229
:107F60009B029BB213439BB26FEA43436FEA5343B6
:107F70009AB27B6B1A8024E007F58473A3F58473AF
:107F80001B685B78012B1CD107F58473A3F5827302
:107F90001B68B3F850309BB21A463B6C13443B64E9
:107FA00007F58473A3F584731B681B781A013B6C77
:107FB000134403F20C43FB63D7F804319AB2FB6B12
:107FC0001A8007F58473A3F584731B685B89A7F88F
:107FD000763007F58473A3F584731B685969D7F865
:107FE00004319BB2B7F8762007F58470A0F5827053
:107FF000006801F072F827E207F58473A3F5847333
:108000001B681B6AC7F8043107F58473A3F58273F4
:108010001A6807F58473A3F584731B681B789B00AB
:1080200013441B889BB223F4E24323F07003A7F8A8
:10803000623007F58473A3F582731A6807F58473B9
:10804000A3F584731B681B789B001A44B7F8623051
:1080500043F07F4343F47F0343F4004343F0800342
:108060009BB2138007F58473A3F582731B68FB65CD
:1080700007F58473A3F582731B68B3F850309BB285
:108080001A46FB6D1344FB6507F58473A3F58473EF
:108090001B681B781A01FB6D134403F20443BB6594
:1080A000D7F804319AB2BB6D1A8007F58473A3F533
:1080B00084731B681B89A7F8763007F58473A3F5D2
:1080C00084731B685969D7F804319BB2B7F87620DE
:1080D00007F58470A0F58270006800F0FEFFB3E140
:1080E00007F58473A3F584731B681A6AD7F8043103
:1080F000D21A07F58473A3F584731B681A6207F517
:108100008473A3F582731A6807F58473A3F58473E7
:108110001B681B789B0013441B889BB203F0400331
:10812000002B00F0C68007F58473A3F582731B68EB
:108130003B6707F58473A3F584731B685B78002B9A
:1081400077D107F58473A3F582731B68BB6607F5C7
:108150008473A3F582731B68B3F850309BB21A4640
:10816000BB6E1344BB6607F58473A3F584731B6869
:108170001B781A01BB6E134403F20C437B667B6EC3
:108180001B889BB2C3F309039AB27B6E1A80D7F89F
:108190000431002B0AD17B6E1B889BB26FEA4343EC
:1081A0006FEA53439AB27B6E1A8067E0D7F80431C6
:1081B0003E2B1CD8D7F804315B08C7F8F030D7F84D
:1081C000043103F00103002B04D0D7F8F030013361
:1081D000C7F8F0307B6E1B889AB2D7F8F0309BB2AC
:1081E0009B029BB213439AB27B6E1A8046E0D7F88B
:1081F00004315B09C7F8F030D7F8043103F01F03EE
:10820000002B04D1D7F8F030013BC7F8F0307B6E7B
:108210001B889AB2D7F8F0309BB29B029BB21343F3
:108220009BB26FEA43436FEA53439AB27B6E1A8064
:1082300024E007F58473A3F584731B685B78012B36
:108240001CD107F58473A3F582731B68B3F8503013
:108250009BB21A463B6F13443B6707F58473A3F543
:1082600084731B681B781A013B6F134403F20C43A1
:10827000FB66D7F804319AB2FB6E1A8007F5847357
:10828000A3F584731B685B89A7F8763007F58473C0
:10829000A3F584731B685969D7F804319BB2B7F80A
:1082A000762007F58470A0F58270006800F015FF55
:1082B000CAE007F58473A3F584731B685B78002B11
:1082C00077D107F58473A3F582731B68FB6707F505
:1082D0008473A3F582731B68B3F850309BB21A46BF
:1082E000FB6F1344FB6707F58473A3F584731B6866
:1082F0001B781A01FB6F134403F20443BB67BB6F87
:108300001B889BB2C3F309039AB2BB6F1A80D7F8DC
:108310000431002B0AD1BB6F1B889BB26FEA434329
:108320006FEA53439AB2BB6F1A8073E0D7F80431F7
:108330003E2B1CD8D7F804315B08C7F8EC30D7F8CF
:10834000043103F00103002B04D0D7F8EC300133E3
:10835000C7F8EC30BB6F1B889AB2D7F8EC309BB2F1
:108360009B029BB213439AB2BB6F1A8052E0D7F8BC
:1083700004315B09C7F8EC30D7F8043103F01F0370
:10838000002B04D1D7F8EC30013BC7F8EC30BB6FC1
:108390001B889AB2D7F8EC309BB29B029BB2134376
:1083A0009BB26FEA43436FEA53439AB2BB6F1A80A2
:1083B00030E007F58473A3F584731B685B78012BA9
:1083C00028D107F58473A3F582731B68C7F884303E
:1083D00007F58473A3F582731B68B3F850309BB222
:1083E0001A46D7F884301344C7F8843007F58473ED
:1083F000A3F584731B681B781A01D7F884301344E3
:1084000003F20443C7F88030D7F804319AB2D7F8A2
:1084100080301A8007F58473A3F584731B681B8969
:10842000A7F8763007F58473A3F584731B68596940
:10843000D7F804319BB2B7F8762007F58470A0F521
:108440008270006800F049FE07F58473A3F582731B
:108450001A6807F58473A3F584731B681B789B0067
:1084600013441B889BB223F4E04323F040037B8139
:108470007B8983F010037B817B8983F020037B81E0
:1084800007F58473A3F582731A6807F58473A3F55F
:1084900084731B681B789B001A447B8943F07F43DD
:1084A00043F47F0343F4004343F080039BB2138003
:1084B00000F0DFBC07F58473A3F584731B681B7B96
:1084C000002B40F0BC8007F58473A3F584731B6810
:1084D0009A6907F58473A3F584731B681B699A4234
:1084E00017D907F58473A3F584731B681B69C7F854
:1084F000043107F58473A3F584731B689A69D7F870
:108500000431D21A07F58473A3F584731B689A614A
:108510000EE007F58473A3F584731B689B69C7F8A5
:10852000043107F58473A3F584731B6800229A61F4
:1085300007F58473A3F582731B68C7F8903007F5BD
:108540008473A3F582731B68B3F850309BB21A464C
:10855000D7F890301344C7F8903007F58473A3F52B
:1085600084731B681B781A01D7F89030134403F208
:108570000C43C7F88C30D7F88C301B889BB2C3F300
:1085800009039AB2D7F88C301A80D7F80431002B3F
:108590000DD1D7F88C301B889BB26FEA43436FEA4A
:1085A00053439AB2D7F88C301A8000F028BCD7F821
:1085B00004313E2B1FD8D7F804315B08C7F8E830E8
:1085C000D7F8043103F00103002B04D0D7F8E830CA
:1085D0000133C7F8E830D7F88C301B889AB2D7F847
:1085E000E8309BB29B029BB213439AB2D7F88C300F
:1085F0001A8000F004BCD7F804315B09C7F8E830F2
:10860000D7F8043103F01F03002B04D1D7F8E8306A
:10861000013BC7F8E830D7F88C301B889AB2D7F8FE
:10862000E8309BB29B029BB213439BB26FEA434379
:108630006FEA53439AB2D7F88C301A80DFE307F51C
:108640008473A3F584731B68DB78022B40F01882D7
:1086500007F58473A3F584731B685B78002B40F0E7
:108660009D8007F58473A3F582731B68C7F8AC304F
:1086700007F58473A3F582731B68B3F850309BB27F
:108680001A46D7F8AC301344C7F8AC3007F58473FA
:10869000A3F584731B681B781A01D7F8AC30134418
:1086A00003F20443C7F8A830D7F8A8301B889BB260
:1086B000C3F309039AB2D7F8A8301A8007F5847378
:1086C000A3F584731B681B69002B0CD1D7F8A83065
:1086D0001B889BB26FEA43436FEA53439AB2D7F8C1
:1086E000A8301A808FE007F58473A3F584731B68A4
:1086F0001B693E2B26D807F58473A3F584731B688A
:108700001B695B08C7F8E43007F58473A3F584732D
:108710001B681B6903F00103002B04D0D7F8E43079
:108720000133C7F8E430D7F8A8301B889AB2D7F8DD
:10873000E4309BB29B029BB213439AB2D7F8A830A5
:108740001A8060E007F58473A3F584731B681B69C6
:108750005B09C7F8E43007F58473A3F584731B68DD
:108760001B6903F01F03002B04D1D7F8E430013B51
:10877000C7F8E430D7F8A8301B889AB2D7F8E430AD
:108780009BB29B029BB213439BB26FEA43436FEAD7
:1087900053439AB2D7F8A8301A8034E007F58473AF
:1087A000A3F584731B685B78012B2CD107F58473C8
:1087B000A3F582731B68C7F8B43007F58473A3F57B
:1087C00082731B68B3F850309BB21A46D7F8B430A6
:1087D0001344C7F8B43007F58473A3F584731B689A
:1087E0001B781A01D7F8B430134403F20443C7F8D6
:1087F000B03007F58473A3F584731B681B699AB2C4
:10880000D7F8B0301A8007F58473A3F582731B681C
:10881000C7F8A43007F58473A3F584731B685B78ED
:10882000002B40F09D8007F58473A3F582731B68CD
:10883000C7F89C3007F58473A3F582731B68B3F8FF
:1088400050309BB21A46D7F89C301344C7F89C307E
:1088500007F58473A3F584731B681B781A01D7F896
:108860009C30134403F20C43C7F89830D7F8983083
:108870001B889BB2C3F309039AB2D7F898301A80C9
:1088800007F58473A3F584731B681B69002B0CD157
:10889000D7F898301B889BB26FEA43436FEA534383
:1088A0009AB2D7F898301A8088E007F58473A3F558
:1088B00084731B681B693E2B26D807F58473A3F5C8
:1088C00084731B681B695B08C7F8E03007F5847385
:1088D000A3F584731B681B6903F00103002B04D00C
:1088E000D7F8E0300133C7F8E030D7F898301B886C
:1088F0009AB2D7F8E0309BB29B029BB213439AB274
:10890000D7F898301A8059E007F58473A3F584737B
:108910001B681B695B09C7F8E03007F58473A3F592
:1089200084731B681B6903F01F03002B04D1D7F865
:10893000E030013BC7F8E030D7F898301B889AB296
:10894000D7F8E0309BB29B029BB213439BB26FEA15
:1089500043436FEA53439AB2D7F898301A802DE018
:1089600007F58473A3F584731B685B78012B25D10D
:1089700007F58473A3F582731B68B3F850309BB27C
:108980001A46D7F8A4301344C7F8A43007F5847307
:10899000A3F584731B681B781A01D7F8A43013441D
:1089A00003F20C43C7F8A03007F58473A3F5847372
:1089B0001B681B699AB2D7F8A0301A8007F5847338
:1089C000A3F584731B68DB69002B00F0188207F5A0
:1089D0008473A3F582731A6807F58473A3F584730F
:1089E0001B681B789B0013441B88A7F89630B7F8C8
:1089F000963003F48043002B05D0B7F8963003F08F
:108A00004003002B0DD1B7F8963003F48043002BC0
:108A100040F0F581B7F8963003F04003002B40F0AA
:108A2000EE8107F58473A3F582731A6807F58473E2
:108A3000A3F584731B681B789B0013441B889BB2AF
:108A400023F4E04323F07003A7F8943007F5847310
:108A5000A3F582731A6807F58473A3F584731B6802
:108A60001B789B001A44B7F8943043F07F4343F4DB
:108A70007F0343F4004343F0C0039BB21380BEE185
:108A800007F58473A3F584731B68DB78012B40F032
:108A9000B48107F58473A3F584731B689A6907F59D
:108AA0008473A3F584731B681B699A4217D907F571
:108AB0008473A3F584731B681B69C7F8043107F539
:108AC0008473A3F584731B689A69D7F80431D21AAA
:108AD00007F58473A3F584731B689A610EE007F5AC
:108AE0008473A3F584731B689B69C7F8043107F589
:108AF0008473A3F584731B6800229A6107F584735D
:108B0000A3F584731B685B78002B40F0858007F524
:108B10008473A3F582731B68C7F8CC3007F58473A0
:108B2000A3F582731B68B3F850309BB21A46D7F88E
:108B3000CC301344C7F8CC3007F58473A3F58473A5
:108B40001B681B781A01D7F8CC30134403F2044396
:108B5000C7F8C830D7F8C8301B889BB2C3F30903E5
:108B60009AB2D7F8C8301A80D7F80431002B0CD14C
:108B7000D7F8C8301B889BB26FEA43436FEA534370
:108B80009AB2D7F8C8301A8077E0D7F804313E2B74
:108B90001ED8D7F804315B08C7F8DC30D7F80431A9
:108BA00003F00103002B04D0D7F8DC300133C7F801
:108BB000DC30D7F8C8301B889AB2D7F8DC309BB2CB
:108BC0009B029BB213439AB2D7F8C8301A8054E084
:108BD000D7F804315B09C7F8DC30D7F8043103F06B
:108BE0001F03002B04D1D7F8DC30013BC7F8DC3081
:108BF000D7F8C8301B889AB2D7F8DC309BB29B02FA
:108C00009BB213439BB26FEA43436FEA53439AB25A
:108C1000D7F8C8301A8030E007F58473A3F5847361
:108C20001B685B78012B28D107F58473A3F5827349
:108C30001B68C7F8D43007F58473A3F582731B68EB
:108C4000B3F850309BB21A46D7F8D4301344C7F863
:108C5000D43007F58473A3F584731B681B781A015D
:108C6000D7F8D430134403F20443C7F8D030D7F810
:108C700004319AB2D7F8D0301A8007F58473A3F57F
:108C800082731B68C7F8C43007F58473A3F5847337
:108C90001B685B78002B40F0858007F58473A3F593
:108CA00082731B68C7F8BC3007F58473A3F5827321
:108CB0001B68B3F850309BB21A46D7F8BC30134447
:108CC000C7F8BC3007F58473A3F584731B681B7861
:108CD0001A01D7F8BC30134403F20C43C7F8B8307C
:108CE000D7F8B8301B889BB2C3F309039AB2D7F800
:108CF000B8301A80D7F80431002B0CD1D7F8B8302F
:108D00001B889BB26FEA43436FEA53439AB2D7F88A
:108D1000B8301A8073E0D7F804313E2B1ED8D7F84C
:108D200004315B08C7F8D830D7F8043103F00103E9
:108D3000002B04D0D7F8D8300133C7F8D830D7F893
:108D4000B8301B889AB2D7F8D8309BB29B029BB23E
:108D500013439AB2D7F8B8301A8050E0D7F80431EC
:108D60005B09C7F8D830D7F8043103F01F03002B94
:108D700004D1D7F8D830013BC7F8D830D7F8B8308D
:108D80001B889AB2D7F8D8309BB29B029BB2134390
:108D90009BB26FEA43436FEA53439AB2D7F8B830B5
:108DA0001A802CE007F58473A3F584731B685B7845
:108DB000012B24D107F58473A3F582731B68B3F8E4
:108DC00050309BB21A46D7F8C4301344C7F8C430A9
:108DD00007F58473A3F584731B681B781A01D7F811
:108DE000C430134403F20C43C7F8C030D7F8043141
:108DF0009AB2D7F8C0301A8001E001233AE007F5B3
:108E00008473A3F582731A6807F58473A3F58473DA
:108E10001B681B789B0013441B889BB223F4804380
:108E200023F07003A7F88A30B7F88A3083F48053B0
:108E3000A7F88A30B7F88A3083F40053A7F88A304D
:108E400007F58473A3F582731A6807F58473A3F595
:108E500084731B681B789B001A44B7F88A3043F070
:108E60007F4343F47F0343F4004343F080039BB20A
:108E700013800023184607F58477BD4680BD80B473
:108E800085B000AF786039603B685B78002B20D0FC
:108E90007A683B681B789B0013441B889BB223F4C1
:108EA000E04323F04003BB81BB8983F01003BB8107
:108EB0007A683B681B789B001A44BB8943F07F4368
:108EC00043F47F0343F4004343F080039BB21380D9
:108ED0001FE07A683B681B789B0013441B889BB299
:108EE00023F4804323F07003FB81FB8983F48053D8
:108EF000FB817A683B681B789B001A44FB8943F02E
:108F00007F4343F47F0343F4004343F080039BB269
:108F10001380002318461437BD465DF8047B704764
:108F200080B487B000AF786039603B681B7B002B52
:108F300040F09D803B685B78002B4CD07A683B68A2
:108F40001B789B0013441B883B823B8A03F0400341
:108F5000002B1BD07A683B681B789B0013441B884E
:108F60009BB223F4E04323F07003FB817A683B68F3
:108F70001B789B001A44FB8943F07F4343F47F0333
:108F800043F4004343F0C0039BB213803B68DB789B
:108F9000012B6CD07A683B681B789B0013441B88BC
:108FA0009BB223F4E04323F04003BB81BB8983F0F1
:108FB0002003BB817A683B681B789B001A44BB89FD
:108FC00043F07F4343F47F0343F4004343F08003C3
:108FD0009BB213804BE07A683B681B789B0013447C
:108FE0001B88FB82FB8A03F48043002B1BD07A682A
:108FF0003B681B789B0013441B889BB223F4E0431F
:1090000023F07003BB827A683B681B789B001A448C
:10901000BB8A43F07F4343F47F0343F4404343F070
:1090200080039BB213807A683B681B789B001344D3
:109030001B889BB223F4804323F070037B827B8ADE
:1090400083F480537B827B8A83F400537B827A682B
:109050003B681B789B001A447B8A43F07F4343F4B0
:109060007F0343F4004343F080039BB2138000234B
:1090700018461C37BD465DF8047B704780B483B04A
:1090800000AF78600B46FB70FB78002B03D17B6848
:109090008022A3F84C20002318460C37BD465DF80B
:1090A000047B704780B483B000AF7860002318461B
:1090B0000C37BD465DF8047B704780B485B000AFC7
:1090C00078607B68B3F844309BB2FB60FB6818465D
:1090D0001437BD465DF8047B704780B48BB000AF99
:1090E000F860B96011461A460B46FB801346BB80F8
:1090F000BB8801335B08BB61FB687B61BB68FB61BC
:10910000FB885A007B69134403F580633B62BB69AB
:109110007B621FE0FB691B787B82FB6901331B7854
:109120001BB21B021AB2B7F9123013431BB27B8277
:109130003B6A7A8A1A803B6A02333B623B6A02339B
:109140003B62FB690133FB61FB690133FB617B6AB5
:10915000013B7B627B6A002BDCD100BF00BF2C3758
:10916000BD465DF8047B704780B48BB000AFF860FB
:10917000B96011461A460B46FB801346BB80BB887C
:109180005B089BB2BB61FB687B61BB68FB61FB88D2
:109190005A007B69134403F580633B62BB697B62C1
:1091A0001BE03B6A1B889BB23B613B6A02333B621C
:1091B0003B69DAB2FB691A70FB690133FB613B69F9
:1091C0001B0ADAB2FB691A70FB690133FB613B6A67
:1091D00002333B627B6A013B7B627B6A002BE0D1FE
:1091E000BB8803F001039BB2002B07D03B6A1B88AE
:1091F0009BB23B613B69DAB2FB691A7000BF2C3746
:10920000BD465DF8047B704780B584B000AF7860E0
:109210000B46FB700023FB737B681B7C002B15D176
:109220004FF4007302228121786801F0FEFE7B6812
:109230000122DA624FF4007302220121786801F002
:10924000F4FE7B680122C3F86C2112E04023022265
:109250008121786801F0E9FE7B680122DA6240230F
:1092600002220121786801F0E0FE7B680122C3F848
:109270006C21082303228221786801F0D6FE7B68E6
:1092800001221A644FF4077001F0F6FF02467B6872
:10929000C3F8B8227B68D3F8B832002B02D101237F
:1092A000FB7326E07B68D3F8B832BB607B68D3F8E9
:1092B000BC321B689847BB680022C3F81422BB6805
:1092C0000022C3F818227B681B7C002B09D1BB68E5
:1092D000D3F804224FF400730121786801F096FF5F
:1092E00007E0BB68D3F8042240230121786801F02D
:1092F0008DFFFB7B18461037BD4680BD80B584B01E
:1093000000AF78600B46FB700023FB738121786807
:1093100001F0B1FE7B680022DA620121786801F079
:10932000AAFE7B680022C3F86C218221786801F0D4
:10933000A2FE7B6800221A647B68D3F8B832002B47
:109340000ED07B68D3F8BC325B6898477B68D3F853
:10935000B832184601F09EFF7B680022C3F8B8229D
:10936000FB7B18461037BD4680BD80B586B000AF88
:10937000786039607B68D3F8B8323B610023FB73B7
:109380000023BB810023FB753B681B7803F060035F
:10939000002B39D0202B7FD13B68DB88002B29D0D4
:1093A0003B681B785BB2002B11DA7B68D3F8BC32C8
:1093B0009B683A68507839693A68D2889847396921
:1093C0003B68DB881A46786801F010FA6BE03B686E
:1093D0005A783B6983F800223B68DB88DAB23B6944
:1093E00083F8012239693B68DB881A46786801F006
:1093F0002BFA58E07B68D3F8BC329B683A68507807
:109400000022396898474EE03B685B780B2B2ED0E2
:109410000B2B38DC002B02D00A2B14D033E07B68F6
:1094200093F89C32032B07D107F10C030222194653
:10943000786801F0DBF92EE03968786801F06BF9A3
:109440000223FB7527E07B6893F89C32032B07D13E
:1094500007F10F0301221946786801F0C7F91AE0F5
:109460003968786801F057F90223FB7513E07B68CF
:1094700093F89C32032B0DD03968786801F04BF9D2
:109480000223FB7506E03968786801F044F902238D
:10949000FB7500E000BF06E03968786801F03BF931
:1094A0000223FB7500BFFB7D18461837BD4680BD03
:1094B00080B584B000AF78600B46FB707B68D3F852
:1094C000B832FB607B68D3F8C032BB607B68D3F8EE
:1094D000B832002B3AD0FA78796813469B001344CF
:1094E0009B000B441C331B68002B29D0FA78796849
:1094F00013469B0013449B000B441C331A68F978F5
:10950000B8680B469B000B44DB00034420331B6808
:10951000B2FBF3F101FB03F3D31A002B10D1FA785D
:10952000796813469B0013449B000B441C330022B4
:109530001A60F97800230022786801F044FE03E005
:10954000FB680022C3F81422002300E0022318461F
:109550001037BD4680BD80B584B000AF78600B4643
:10956000FB707B68D3F8B832FB60FB7819467868EB
:1095700001F06FFE0246FB68C3F80C227B68D3F84B
:10958000B832002B0DD07B68D3F8BC32DB68FA68A8
:10959000D2F80402FA6802F50372114698470023D4
:1095A00000E0022318461037BD4680BD80B584B068
:1095B00000AF78607B68D3F8B832FB607B68D3F883
:1095C000BC32002B14D0FB6893F80032FF2B0FD075
:1095D0007B68D3F8BC329B68FA6892F80002F9689D
:1095E000FA6892F801229847FB68FF2283F800226C
:1095F000002318461037BD4680BD000080B483B0FC
:1096000000AF78607B6843221A80034B18460C3702
:10961000BD465DF8047B70479400002080B483B0A1
:1096200000AF78607B6843221A80034B18460C37E2
:10963000BD465DF8047B70475000002080B483B0C5
:1096400000AF78607B6843221A80034B18460C37C2
:10965000BD465DF8047B7047D800002080B483B01D
:1096600000AF78607B680A221A80034B18460C37DB
:10967000BD465DF8047B70470C00002080B485B0C7
:1096800000AF786039600223FB733B68002B05D084
:109690007B683A68C3F8BC220023FB73FB7B184647
:1096A0001437BD465DF8047B704780B487B000AFC7
:1096B000F860B9601346FB80FB68D3F8B8327B6171
:1096C0007B69BA68C3F80822FA887B69C3F810225C
:1096D000002318461C37BD465DF8047B704780B4F4
:1096E00085B000AF786039607B68D3F8B832FB6032
:1096F000FB683A68C3F80422002318461437BD46B5
:109700005DF8047B704780B584B000AF78607B68FB
:10971000D3F8B832FB607B68D3F8B832002B1CD08A
:10972000FB68D3F81432002B15D1FB680122C3F873
:109730001422FB68D3F810227B681A63FB68D3F805
:109740000822FB68D3F810329BB28121786801F0BF
:109750003AFD002302E0012300E0022318461037FF
:10976000BD4680BD80B584B000AF78607B68D3F81B
:10977000B832FB607B68D3F8B832002B17D07B6817
:109780001B7C002B09D1FB68D3F804224FF4007333
:109790000121786801F03AFD07E0FB68D3F8042264
:1097A00040230121786801F031FD002300E002230D
:1097B00018461037BD4680BD80B584B000AFF86054
:1097C000B9601346FB71FB68002B01D102231AE03C
:1097D000FB68D3F8B432002B03D0FB680022C3F837
:1097E000B422BB68002B03D0FB68BA68C3F8B02270
:1097F000FB68012283F89C22FB68FA791A70F868EA
:1098000001F09EFB002318461037BD4680BD80B492
:1098100085B000AF786039600023FB733B68002B94
:1098200006D07B683A68C3F8B4220023FB7301E0DA
:109830000223FB73FB7B18461437BD465DF8047B9F
:10984000704780B582B000AF7860786801F0D2FBD5
:10985000002318460837BD4680BD80B483B000AFF2
:109860007860002318460C37BD465DF8047B7047CE
:1098700080B584B000AF78600B46FB700223FB73A9
:109880007B68D3F8B432002B0CD07B68D3F8B432A9
:109890001B68FA781146786898470346002B01D177
:1098A0000023FB73FB7B18461037BD4680BD80B597
:1098B00082B000AF78600B46FB707B68D3F8B4329F
:1098C0005B68FA781146786898470023184608378D
:1098D000BD4680BD80B582B000AF786039607B68DE
:1098E00003F52A733968184600F0DBFE7B68012215
:1098F000C3F894227B68B3F8AE321A467B68C3F88B
:1099000098227B6893F8A83203F01F03022B16D02D
:10991000022B1CD8002B02D0012B08D017E07B684B
:1099200003F52A731946786800F0CEF91AE07B68CF
:1099300003F52A731946786800F030FA12E07B6864
:1099400003F52A731946786800F070FA0AE07B681C
:1099500093F8A83223F07F03DBB21946786801F050
:10996000A9FB00BF002318460837BD4680BD80B55F
:1099700086B000AFF8600B467A60FB72FB7A002B72
:109980004BD1FB6803F5AA737B61FB68D3F8943273
:10999000032B34D17B69DA687B691B699A4219D938
:1099A0007B69DA687B691B69D21A7B69DA607B693B
:1099B000DA687B691B699A4203D27B69DB689BB2D8
:1099C00002E07B691B699BB21A467968F86800F06F
:1099D00059FF38E0FB68D3F8B4321B69002B0AD07A
:1099E000FB6893F89C32032B05D1FB68D3F8B432A3
:1099F0001B69F8689847F86800F056FF23E0FB6899
:109A0000D3F89432052B1ED1FB680022C3F89422B0
:109A10000021F86801F04EFB15E0FB68D3F8B43282
:109A20009B69002B0DD0FB6893F89C32032B08D167
:109A3000FB68D3F8B4329B69FA7A1146F868984704
:109A400001E0022300E0002318461837BD4680BD20
:109A500080B586B000AFF8600B467A60FB72FB7A87
:109A6000002B7FD1FB6814337B61FB68D3F8943201
:109A7000022B5CD17B69DA687B691B699A4215D934
:109A80007B69DA687B691B69D21A7B69DA607B695A
:109A9000DB689BB21A467968F86800F0C3FE0023C1
:109AA00000220021F86801F0B1FB4EE07B699B6861
:109AB0007A691269B3FBF2F101FB02F29B1A002BE7
:109AC0001CD17B699A687B691B699A4216D37B69B2
:109AD0009A68FB68D3F898329A420FD2002200218C
:109AE000F86800F09FFEFB680022C3F8982200236C
:109AF00000220021F86801F089FB26E0FB68D3F81A
:109B0000B432DB68002B0AD0FB6893F89C32032B3D
:109B100005D1FB68D3F8B432DB68F8689847802138
:109B2000F86801F0C7FAF86800F0D1FE0DE0FB68B4
:109B3000D3F89432042B04D0FB68D3F89432002B72
:109B400003D18021F86801F0B5FAFB6893F8A032E0
:109B5000012B1DD1F868FFF780FEFB68002283F817
:109B6000A02215E0FB68D3F8B4325B69002B0DD05E
:109B7000FB6893F89C32032B08D1FB68D3F8B4320E
:109B80005B69FA7A1146F868984701E0022300E021
:109B9000002318461837BD4680BD80B582B000AF9F
:109BA0007860402300220021786801F03EFA7B684B
:109BB0000122C3F858217B684022C3F86421402366
:109BC00000228021786801F030FA7B6801229A61D6
:109BD0007B6840225A627B68012283F89C227B6862
:109BE0000022C3F894227B6800225A607B6800221E
:109BF000C3F8A4227B68D3F8B832002B09D07B6865
:109C0000D3F8B4325B687A685268D2B21146786889
:109C10009847002318460837BD4680BD80B483B0FE
:109C200000AF78600B46FB707B68FA781A740023EB
:109C300018460C37BD465DF8047B704780B483B08E
:109C400000AF78607B6893F89C227B6883F89D2244
:109C50007B68042283F89C22002318460C37BD46FB
:109C60005DF8047B704780B483B000AF78607B6898
:109C700093F89C32042B05D17B6893F89D227B6876
:109C800083F89C22002318460C37BD465DF8047B00
:109C9000704780B582B000AF78607B6893F89C32E3
:109CA000032B0BD17B68D3F8B432DB69002B05D0D2
:109CB0007B68D3F8B432DB6978689847002318468C
:109CC0000837BD4680BD000080B584B000AF786025
:109CD00039600023FB733B681B7803F06003402B63
:109CE00005D0402B4FD8002B09D0202B4BD17B68BF
:109CF000D3F8B4329B6839687868984748E03B6885
:109D00005B78092B39D801A252F823F05D9D000839
:109D1000719D00087B9D0008679D00087B9D0008E1
:109D20003F9D0008359D00087B9D0008539D00085D
:109D3000499D00083968786800F0DCF922E039684C
:109D4000786800F03FFB1DE03968786800F07EFB22
:109D500018E03968786800F007FC13E03968786823
:109D600000F037FC0EE03968786800F065FC09E027
:109D70003968786800F074FC04E03968786800F0AD
:109D8000CAFC00BF04E03968786800F0C4FC00BF7A
:109D9000FB7B18461037BD4680BD00BF80B584B040
:109DA00000AF786039600023FB733B681B7803F0D9
:109DB0006003402B05D0402B2ED8002B01D0202B48
:109DC0002AD17B6893F89C32013B022B1DD83B685B
:109DD0009B88DBB2012B13D87B68D3F8B4329B6825
:109DE0003968786898470346FB733B68DB88002B2B
:109DF00010D1FB7B002B0DD1786800F055FD09E0F8
:109E00003968786800F087FC04E03968786800F009
:109E100082FC00E000BF04E03968786800F07BFC59
:109E200000BF002318461037BD4680BD80B584B002
:109E300000AF786039600023FB733B689B88BB737D
:109E40003B681B7803F06003402B07D0402B00F2E7
:109E50004681002B0AD0202B40F041817B68D3F84B
:109E6000B4329B683968786898473DE13B681B7855
:109E700003F06003202B0AD17B68D3F8B4329B68CF
:109E80003968786898470346FB73FB7B2DE13B6894
:109E90005B78032B07D0032B00F31B81002B72D0C0
:109EA000012B3AD015E17B6893F89C32022B02D04B
:109EB000032B15D02BE0BB7B002B0CD0BB7B802B66
:109EC00009D0BB7B1946786801F0F4F880217868E6
:109ED00001F0F0F820E03968786800F01CFC1BE025
:109EE0003B685B88002B0ED1BB7B002B0BD0BB7B70
:109EF000802B08D03B68DB88002B04D1BB7B194644
:109F0000786801F0D7F8786800F0CEFC04E0396892
:109F1000786800F000FC00BFE0E07B6893F89C32BA
:109F2000022B02D0032B15D026E0BB7B002B0CD0DC
:109F3000BB7B802B09D0BB7B1946786801F0BAF84F
:109F40008021786801F0B6F81CE03968786800F084
:109F5000E2FB17E03B685B88002B12D1BB7B03F070
:109F60007F03002B04D0BB7B1946786801F0C1F851
:109F7000786800F099FC04E03968786800F0CBFB61
:109F800000E000BFAAE07B6893F89C32022B02D06D
:109F9000032B32D097E0BB7B002B07D0BB7B802B01
:109FA00004D03968786800F0B6FB91E097F90E307C
:109FB000002B0BDABB7B03F07F0213469B0013449C
:109FC0009B0010337A68134404330BE0BB7B03F02F
:109FD0007F0213469B0013449B0003F5A8737A6825
:109FE00013440433BB60BB6800221A60BB680222C2
:109FF0001946786800F0FAFB6AE097F90E30002BFA
:10A0000011DABB7B03F00F02796813469B001344FF
:10A010009B000B4418331B68002B17D139687868F4
:10A0200000F079FB54E0BB7B03F00F027968134624
:10A030009B0013449B000B4403F5AC731B68002B7F
:10A0400004D13968786800F066FB41E097F90E307A
:10A05000002B0BDABB7B03F07F0213469B001344FB
:10A060009B0010337A68134404330BE0BB7B03F08E
:10A070007F0213469B0013449B0003F5A8737A6884
:10A0800013440433BB60BB7B002B02D0BB7B802B13
:10A0900003D1BB6800221A600EE0BB7B19467868CA
:10A0A00001F046F80346002B03D0BB6801221A607A
:10A0B00002E0BB6800221A60BB6802221946786879
:10A0C00000F094FB04E03968786800F024FB00BFDE
:10A0D00004E03968786800F01EFB00BF04E03968CE
:10A0E000786800F018FB00BFFB7B18461037BD46B0
:10A0F00080BD000080B584B000AF78603960002377
:10A100003B810023FB600023FB723B685B881B0ADA
:10A110009BB2013B062B00F2288101A252F823F0EA
:10A120003DA1000855A1000895A100086BA30008F7
:10A130006BA300080BA3000837A300087B68D3F8C3
:10A14000B0321B687A68127C07F108011046984704
:10A15000F86012E17B681B7C002B0DD17B68D3F883
:10A16000B4329B6A07F1080210469847F860FB6812
:10A17000013302221A7000E17B68D3F8B432DB6A43
:10A1800007F1080210469847F860FB680133022285
:10A190001A70F2E03B685B88DBB2052B00F2AC8002
:10A1A00001A252F823F000BFC1A10008F5A10008E8
:10A1B00029A200085DA2000891A20008C5A200081B
:10A1C0007B68D3F8B0325B68002B0BD07B68D3F888
:10A1D000B0325B687A68127C07F108011046984734
:10A1E000F86091E03968786800F095FAFB7A0133FD
:10A1F000FB7289E07B68D3F8B0329B68002B0BD0F0
:10A200007B68D3F8B0329B687A68127C07F108014A
:10A2100010469847F86077E03968786800F07BFA74
:10A22000FB7A0133FB726FE07B68D3F8B032DB68F6
:10A23000002B0BD07B68D3F8B032DB687A68127CD5
:10A2400007F1080110469847F8605DE039687868C2
:10A2500000F061FAFB7A0133FB7255E07B68D3F8BA
:10A26000B0321B69002B0BD07B68D3F8B0321B696E
:10A270007A68127C07F1080110469847F86043E0BD
:10A280003968786800F047FAFB7A0133FB723BE0EB
:10A290007B68D3F8B0325B69002B0BD07B68D3F8B6
:10A2A000B0325B697A68127C07F108011046984762
:10A2B000F86029E03968786800F02DFAFB7A0133FC
:10A2C000FB7221E07B68D3F8B0329B69002B0BD086
:10A2D0007B68D3F8B0329B697A68127C07F1080179
:10A2E00010469847F8600FE03968786800F013FA74
:10A2F000FB7A0133FB7207E03968786800F00BFAEB
:10A30000FB7A0133FB7238E037E07B681B7C002B63
:10A3100009D17B68D3F8B4325B6B07F108021046B1
:10A320009847F86029E03968786800F0F4F9FB7A1A
:10A330000133FB7221E07B681B7C002B0DD17B6815
:10A34000D3F8B4321B6B07F1080210469847F86047
:10A35000FB68013307221A700FE03968786800F053
:10A36000DAF9FB7A0133FB7207E03968786800F0AC
:10A37000D2F9FB7A0133FB7200BFFB7A002B1CD1B0
:10A380003B89002B11D03B68DB88002B0DD03B684C
:10A39000DA883B89934228BF13469BB23B813B89B5
:10A3A0001A46F968786800F021FA3B68DB88002BD0
:10A3B00004D1786800F078FA00E000BF1037BD469D
:10A3C00080BD00BF80B584B000AF786039603B6865
:10A3D0009B88002B30D13B68DB88002B2CD13B685D
:10A3E0005B887F2B28D83B685B88DBB203F07F0358
:10A3F000FB737B6893F89C32032B04D1396878682F
:10A4000000F089F91DE07B68FA7B83F89E22FB7BD4
:10A410001946786800F0B8FE786800F045FAFB7BD2
:10A42000002B04D07B68022283F89C2209E07B6821
:10A43000012283F89C2204E03968786800F06BF907
:10A4400000BF00BF1037BD4680BD000080B582B0A0
:10A4500000AF786039603B685B88DAB2414B1A70B4
:10A46000404B1B78012B04D93968786800F053F908
:10A4700075E07B6893F89C32022B02D0032B23D02B
:10A4800062E0384B1B78002B1AD0364B1B781A46EB
:10A490007B685A607B68032283F89C22314B1B78CF
:10A4A00019467868FFF7E4F90346022B04D13968AE
:10A4B000786800F030F952E0786800F0F5F94EE085
:10A4C000786800F0F1F94AE0264B1B78002B12D196
:10A4D0007B68022283F89C22224B1B781A467B68F9
:10A4E0005A60204B1B7819467868FFF7E0F97868C6
:10A4F00000F0DAF933E01B4B1B781A467B685B6887
:10A500009A421DD07B685B68DBB219467868FFF71A
:10A51000CEF9144B1B781A467B685A60114B1B7896
:10A5200019467868FFF7A4F90346022B04D139686D
:10A53000786800F0F0F812E0786800F0B5F90EE005
:10A54000786800F0B1F90AE03968786800F0E3F85B
:10A55000044B1B7819467868FFF7A9F900BF083744
:10A56000BD4680BDAC04002080B582B000AF7860ED
:10A5700039603B68DB88012B04D03968786800F0CB
:10A58000CAF822E07B6893F89C32022B02DC002B95
:10A5900003DC15E0032B0BD012E07B6800229A60ED
:10A5A0007B68083301221946786800F01FF90CE037
:10A5B0007B68043301221946786800F017F904E03B
:10A5C0003968786800F0A7F800BF00BF0837BD46BB
:10A5D00080BD80B582B000AF786039607B6893F849
:10A5E0009C32013B022B1ED83B68DB88022B04D037
:10A5F0003968786800F08FF81AE07B680122DA6029
:10A600007B68D3F8A432002B05D07B68DB6843F06D
:10A6100002027B68DA607B680C3302221946786894
:10A6200000F0E4F804E03968786800F074F800BFDE
:10A6300000BF0837BD4680BD80B582B000AF7860EE
:10A6400039603B685B88012B06D17B680122C3F827
:10A65000A422786800F028F900BF0837BD4680BD05
:10A6600080B582B000AF786039607B6893F89C3227
:10A67000013B022B0BD83B685B88012B0CD17B681C
:10A680000022C3F8A422786800F00EF904E03968CB
:10A69000786800F040F800E000BF00BF0837BD4612
:10A6A00080BD80B483B000AF786039603B681A78B1
:10A6B0007B681A703B685A787B685A703B68023333
:10A6C0001B781A463B6803331B781B029BB213446A
:10A6D0009AB27B685A803B6804331B781A463B6801
:10A6E00005331B781B029BB213449AB27B689A8095
:10A6F0003B6806331B781A463B6807331B781B02FE
:10A700009BB213449AB27B68DA8000BF0C37BD4617
:10A710005DF8047B704780B582B000AF7860396027
:10A720008021786800F0C6FC0021786800F0C2FC47
:10A7300000BF0837BD4680BD80B586B000AFF86069
:10A74000B9607A600023FB75FB68002B32D0F86893
:10A7500000F034F8034601339BB25B009AB27B6889
:10A760001A80FB7D5A1CFA751A46BB6813447A6836
:10A7700012781A70FB7D5A1CFA751A46BB6813448E
:10A7800003221A7012E0FB685A1CFA60FA7D511C11
:10A79000F9751146BA680A441B781370FB7D5A1C80
:10A7A000FA751A46BB68134400221A70FB681B78BE
:10A7B000002BE8D100BF1837BD4680BD80B485B0FE
:10A7C00000AF78600023FB7305E0FB7B0133FB7374
:10A7D0007B6801337B607B681B78002BF5D1FB7BAA
:10A7E00018461437BD465DF8047B704780B584B0C9
:10A7F00000AFF860B9601346FB80FB680222C3F823
:10A800009422FA88FB68DA61FA88FB681A62FB888E
:10A81000BA680021F86800F0D6FC0023184610370B
:10A82000BD4680BD80B584B000AFF860B960134606
:10A83000FB80FB88BA680021F86800F0C4FC0023A4
:10A8400018461037BD4680BD80B584B000AFF860B3
:10A85000B9601346FB80FB680322C3F89422FA8890
:10A86000FB68C3F85C21FA88FB68C3F86021FB88A9
:10A87000BA680021F86800F0C9FC002318461037B8
:10A88000BD4680BD80B584B000AFF860B9601346A6
:10A89000FB80FB88BA680021F86800F0B7FC002351
:10A8A00018461037BD4680BD80B582B000AF7860D5
:10A8B0007B680422C3F894220023002200217868D8
:10A8C00000F081FC002318460837BD4680BD80B5E6
:10A8D00082B000AF78607B680522C3F89422002321
:10A8E00000220021786800F091FC00231846083708
:10A8F000BD4680BD80B500AF002212491248FEF768
:10A900005BFF0346002B01D0F6F744FE0F490E48CB
:10A91000FEF77DFF0346002B01D0F6F73BFE0C4906
:10A920000948FEF7ABFE0346002B01D0F6F732FED6
:10A930000548FEF786FF0346002B01D0F6F72AFEF6
:10A9400000BF80BD2C010020B004002018000020B2
:10A950001C01002080B500AF002205490548FEF724
:10A96000A4FE05490348FEF7BAFE0023184680BD41
:10A97000780B0020B00400207807002080B400AFDE
:10A9800000231846BD465DF8047B704780B483B051
:10A9900000AF03463960FB711346BB80FB79232B64
:10A9A0004AD801A252F823F039AA000839AA0008AF
:10A9B00039AA000839AA000839AA000839AA0008EB
:10A9C00039AA000839AA000839AA000839AA0008DB
:10A9D00039AA000839AA000839AA000839AA0008CB
:10A9E00039AA000839AA000839AA000839AA0008BB
:10A9F00039AA000839AA000839AA000839AA0008AB
:10AA000039AA000839AA000839AA000839AA00089A
:10AA100039AA000839AA000839AA000839AA00088A
:10AA200039AA000839AA000839AA000839AA00087A
:10AA300039AA000839AA000800BF002318460C37BD
:10AA4000BD465DF8047B704780B586B000AF786086
:10AA500039603B681B683B6100237B610BE07A68CF
:10AA60007B6913441978224A7B6913440A461A7099
:10AA70007B6901337B613B681B687A699A42EED33C
:10AA800002E03B69013B3B613B69002B0BD03B691A
:10AA9000013B174AD35C0D2BF3D03B69013B144AB1
:10AAA000D35C0A2BEDD0124A3B69134400221A7082
:10AAB00010490F48F5F78CFB0346002B0FD10E4BC6
:10AAC00001221A700D4A07F1080392E8030083E897
:10AAD000030007F108030721184600F013F808489F
:10AAE000FEF740FE002318461837BD4680BD00BF64
:10AAF000780B00201CE000087407002024E0000808
:10AB0000B004002080B584B000AF78600B467B8035
:10AB10000023FB730D4BD3F8B832BB60BB68D3F88E
:10AB20001432002B01D001230BE07B881A46796890
:10AB30000648FEF7BAFD0548FEF7E5FD0346FB7340
:10AB4000FB7B18461037BD4680BD00BFB004002017
:10AB500080B483B000AF03463960FB713B681222BA
:10AB60001A80034B18460C37BD465DF8047B7047CE
:10AB70004801002080B483B000AF03463960FB7108
:10AB80003B6804221A80034B18460C37BD465DF81B
:10AB9000047B70475C01002080B582B000AF0346A3
:10ABA0003960FB71FB79002B05D13A6807490848E9
:10ABB000FFF7C2FD04E03A6804490548FFF7BCFD11
:10ABC000024B18460837BD4680BD00BF780F0020F5
:10ABD0002CE0000880B582B000AF03463960FB71FD
:10ABE0003A6804490448FFF7A7FD024B18460837A6
:10ABF000BD4680BD780F002044E0000880B582B0DB
:10AC000000AF03463960FB713B681A221A8000F0DE
:10AC100043F8024B18460837BD4680BD600100204E
:10AC200080B582B000AF03463960FB71FB79002B21
:10AC300005D13A6807490848FFF77EFD04E03A6805
:10AC400004490548FFF778FD024B18460837BD4612
:10AC500080BD00BF780F002058E0000880B582B0AA
:10AC600000AF03463960FB71FB79002B05D13A68D0
:10AC700007490848FFF760FD04E03A6804490548C1
:10AC8000FFF75AFD024B18460837BD4680BD00BF8E
:10AC9000780F002064E0000880B584B000AF0F4B4F
:10ACA0001B68FB600E4B1B68BB600E4B1B687B6018
:10ACB000FA687B681344FB60FB68002B09D008220C
:10ACC0000949F86800F014F804220849B86800F04F
:10ACD0000FF800BF1037BD4680BD00BFACF7FF1FA7
:10ACE000B0F7FF1FB4F7FF1F6201002072010020C0
:10ACF00080B487B000AFF860B9601346FB710023E1
:10AD0000FB750023FB7527E0FB681B0F092B0BD895
:10AD1000FB681B0FDAB2FB7D5B001946BB680B4476
:10AD20003032D2B21A700AE0FB681B0FDAB2FB7D38
:10AD30005B001946BB680B443732D2B21A70FB680D
:10AD40001B01FB60FB7D5B000133BA6813440022EA
:10AD50001A70FB7D0133FB75FA7DFB799A42D3D3E0
:10AD600000BF00BF1C37BD465DF8047B7047000084
:10AD700080B58AB000AF786007F1140300221A6032
:10AD80005A609A60DA601A617B681B681C4A9342B9
:10AD900031D11C4B5B691B4A43F400335361194B9F
:10ADA0005B6903F400333B613B694FF4C0537B6143
:10ADB0000223BB610023FB6103233B620E237B6202
:10ADC00007F1140319464FF09040F6F779FF0D4B49
:10ADD000DB690C4A43F40003D3610A4BDB6903F4DB
:10ADE0000003FB60FB68002200211420F6F731FF0E
:10ADF0001420F6F74AFF00BF2837BD4680BD00BFCC
:10AE0000005C00400010024080B582B000AF786066
:10AE10007B68D3F8D0227B6803F526731946104669
:10AE2000FEF758FD00BF0837BD4680BD80B582B033
:10AE300000AF78600B46FB707B68D3F8D002FA78DD
:10AE4000796813469B001344DB000B4403F5B2738F
:10AE50001A68FB781946FEF78AFD00BF0837BD4621
:10AE600080BD80B582B000AF78600B46FB707B6818
:10AE7000D3F8D002FA78796813469B001344DB00BC
:10AE80000B4424331A68FB781946FEF7E1FD00BF36
:10AE90000837BD4680BD80B582B000AF78607B6862
:10AEA000D3F8D0321846FEF7F4FE00BF0837BD468F
:10AEB00080BD80B584B000AF78600123FB737B68F0
:10AEC0005B79022B01D0F6F765FB7B68D3F8D032B3
:10AED000FA7B11461846FEF7A1FE7B68D3F8D03204
:10AEE0001846FEF75AFE00BF1037BD4680BD000071
:10AEF00080B582B000AF78607B68D3F8D032184656
:10AF0000FEF79CFE7B685B7A002B05D0044B1B6927
:10AF1000034A43F00603136100BF0837BD4680BDF6
:10AF200000ED00E080B582B000AF78607B68D3F8B8
:10AF3000D0321846FEF797FE00BF0837BD4680BDE9
:10AF400080B582B000AF7860284A7B68C2F8D03202
:10AF50007B68264AC3F8C022244B254A1A60234B3B
:10AF600008221A71214B02225A71204B0222DA71F7
:10AF70001E4B00225A721D4B0022DA721B48F7F753
:10AF800095F90346002B01D0F6F704FB7B68D3F854
:10AF9000C002182300220021F8F70EFE7B68D3F8C8
:10AFA000C002582300228021F8F706FE7B68D3F800
:10AFB000C002C02300228121F8F7FEFD7B68D3F890
:10AFC000C0024FF4887300220121F8F7F5FD7B6879
:10AFD000D3F8C0024FF4807300228221F8F7ECFD11
:10AFE000002318460837BD4680BD00BF78110020F9
:10AFF000005C004080B584B000AF78600023FB7334
:10B000000023BB737B68D3F8C0321846F7F715FAF4
:10B010000346FB73FB7B184600F052F90346BB73F3
:10B02000BB7B18461037BD4680BD80B584B000AFED
:10B030007860084611461A460346FB700B46BB7003
:10B0400013463B800023FB730023BB737B68D3F85C
:10B05000C002BB783A88F978F7F70DFB0346FB731B
:10B06000FB7B184600F02CF90346BB73BB7B1846EC
:10B070001037BD4680BD80B584B000AF78600B4608
:10B08000FB700023FB730023BB737B68D3F8C032D3
:10B09000FA7811461846F7F74BFB0346FB73FB7B28
:10B0A000184600F00DF90346BB73BB7B18461037FA
:10B0B000BD4680BD80B584B000AF78600B46FB70A4
:10B0C0000023FB730023BB737B68D3F8C032FA788C
:10B0D00011461846F7F7F4FB0346FB73FB7B184653
:10B0E00000F0EEF80346BB73BB7B18461037BD4635
:10B0F00080BD80B584B000AF78600B46FB70002344
:10B10000FB730023BB737B68D3F8C032FA78114617
:10B110001846F7F727FC0346FB73FB7B184600F045
:10B12000CFF80346BB73BB7B18461037BD4680BDC6
:10B1300080B485B000AF78600B46FB707B68D3F8B5
:10B14000C032FB6097F90330002B0BDAFB7803F079
:10B150007F02F96813469B001344DB000B44123353
:10B160001B780BE0FB7803F07F02F96813469B0025
:10B170001344DB000B4403F5A9731B7818461437FE
:10B18000BD465DF8047B704780B584B000AF786041
:10B190000B46FB700023FB730023BB737B68D3F863
:10B1A000C032FA7811461846F7F741FA0346FB73A6
:10B1B000FB7B184600F084F80346BB73BB7B184644
:10B1C0001037BD4680BD80B586B000AFF8607A60AC
:10B1D0001A460B46FB7213463B810023FB75002386
:10B1E000BB75FB68D3F8C0023B89F97A7A68F7F738
:10B1F00030FB0346FB75FB7D184600F061F8034603
:10B20000BB75BB7D18461837BD4680BD80B586B07E
:10B2100000AFF8607A601A460B46FB7213463B811A
:10B220000023FB750023BB75FB68D3F8C0023B8984
:10B23000F97A7A68F7F7C4FA0346FB75FB7D18467E
:10B2400000F03EF80346BB75BB7D18461837BD4677
:10B2500080BD80B582B000AF78600B46FB707B6824
:10B26000D3F8C032FA7811461846F7F7DAFA0346EF
:10B2700018460837BD4680BD80B483B000AF786003
:10B28000034B18460C37BD465DF8047B704700BF82
:10B290004C14002080B483B000AF786000BF0C373E
:10B2A000BD465DF8047B704780B483B000AF786022
:10B2B0000B46FB7000BF0C37BD465DF8047B704742
:10B2C00080B485B000AF0346FB710023FB73FB79AC
:10B2D000032B17D801A252F823F000BFEDB20008EB
:10B2E000F3B20008F9B20008FFB200080023FB73B4
:10B2F0000BE00223FB7308E00123FB7305E002234C
:10B30000FB7302E00223FB7300BFFB7B184614377C
:10B31000BD465DF8047B70472DE9FF4757EC106B85
:10B32000002F0C4619463B46BBBF07F100431F46A2
:10B3300000232D230B700D9BDDF830A0914623F0E8
:10B340002008BCBF32461646B8F1460F05D0B8F10A
:10B35000450F00D10134022100E0032103AB01932A
:10B3600002AB009347EC106B5346224600F070FE90
:10B37000B8F1470F054619D119F0010F0ED000EBB7
:10B3800004090022002330463946F5F7ADFB08B129
:10B39000CDF80C903022039B4B451ED3039B0E9A95
:10B3A0005B1B2846136004B0BDE8F087B8F1460F78
:10B3B00000EB0409E5D10378302B0AD100220023E9
:10B3C00030463946F5F790FB18B9C4F10104CAF8C4
:10B3D0000040DAF800309944D3E7591C03911A7001
:10B3E000D9E7F7B50029BABF49422D232B230929F4
:10B3F0000270437029DD0DF107031D460A271A4626
:10B40000B1FBF7F607FB1614303402F8014C0C467A
:10B41000632C03F1FF333146F1DC3031941E03F825
:10B42000011C411C2346AB420AD30DF109039B1AB0
:10B43000AC4288BF002302330344181A03B0F0BDA6
:10B4400013F8016B01F8016FEDE7302330318370A1
:10B45000C170031DF1E700002DE9F04F8DB00C46DF
:10B46000DDF8588016461F46054600F0EFFC0368DD
:10B4700004931846F4F70CFF00230A93D8F8003021
:10B480000590073323F0070303F1080294F818A08E
:10B49000D4F800B0C8F80020D3E9008929F00043AF
:10B4A0000793CDF81880C4E91289DDE906019C4BA9
:10B4B0004FF0FF32F5F74AFB70BBDDE90601984B10
:10B4C0004FF0FF32F5F724FB30BB0022002340464B
:10B4D0004946F5F713FB10B12D2384F84330914A08
:10B4E000914BBAF1470F8CBF9046984603232361D6
:10B4F0002BF0040323604FF00009009733460BAA9A
:10B500002146284600F0D2F9013040F08D804FF0FE
:10B51000FF300DB0BDE8F08F42464B4640464946ED
:10B52000F5F714FB40B14B46002BBCBF2D2384F82C
:10B5300043307E4A7E4BD4E763680AF0DF0206920E
:10B540005A1C3BD1062363604BF4806200232260C7
:10B5500003930AABCDE901A309AB0093616849EC01
:10B56000108B0DF123032846FFF7D6FE069B0999A1
:10B57000472B804629D1C81C02DB6368994241DD14
:10B58000AAF1020A5FFA8AFA0139524604F1500020
:10B590000991FFF726FF0A9A1318012A81462361B1
:10B5A00002DC2268D20701D5013323619DF82330E4
:10B5B000002BA2D02D2384F843309EE7069A472A19
:10B5C000C2D1002BC0D10123BDE7BAF1650FDBD991
:10B5D000BAF1660F18D1002963680BDD216113B938
:10B5E0002268D00702D501330B442361A1654FF0D7
:10B5F0000009DBE713B92268D20701D50233F4E76B
:10B600000123F2E74FF0670A0A9B994205DB2368A2
:10B610002161D807EAD54B1CE7E70029D4BFC1F167
:10B62000020201221344E0E723685A0507D4236984
:10B63000424631462846B84701302BD167E7BAF178
:10B64000650F40F2DD80D4E9120100220023F5F7F6
:10B650004BFA002833D0374A012331462846B847F1
:10B6600001303FF454AFDDE90938434502DB23687C
:10B67000D8070FD5DDE9042331462846B847013005
:10B680003FF445AF4FF0000908F1FF3804F11A0A02
:10B69000C84509DC23689B0700F10381E0680B9B28
:10B6A0009842B8BF184634E701235246314628462F
:10B6B000B84701303FF42BAF09F10109E8E7099BD6
:10B6C000002B39DC1B4A012331462846B84701309C
:10B6D0003FF41DAFDDE9093959EA030302D12368BC
:10B6E000D907D7D5DDE9042331462846B8470130CC
:10B6F0003FF40DAF4FF0000A04F11A0B099B5B42B7
:10B70000534501DC4B4693E701235A463146284610
:10B71000B84701303FF4FBAE0AF1010AEEE700BF83
:10B72000FFFFEF7FA8E00008A4E00008B0E00008F9
:10B73000ACE00008B4E00008A36DDDF828A0534594
:10B74000A8BF5346002B994636DC4FF0000B29EA80
:10B75000E97904F11A02A36D0693A3EB09035B4593
:10B7600031DC099B9A453ADC2368DA0737D4099B18
:10B77000AAEB0309069BAAEB03039945A8BF9946C8
:10B78000B9F1000F33DC4FF0000829EAE97904F140
:10B790001A0B099BAAEB0303A3EB090343457FF7AD
:10B7A00079AF01235A4631462846B84701303FF465
:10B7B000AEAE08F10108ECE7424631462846B847EC
:10B7C0000130C2D1A3E60123314628460692B8478C
:10B7D00001303FF49CAE069A0BF1010BBBE7DDE9AB
:10B7E000042331462846B8470130C0D18FE6069A77
:10B7F0004B46424431462846B8470130C3D186E61D
:10B80000DDF828A0BAF1010F01DCDB0736D50123F2
:10B81000424631462846B84701303FF478AEDDE96C
:10B82000042331462846B84701303FF470AED4E9CE
:10B830001201002200230AF1FF3AF5F755F9C0B9C9
:10B84000534608F1010231462846B84701300CD171
:10B850005DE601235A4631462846B84701303FF499
:10B8600056AE08F10108D045F3DB4B4604F1500217
:10B87000DFE64FF0000804F11A0BF4E7012342461B
:10B88000E1E701234A4631462846B84701303FF4F4
:10B890003EAE08F10108E3680B995B1A4345F0DC02
:10B8A000FCE64FF0000804F11909F4E72DE9F04730
:10B8B000164698468A680B69DDF820909342B8BF17
:10B8C0001346336091F8432007460C460AB1013312
:10B8D00033602368990642BF3368023333602568BA
:10B8E00015F0060506D104F1190AE36832689B1ABF
:10B8F000AB4226DC94F843302268003B18BF01239A
:10B9000092062BD404F1430241463846C847013021
:10B910001ED02368226903F00603042B02BFE568EA
:10B920003368ED1AA3680CBF25EAE575002593423C
:10B93000C4BF9B1AED1800261A34B5421AD1002054
:10B9400008E00123524641463846C847013003D13A
:10B950004FF0FF30BDE8F0870135C6E7E1185A1C0B
:10B96000302081F84300224494F8451082F84310B7
:10B970000233C7E70123224641463846C847013013
:10B98000E6D00136D9E700002DE9FF470F7E0C9E77
:10B99000782F914680460C469A4601F1430207D81B
:10B9A000622F0AD8002F00F0D180582F00F0B88005
:10B9B00004F1420684F842703AE0A7F16303152BC4
:10B9C000F6D801A151F823F021BA000835BA0008D1
:10B9D000B1B90008B1B90008B1B90008B1B900089F
:10B9E00035BA0008B1B90008B1B90008B1B900080A
:10B9F000B1B9000833BB00085FBA0008EDBA00080F
:10BA0000B1B90008B1B9000855BB0008B1B90008C8
:10BA10005FBA0008B1B90008B1B90008F5BA00086A
:10BA200033681A1D1B68326004F1420684F8423004
:10BA300001239CE033682068191D3160060601D59A
:10BA40001D6803E04506FBD5B3F90050002D03DA6D
:10BA50002D236D4284F8433058480A2311E02168B1
:10BA60003368080653F8045B02D4490648BFADB2F8
:10BA70006F2F5248336014BF0A230823002184F833
:10BA800043106668A660002E05DB21682E4321F076
:10BA9000040121604BD01646B5FBF3F103FB1157AF
:10BAA000C75D06F8017D2F46BB420D46F4D9082B31
:10BAB0000BD12368DF0708D5236961689942DEBF8F
:10BAC000302306F8013C06F1FF36921B2261CDF8C7
:10BAD00000A04B4603AA21464046FFF7E7FE01308F
:10BAE0004AD14FF0FF3004B0BDE8F087236843F03F
:10BAF000200323603248782784F845702368316832
:10BB00001F0651F8045B02D45F0648BFADB2316036
:10BB1000D90744BF43F0200323601DB11023ADE7D4
:10BB20002648E9E7236823F020032360F6E716465A
:10BB3000BDE7336825686169181D30602E061B68F3
:10BB400001D5196002E06806FBD519800023236146
:10BB50001646BCE733681A1D32601E686268002111
:10BB60003046F4F745FB08B1801B606063682361D1
:10BB7000002384F84330AAE7236932464946404609
:10BB8000D0470130ADD023689B0713D4E068039BF6
:10BB90009842B8BF1846A6E70123324649464046B8
:10BBA000D04701309DD00135E36803995B1AAB4261
:10BBB000F2DCEBE7002504F11906F5E7B6E0000832
:10BBC000C7E00008002310B50446C0E90033C0E90F
:10BBD0000433836081814366C281836119460822F0
:10BBE0005C3000F02AF90D4B63620D4BA3620D4BE4
:10BBF000E3620D4B23630D4B24629C4206D003F19C
:10BC00006802944202D0D0339C4205D104F158001E
:10BC1000BDE8104000F08EB910BD00BFB5BD0008F2
:10BC2000D7BD00080FBE000833BE00086C16002008
:10BC3000024A0349034800F069B800BF7C010020B4
:10BC40009DD800088C01002041680C4B994210B52A
:10BC5000044601D001F022FEA168094B994202D0AE
:10BC6000204601F01BFEE168064B994204D02046B5
:10BC7000BDE8104001F012BE10BD00BF6C160020E0
:10BC8000D41600203C17002010B50B4B0B4C0C4A6F
:10BC90001A60204600220421FFF794FF04F1680097
:10BCA00001220921FFF78EFF04F1D0000222BDE836
:10BCB00010401221FFF786BFA41700206C16002049
:10BCC00031BC0008014800F036B900BFAD170020B4
:10BCD000014800F031B900BFAD17002010B504468F
:10BCE000FFF7F0FF236A1BB1BDE81040FFF7F0BF7C
:10BCF000044B2362044B1B68002BF5D1FFF7C4FFF4
:10BD0000F2E700BF49BC0008A41700202DE9F84362
:10BD10000746884614460026D4E90195B9F1010981
:10BD200005D52468002CF7D13046BDE8F883AB89EF
:10BD3000012B07D9B5F90E30013303D02946384617
:10BD4000C04706436835E9E70CB430B5184B0C1E04
:10BD50001D689DB008DA8B232B604FF0FF301DB0BB
:10BD6000BDE8304002B070474FF40273ADF81430B4
:10BD70004FF000031B9314BF04F1FF3323460493D9
:10BD800007934FF6FF7302900690ADF81630209A95
:10BD900021AB02A92846019301F000FC431CBCBF63
:10BDA0008B232B60002CDAD0029B00221A70D6E77E
:10BDB0008801002010B50C46B1F90E1000F06CF8A7
:10BDC0000028ABBF636DA3891B1823F48053ACBF5D
:10BDD0006365A38110BD2DE9F0411F468B89DB050A
:10BDE00005460C46164605D5B1F90E100223002271
:10BDF00000F040F8A389B4F90E1023F48053A38116
:10BE000032463B462846BDE8F04100F057B810B531
:10BE10000C46B1F90E1000F02DF8431CA38915BF94
:10BE2000606523F4805343F48053A38118BFA3813A
:10BE300010BDB1F90E1000F00DB802440346934254
:10BE400000D1704703F8011BF9E700000048704774
:10BE5000C802002038B5064D0023044608462B6072
:10BE6000F5F710FD431C02D12B6803B1236038BDE8
:10BE7000A817002038B5074D044608461146002291
:10BE80002A601A46F5F725FD431C02D12B6803B141
:10BE9000236038BDA817002038B5074D0446084672
:10BEA000114600222A601A46F5F7B3FC431C02D162
:10BEB0002B6803B1236038BDA817002038B5074DA3
:10BEC00004460846114600222A601A46F5F7BEFCD1
:10BED000431C02D12B6803B1236038BDA817002092
:10BEE000014B1868704700BF8801002070B50D4DE8
:10BEF0000D4C641BA4100026A64209D10B4D0C4C1E
:10BF000002F06AF8641BA4100026A64205D170BD99
:10BF100055F8043B98470136EEE755F8043B98473F
:10BF20000136F2E724E4000824E4000824E40008D1
:10BF300028E400087047704770472DE9F74F036900
:10BF40000C69A34207467EDB013C01F11408A30003
:10BF500000F11405009305EB8403019358F8243095
:10BF600055F8242001339A4208EB8409B2FBF3F61A
:10BF70002ED34FF0000AC446AE46D3465CF8043BCD
:10BF800098B206FB00A0020C1B0C06FB0323DEF894
:10BF9000002080B292B2121A5A44DEF800004FEA32
:10BFA000134A9BB2C3EB224303EB104392B242EA23
:10BFB0000342E1454EF8042B4FEA234BDED2009BAF
:10BFC000EB582BB9019B043B9D421A462FD33C6191
:10BFD000384601F07FF9002825DB2946002058F873
:10BFE000042BD1F800C01FFA82FE1FFA8CF3A3EBDA
:10BFF0000E030344120CC2EB234202EB1C429BB221
:10C0000043EA0243C14541F8043B4FEA2240E6D2ED
:10C0100055F8242005EB840322B9043B9D421A46BF
:10C020000BD33C610136304603B0BDE8F08F126897
:10C03000043B002ACBD1013CC6E71268043B002A2E
:10C04000EFD1013CEAE70020EEE70000000000002D
:10C050002DE9F04FC76997B08DED040B55EC104BEF
:10C06000209E079181460C9211937FB9102000F019
:10C0700009FE0246C9F81C0020B9A94BEF21A948C6
:10C0800001F06CFCC0E901770760C760D9F81C308B
:10C09000196859B15A684A60012393408B60484639
:10C0A00000F0E6FED9F81C3000221A602B1EB9BF42
:10C0B00023F00043059300233360059F9A4BBCBFD8
:10C0C00001223260BB4312D1119A42F20F73136006
:10C0D000C7F31303234300F05A85219BDFF85CA2CA
:10C0E000002B00F05C850AF1030300F056BD9DEDC6
:10C0F000047B002251EC170B00238DED0A7BF4F733
:10C10000F3FC804658B1119A01231360219B13B1AF
:10C11000219A864B1360DFF828A200F040BD9DED08
:10C120000A0B14AA15A9484601F084F9C7F30A5668
:10C130000290002E78D00B9BCDF84880C3F31303F8
:10C14000DDE90A0143F07F5343F44013A6F2FF36C2
:10C1500019460022764BF4F7A7F86BA3D3E9002326
:10C16000F4F75AFA6AA3D3E90023F4F79FF80446D8
:10C1700030460D46F4F7E6F967A3D3E90023F4F758
:10C180004BFA02460B4620462946F4F78FF8044640
:10C190000D46F4F7F1FC002207460023204629460D
:10C1A000F4F7ACFC40B13846F4F7CCF922462B4604
:10C1B000F4F79AFC00B9013F162F52D85D4B03EB00
:10C1C000C703D3E90023DDE90A01F4F797FC00284F
:10C1D00049D0013F00231093149B9B1B5A1E45BF5F
:10C1E000C3F10103009300230023069254BF009380
:10C1F0000693002F39DB069B0D973B4406930023E3
:10C200000893079B092B63D8052BC4BF043B0793F6
:10C21000079BA3F10203CCBF00240124032B63D8A6
:10C22000DFE803F05254372BDDE914631E4406F2B5
:10C230003243202BC1BFC3F140039F4006F212439B
:10C2400024FA03F3D6BFC3F1200347EA030004FA3C
:10C2500003F0F4F767F90122A1F1F873013E12929D
:10C2600076E70123B7E71090B6E7009BDB1B00934E
:10C270007B42089300230D93C3E7012309930C9B92
:10C2800007EB030B0BF10103012B0393B8BF012351
:10C2900006E0012309930C9B002B28DD9B460393AA
:10C2A000D9F81C000021042202F114059D4226D970
:10C2B0004160484600F09CFD8246002842D11E4B5A
:10C2C000024640F2AF11DAE60023E3E70023D5E7A8
:10C2D00001240023079309944FF0FF3B0022CDF87F
:10C2E0000CB012230C92DBE701230993F4E74FF023
:10C2F000010BCDF80CB05B46CDF830B0D0E7013182
:10C300005200D1E7AFF3008061436F63A787D23F4C
:10C31000B3C8608B288AC63FFB799F501344D33F34
:10C32000E5E00008FCE000080000F07FB5E0000850
:10C330000000F83F50E2000854E10008E1E0000886
:10C34000B4E00008D9F81C301860039B0E2B00F2F3
:10C35000A180002C00F09E80002F33DD9C4B07F065
:10C360000F0203EBC20393ED007BF8058DED0E7B0E
:10C370004FEA271416D5974BDDE90A01D3E90823C4
:10C38000F4F774FACDE9040104F00F040326914D8B
:10C3900054B9DDE90E23DDE90401F4F767FACDE9CC
:10C3A000040128E00226F2E7E10708D5DDE90E01E5
:10C3B000D5E90023F4F730F9CDE90E010136641018
:10C3C0000835E5E700F0AF807C42814B814D04F0F9
:10C3D0000F0203EBC203D3E90023DDE90A01F4F7FE
:10C3E0001BF9CDE90401241100230226002C40F0A2
:10C3F0008F80002BD3D1109BDDE90445002B00F08A
:10C400009480754B002220462946F4F777FB0028DC
:10C4100000F08B80039B002B00F08780BBF1000FA6
:10C4200034DD20466D4B00222946F4F7F5F8CDE9BE
:10C43000040107F1FF3801365C463046F4F782F814
:10C44000DDE90423F4F7E8F8654B0022F3F72EFF4B
:10C450000546A1F15076002C6AD1DDE90401614B5B
:10C460000022F3F721FF02460B46CDE904232A46BA
:10C470003346F4F761FB002840F09882DDE90401BF
:10C480002A4606F10043F4F739FB38BBDDE90A34EC
:10C49000CDE90434159B002BC0F257810E2F00F319
:10C4A00054814B4B03EBC70393ED007B0C9B002B9C
:10C4B0008DED007B80F2E580039B002B00F3E18093
:10C4C0000CD1484B002251EC170BF4F7A5F8DDE92D
:10C4D0000423F4F727FB002800F066820024254699
:10C4E0000C9B56466FEA030800272146484600F099
:10C4F000BFFC002D00F0BD802FB1AF4203D0394604
:10C50000484600F0B5FC2946484600F0B1FCB0E0D2
:10C51000E20705D5D5E90023F4F77EF801360123BB
:10C520006410083562E7022665E7039CB84684E795
:10C53000274B099903EBC40353E902235444002910
:10C5400054D029490020F4F791F933462A46F3F7ED
:10C55000ABFECDE90E015646DDE90401F4F70CFB14
:10C560000546F3F7EFFF02460B46DDE90401F3F75A
:10C570009BFE303502460B46CDE9042306F8015BED
:10C58000DDE90E23F4F7BAFA002872D1DDE90423BD
:10C5900011490020F3F788FEDDE90E23F4F7AEFA27
:10C5A000002840F0B480A6423FF470AFDDE90E01F0
:10C5B0000A4B0022F4F730F8084BCDE90E010022B7
:10C5C000DDE90401F4F728F8CDE90401C4E700BF70
:10C5D00050E2000828E200080000F03F000024407C
:10C5E00000001C40000014400000E03F3146284697
:10C5F000F4F712F8CDE90E0113945646DDE9040173
:10C60000F4F7BAFA0546F3F79DFF02460B46DDE95B
:10C610000401F3F749FE303506F8015B02460B468C
:10C62000A642CDE904234FF0000224D1AF4BDDE94F
:10C630000E01F3F73BFE02460B46DDE90401F4F779
:10C640007BFA002863D1DDE90E23A8490020F3F727
:10C650002BFE02460B46DDE90401F4F74FFA0028F1
:10C660003FF414AF139E731E139316F8013C302B46
:10C67000F8D047463BE09E4BF3F7CEFFCDE90401EF
:10C68000BCE7DDE904455646DDE90023204629469E
:10C69000F4F7ECF8F4F770FA8046F3F753FFDDE9AE
:10C6A0000023F3F7B9FF02460B462046294608F15E
:10C6B0003004F3F7F9FD06F8014B039DA6EB0A04DD
:10C6C000A54202460B4633D1F3F7F0FDDDE9002326
:10C6D00004460D46F4F730FAC0B9DDE900232046E0
:10C6E0002946F4F701FA10B118F0010F0ED10299A2
:10C6F000484600F0BDFB00233370119B01371F60DB
:10C70000219B002B00F04B821E6048E2B846334666
:10C710001E4613F8012D392A06D19A45F8D1302248
:10C7200008F101088AF800201A7801321A70A0E78F
:10C730006F4B0022F3F770FF0022002304460D46E2
:10C74000F4F7D2F900289FD0D1E7099A002A00F027
:10C75000EA80079A012A00F3CD80129A002A00F09D
:10C76000C18003F23343089C009E009A1A44009251
:10C77000069A01211A444846069200F02DFC05460F
:10C7800066B1069B002B09DDB342009AA8BF334671
:10C79000D21A0092069AF61AD31A0693089B0BB384
:10C7A000099B002B00F0C680002C00F0C0802946B9
:10C7B0002246484600F0C8FC029A01460546484613
:10C7C00000F020FC02998046484600F051FB089B8F
:10C7D0001B1B089300F0B180089A4146484600F0C0
:10C7E000B3FC02900121484600F0F6FB0D9B044685
:10C7F000002B00F0D8811A460146484600F0A4FC00
:10C80000079B012B044600F39F80049B002B40F004
:10C810009780059BC3F31303002B40F09380059B87
:10C8200023F000431B0D1B0533B1009B0133009324
:10C83000069B01330693012308930D9B002B00F008
:10C84000B881236904EB8303186900F079FBC0F118
:10C850002000069B184410F01F0000F08280C0F1F9
:10C860002003042B73DD009BC0F11C0003440093E4
:10C87000069B034406440693009B002B05DD0299AA
:10C880001A46484600F0BAFC0290069B002B05DDD4
:10C8900021461A46484600F0B1FC0446109B002B86
:10C8A00061D00298214600F015FD00285BDA0023D4
:10C8B00002990A22484600F0FDFA099B029007F10E
:10C8C000FF38002B00F07781294600230A224846D2
:10C8D00000F0F0FABBF1000F05466FDC079B022B5E
:10C8E00049DC6BE0149BC3F136033CE70000E03FFA
:10C8F00000002440039B5C1E089BA34209DB1C1B19
:10C90000039B002BBFF630AF009B039A9E1A0023B7
:10C910002BE7089B0D9A0894E31A1A44009E039B88
:10C920000D92002421E7089C009E099D28E7DDF870
:10C93000088051E7089A029950E7CDF8088051E73E
:10C94000002379E7049B77E70023089379E793D0E6
:10C95000009A1C331A440092069A1A441E44069206
:10C960008AE70346F4E7039B002BB84620DC9B468E
:10C97000079B022B1EDDBBF1000F7FF4B1AD2146FA
:10C980005B460522484600F095FA014604460298A7
:10C9900000F0A0FC00287FF7A3AD5646312306F82F
:10C9A000013B08F101089FE5039CB8462546F4E7E2
:10C9B000DDF80CB0099B002B00F00181002E05DD95
:10C9C00029463246484600F019FC0546089B002BD4
:10C9D0005CD06968484600F00BFA064628B9824BDD
:10C9E000024640F2EF21FFF74ABB2A690232920069
:10C9F00005F10C010C3000F0A3FF0122314648463E
:10CA000000F0FCFB0AF1010300930AEB0B0308930F
:10CA1000049B03F001032F4606930546009B0298F2
:10CA2000214603F1FF3BFFF788FA034630330390BA
:10CA300039460298099300F04DFC2A46049021469D
:10CA4000484600F063FCC268099B064602BB0146EB
:10CA5000029800F03FFC099B0246314648460C9282
:10CA6000099300F005FA079B0C9A009E42EA030125
:10CA7000069B1943099B0DD1392B27D0049A002A14
:10CA800001DD039B31338BF800302EE52846B9E7F2
:10CA90000122E2E70499002904DB07980143069884
:10CAA000014320D1002AEEDD02990093012248467D
:10CAB00000F0A4FB2146029000F00CFC0028009B33
:10CAC00002DCE0D1DA07DED5392BDAD139238BF855
:10CAD000003033461E46013B16F8012C392A4ED051
:10CAE00001321A7001E5002A03DD392BEED0013343
:10CAF000C9E7009A089902F8013C8A4228D00299B5
:10CB000000230A22484600F0D5F9AF4202904FF0C8
:10CB100000034FF00A023946484607D100F0CAF92F
:10CB200007460546009B0133009377E700F0C2F902
:10CB30002946074600230A22484600F0BBF905466D
:10CB4000F0E7BBF1000FCCBF5E460126564400273C
:10CB5000029900930122484600F050FB21460290C2
:10CB600000F0B8FB0028B4DC02D1009BDB07B0D496
:10CB700033461E4613F8012D302AFAD0B5E49A4503
:10CB8000A8D1312308F101088AF80030ADE4219BD7
:10CB9000DFF858A01BB10AF10803219A1360504630
:10CBA00017B0BDE8F08F079B012B7FF72EAE0D9BD2
:10CBB000089301204DE6BBF1000F7FF7D9AE564632
:10CBC00002982146FFF7B9F900F1300306F8013B5E
:10CBD000A6EB0A029345B4DD029900230A224846D7
:10CBE00000F068F90290EBE754E10008D8E0000893
:10CBF00038B50546002941D051F8043C0C1F002BE4
:10CC0000B8BFE41800F0E8F81D4A136833B9636050
:10CC100014602846BDE8384000F0E4B8A34208D9C3
:10CC2000206821188B4201BF19685B6809182160D0
:10CC3000EDE71A465B680BB1A342FAD911685018A8
:10CC4000A0420BD120680144501883421160E0D10A
:10CC500018685B68536008441060DAE702D90C2357
:10CC60002B60D6E7206821188B4204BF19685B68E7
:10CC7000636004BF091821605460CAE738BD00BF73
:10CC8000B4170020024B0146186800F025B800BF19
:10CC90008801002070B50F4E0C463168054611B969
:10CCA00000F03EFE30602146284600F039FE431C6D
:10CCB00003D14FF0FF34204670BDC41C24F00304A0
:10CCC000A042F8D0211A284600F02AFE0130F2D105
:10CCD000EFE700BFB01700202DE9F843CD1C25F089
:10CCE000030508350C2D38BF0C25002D064601DB49
:10CCF000A94204D90C2333600020BDE8F883DFF893
:10CD0000D48000F069F8D8F800301C4644BB2946AE
:10CD10003046FFF7BFFF431C044658D1D8F8004007
:10CD20002746002F43D1002C4BD02368394630468C
:10CD300004EB030900F0F4FD814542D121686D1A2E
:10CD400029463046FFF7A6FF01303AD023682B442E
:10CD50002360D8F800305A6862BBC8F800700FE052
:10CD60002268521B20D40B2A17D96119A3422560CF
:10CD700018BF5960636808BFC8F8001062514B6063
:10CD8000304600F02FF804F10B00231D20F00700BF
:10CD9000C21A1CBF1B1AA350AFE76268A3420CBFA4
:10CDA000C8F800205A60EBE723466468AEE73C46CB
:10CDB0007F68B6E71A465B68A342FBD10023536045
:10CDC000DEE70C233360304600F00CF894E7056092
:10CDD000D6E700BFB41700200148FFF7ACB800BF8A
:10CDE000AC1700200148FFF7A7B800BFAC17002020
:10CDF00070B5C66904460D4676B91020FFF742FFAC
:10CE00000246E06120B9184B18486B2100F0A6FDDE
:10CE1000C0E901660660C660E669F36883B1E3694C
:10CE2000DB6853F82500B8B9012101FA05F6721D37
:10CE30009200204600F0B0FD60B1C0E901560EE05E
:10CE400021220421204600F0A7FDE369F060DB68A1
:10CE5000002BE4D1002070BD026843F82520002398
:10CE6000C0E90333F7E700BFE5E0000865E100082B
:10CE700070B5C66905460C4676B91020FFF702FF6B
:10CE80000246E86120B9094B09488F2100F066FD90
:10CE9000C0E901660660C6603CB1EB696268DB68A8
:10CEA00053F82210216043F8224070BDE5E00008ED
:10CEB00065E100082DE9F0410D6907460C461E4664
:10CEC00001F1140C0020DCF8003099B202FB016182
:10CED0001E0C0B0C02FB063389B2013001EB03413F
:10CEE00085424CF8041B4FEA1346ECDC0EB3A368F2
:10CEF000AB4219DC616838460131FFF779FF8046A3
:10CF000028B902460C4B0D48BA2100F027FD2269D2
:10CF1000023204F10C0192000C3000F011FD2146A8
:10CF20003846FFF7A5FF444604EB850301355E61F3
:10CF300025612046BDE8F08154E1000865E1000864
:10CF4000B0F5803F034636BF030400201020B3F144
:10CF5000807F3CBF1B020830B3F1805F3CBF1B01E8
:10CF60000430B3F1804F3CBF9B000230002B05DB47
:10CF700013F0804F00F1010008BF202070470368C4
:10CF8000024613F007000BD0D90721D4980749BFF8
:10CF90005B089B08012013605CBF13600220704790
:10CFA00099B209B91B0C1020D9B209B908301B0A73
:10CFB000190704BF1B090430990704BF9B080230FE
:10CFC000D90703D45B0800F1010003D01360704758
:10CFD000002070472020704710B50C460121FFF754
:10CFE00007FF024628B9054B054840F2451100F0FD
:10CFF000B5FC01234461036110BD00BF54E100088A
:10D0000065E100082DE9F04F17460A693B699A422D
:10D01000A8BF3B468946A4BF0F4699463D69D9F84B
:10D0200010A0BB68796805EB0A06B34285B0B8BFAB
:10D030000131FFF7DDFE30B90246414B41484FF464
:10D04000B17100F08BFC00F1140404EB860E234652
:10D050000022734520D307F1140809F1140108EBED
:10D06000850501EB8A030293EB1B153B23F00303B9
:10D0700004331537BD4238BF04230193029B03914B
:10D080008B420CD8002E03DD5EF8043D002B55D0FA
:10D09000066105B0BDE8F08F43F8042BD9E7B1F87D
:10D0A00000A0BAF1000F1FD0C446A14600275CF8CB
:10D0B000042BD9F800301FFA82FB9BB20AFB0B331A
:10D0C0003B44D9F80070120C3F0C0AFB027202EBD1
:10D0D00013429BB243EA0243654549F8043B4FEAD9
:10D0E0001247E4D8019BE750039BB3F80290043148
:10D0F000B9F1000F20D023684746A4464FF0000A3C
:10D10000B7F800B0BCF8022009FB0B2252449BB2D6
:10D1100043EA02434CF8043B57F8043B4FEA134AF6
:10D12000BCF8003009FB0A3303EB1243BD424FEA5F
:10D13000134AE5D8019AA35004349FE7013EA1E7C2
:10D1400054E1000865E100082DE9F843154612F0A6
:10D15000030207460E4607D0254C013A002354F837
:10D160002220FFF7A7FE0646AD103DD0FC697CB932
:10D170001020FFF787FD0246F86128B91D4B1E48B5
:10D1800040F2B31100F0EAFBC0E901440460C4605E
:10D19000D7F81C80D8F808404CB940F271213846C5
:10D1A000FFF71AFF0023C8F80800044603604FF099
:10D1B0000009EB070AD5314622463846FFF722FF21
:10D1C000314680463846FFF753FE46466D100BD079
:10D1D000206838B9224621463846FFF713FF206001
:10D1E000C0F800900446E4E73046BDE8F88300BF8D
:10D1F00018E20008E5E0000865E100082DE9F047C5
:10D200000C464968236903EB6218A36807469146F8
:10D210004FEA621A08F10106B3420BDB3846FFF70A
:10D22000E7FD054648B90246284B29484FF4EF71FF
:10D2300000F094FB01315B00EEE7002300F11401E4
:10D2400000F110021846534533DB20692AEAEA7AD6
:10D2500004F1140319F01F0901EB8A0103EB800CA0
:10D260002BD0C9F1200E8A460022186800FA09F076
:10D2700010434AF8040B53F8042B9C4522FA0EF293
:10D28000F3D8ACEB0403153B23F00303043304F1A0
:10D290001500604588BF0423CA500AB108F1020690
:10D2A000013E38462E612146FFF7E2FD2846BDE8E3
:10D2B000F08742F8040F0133C5E7043953F8042B13
:10D2C00041F8042F9C45F9D8EAE700BF54E1000873
:10D2D00065E100080A6903460069801A30B50ED17D
:10D2E0001433143103EB820401EB820154F8045D22
:10D2F00051F8042D954203D005D24FF0FF3030BDD8
:10D30000A342F3D3FBE70120F9E700002DE9F74F33
:10D3100089460646114648461446FFF7DBFF051EC0
:10D3200012D129463046FFF763FD024628B93F4B2C
:10D3300040F237213E4800F011FB0123C0E90435DB
:10D34000104603B0BDE8F08FBCBF4B46A146304647
:10D35000D9F80410BABF1C4601250025FFF748FD87
:10D36000024618B9314B40F24521E3E7D9F8107075
:10D370002669C56009F1100309F1140504F1140EC2
:10D3800000F1140B05EB87080EEB86060193D946D6
:10D390004FF0000C019B5EF8040B53F804AF0193AF
:10D3A0001FFA8AF3194683B2CB1A000C6344C0EB10
:10D3B0001A4000EB23409BB243EA0043764549F80C
:10D3C000043B4FEA204CE5D8331B153B23F0030305
:10D3D00015340433A64238BF04231D445B441E4663
:10D3E0002C4644450ED308F10301491B21F00301EB
:10D3F000033DA84538BF00210B4453F8041D91B1EB
:10D4000017619DE754F8041BE646080C1CFA81FCE2
:10D41000714400EB2C4089B241EA004146F8041BFC
:10D420004FEA204CDDE7013FE7E700BF54E1000889
:10D4300065E100082DE9F7430F46012159EC108BF7
:10D440001646FFF7D5FC044630B90246234B244864
:10D4500040F20F3100F082FAC9F30A55C9F3130301
:10D460000DB143F480130193B8F1000323D0684653
:10D470000093FFF784FDDDE90012D0B1C0F1200375
:10D4800002FA03F30B43C24063610192019BA36163
:10D49000002B0CBF012202222261A5B1A5F2334567
:10D4A00005443D60C0F135003060204603B0BDE862
:10D4B000F0836161EAE701A8FFF761FD019B636109
:10D4C00020300122E8E704EB8203A0F2324038600A
:10D4D0001869FFF735FDC0EB4210E5E754E100089D
:10D4E00065E100082DE9F0478E681F46BE420B68D3
:10D4F00082460C4690462DD8B1F90C2012F4906F5C
:10D5000026D06569096905EB4505A3EB010905EB23
:10D51000D5757B1C4B446D109D4238BF1D4653058D
:10D5200027D52946FFF7D8FB064660B321694A464E
:10D5300000F006FAA38923F4906343F08003A381EB
:10D54000266165614E44A5EB09052660A5603E464F
:10D55000BE4200D93E4620683246414600F0C6F938
:10D56000A3689B1BA3602368334423600020BDE8AD
:10D57000F0872A4600F036FA06460028E0D12169F5
:10D580005046FFF735FB0C23CAF80030A38943F05F
:10D590004003A3814FF0FF30E9E700002DE9F04F91
:10D5A00098468B891B069DB007460D46144610D53C
:10D5B0000B6973B94021FFF78FFB2860286130B9F0
:10D5C0000C233B604FF0FF301DB0BDE8F08F4023CF
:10D5D0006B610023099320238DF82930CDF80C804E
:10D5E0003023DFF89C818DF82A304FF00109234663
:10D5F0009A4613F8012B0AB1252AF9D1BAEB040B8C
:10D600000BD05B46224629463846FFF76BFF0130B8
:10D6100000F0A780099A5A4409929AF80030002B2A
:10D6200000F09F8000234FF0FF32CDE905230AF17F
:10D63000010A049307938DF853301A935446052238
:10D6400014F8011B4E48F2F7D3FD049AD8B9D0065E
:10D6500044BF20238DF85330110744BF2B238DF88E
:10D6600053309AF800302A2B15D0079A54460020E0
:10D670004FF00A0C214611F8013B303B092B4BD9E6
:10D68000B0B1079214E0A0EB080309FA03F31343C7
:10D690000493A246D2E7039B191D1B680391002B3C
:10D6A000BBBF5B4242F0020207930793B8BF0492EC
:10D6B00023782E2B0AD163782A2B32D1039B1A1D93
:10D6C0001B68039243EAE37302340593DFF8C0A0BA
:10D6D000217803225046F2F78BFD38B1049BA0EB72
:10D6E0000A004022824013430134049314F8011BC2
:10D6F00024488DF828100622F2F77AFD002836D04B
:10D70000214B1BBB039B073323F007030833039311
:10D71000099B334409936AE70CFB02320C46012053
:10D72000A8E700230134059319464FF00A0C204660
:10D7300010F8012B303A092A03D9002BC6D00591E5
:10D74000C4E70CFB012104460123F0E703AB00937F
:10D750002A460E4B04A93846FDF77EFE421C0646BB
:10D76000D6D1AB895B063FF52DAF09982CE703AB0B
:10D7700000932A46054B04A93846FEF705F9EDE764
:10D78000BEE10008C8E1000859B40008E5D400086B
:10D79000C4E10008B1F90C202DE9F0411607054657
:10D7A0000C4654D44B68002B02DC0B6C002B48DD7C
:10D7B000E66A002E45D0002312F480522F68216AB9
:10D7C0002B6030D0626DA389590705D56368D21AE2
:10D7D000636B0BB1236CD21A0023E66A216A2846D8
:10D7E000B047431CA38906D129681D292BD82A4A92
:10D7F000CA40D60727D500226260D9042269226078
:10D8000004D5421C01D12B6803B96065616B2F60A0
:10D81000B9B104F14403994202D02846FFF7E8F970
:10D82000002363630DE001232846B0470246501CE5
:10D83000C9D12B68002BC6D01D2B01D0162B1ED1B1
:10D840002F60002022E043F040031BB21BE00F6971
:10D85000002FF6D093070E6808BF4B690F6018BF02
:10D860000023A6EB07088B60B8F1000FE9DD216A01
:10D87000A66A43463A462846B047002808DCB4F971
:10D880000C3043F04003A3814FF0FF30BDE8F0813E
:10D890000744A8EB0008E7E70100402038B50B6912
:10D8A00005460C4613B90025284638BD18B1036A51
:10D8B0000BB9FEF713FAB4F90C30002BF3D0626EFB
:10D8C000D00704D4990502D4A06DFEF734FB284696
:10D8D0002146FFF75FFF636EDA070546E4D4A389AC
:10D8E0009B05E1D4A06DFEF727FBDDE7884210B56C
:10D8F00001EB020402D98442234607D8431EA14209
:10D9000008D011F8012B03F8012FF8E70244014673
:10D910008A4200D110BD13F8014D02F8014DF7E71E
:10D9200038B5064D0023044608462B60F3F7DEFFAA
:10D93000431C02D12B6803B1236038BDA817002017
:10D940000A44914200F1FF3300D1704710B511F83D
:10D95000014B03F8014F9142F9D110BD1FB5144698
:10D960001A46094B1B680546D8684CB1074B009115
:10D97000CDE9013406492B4600F070F800F080F83C
:10D98000044B1C46F3E700BF88010020D9E10008E2
:10D99000E6E1000814E2000870B5A1FB025434B9B6
:10D9A0002946FFF799F9064628B9304670BD0C2282
:10D9B00002600026F9E72A462146FEF73EFAF4E720
:10D9C00082B001B901A942B14BB113780B60127852
:10D9D000101E18BF012002B070471046FBE76FF021
:10D9E0000100F8E72DE9F041074614460D4621B93C
:10D9F000BDE8F0411146FFF76FB92AB9FFF7F8F813
:10DA000025462846BDE8F08100F041F884420646EC
:10DA100002D8B4EB500FF4D821463846FFF75CF932
:10DA2000804608B94546ECE7B4422246294628BF5D
:10DA30003246FFF785FF29463846FFF7D9F8F1E768
:10DA40000346084641B1FF2A04D98A221A604FF0E2
:10DA5000FF3070470A700120704700000EB403B514
:10DA6000014603AB054853F8042B0068019300F00E
:10DA70003FF802B05DF804EB03B070478801002066
:10DA800008B5062000F008FA0120F3F7B7FE51F8B8
:10DA9000043C181F002BBCBF0B58C018704793687C
:10DAA000013B002B10B4936008DA9469A34201DBB8
:10DAB0000A2903D15DF8044B00F032B91368581CF1
:10DAC0001060197008465DF8044B7047F8B50646BB
:10DAD0000F461446D518AC4201D1002007E014F8D7
:10DAE000011B3A463046FFF7DAFF431CF3D1F8BD7D
:10DAF0002DE9F04F0D469DB014469846064618B1E4
:10DB0000036A0BB9FEF7EAF86B6ED90705D4AB8947
:10DB10009A0502D4A86DFEF70EFAAB891B0701D552
:10DB20002B699BB92946304600F038F970B16B6E0D
:10DB3000DC0704D54FF0FF301DB0BDE8F08FAB8996
:10DB40009805F7D4A86DFEF7F7F9F3E700230993DA
:10DB500020238DF82930CDF80C803023DFF8AC81FC
:10DB60008DF82A304FF0010923469A4613F8012B0D
:10DB70000AB1252AF9D1BAEB040B0BD05B46224639
:10DB800029463046FFF7A2FF013000F0A780099A2E
:10DB90005A4409929AF80030002B00F09F8000232D
:10DBA0004FF0FF32CDE905230AF1010A04930793F0
:10DBB0008DF853301A935446052214F8011B53482C
:10DBC000F2F716FB049AD8B9D10644BF20238DF88A
:10DBD0005330130744BF2B238DF853309AF800308D
:10DBE0002A2B15D0079A544600204FF00A0C2146E4
:10DBF00011F8013B303B092B4BD9B0B1079214E02F
:10DC0000A0EB080309FA03F313430493A246D2E7F7
:10DC1000039B191D1B680391002BBBBF5B4242F0A5
:10DC2000020207930793B8BF049223782E2B0AD1E0
:10DC300063782A2B32D1039B1A1D1B68039243EA97
:10DC4000E37302340593DFF8D4A021780322504611
:10DC5000F2F7CEFA38B1049BA0EB0A0040228240D2
:10DC600013430134049314F8011B29488DF828103C
:10DC70000622F2F7BDFA00283FD0264B1BBB039BC0
:10DC8000073323F0070308330393099B3B440993AD
:10DC90006AE70CFB02320C460120A8E7002301349E
:10DCA000059319464FF00A0C204610F8012B303A24
:10DCB000092A03D9002BC6D00591C4E70CFB01212A
:10DCC00004460123F0E703AB00932A46124B04A954
:10DCD0003046FDF7C1FB0746781CD6D16B6ED907DD
:10DCE00005D4AB899A0502D4A86DFEF725F9AB8956
:10DCF0005B063FF51FAF09981EE703AB00932A466A
:10DD0000054B04A93046FDF73FFEE4E7BEE10008FD
:10DD1000C8E1000859B40008CDDA0008C4E10008E1
:10DD2000F8B50E461446054618B1036A0BB9FDF75F
:10DD3000D5FFA369A360A3891A0701D5236943B955
:10DD40002146284600F02AF818B14FF0FF37384630
:10DD5000F8BD23682269981A6369F6B28342374690
:10DD600005DC21462846FFF799FD0028EDD1A36880
:10DD7000013BA36023685A1C22601E706269431C29
:10DD80009A4204D0A389DB07E1D50A2EDFD12146D0
:10DD90002846FFF783FD0028D9D0D6E738B5294BB0
:10DDA000054618680C4618B1036A0BB9FDF796FFD3
:10DDB000B4F90C30190722D4DA0607D409222A60F4
:10DDC00043F04003A3814FF0FF3033E0580712D5F2
:10DDD000616B41B104F14403994202D02846FEF739
:10DDE00007FF00236363A38923F02403A381002397
:10DDF000636023692360A38943F00803A381236937
:10DE00004BB9A38903F42073B3F5007F03D02146F7
:10DE1000284600F083F8B4F90C3013F001020AD060
:10DE20000022A26062695242A261226942B913F0E3
:10DE30008000C5D138BD990758BF6269A260F4E778
:10DE40000020F7E7880100201F2938B505460C4659
:10DE500004D9162303604FF0FF3038BDC26B12B1F6
:10DE600052F821304BB9284600F030F822460146DE
:10DE70002846BDE8384000F017B8012B0AD0591CDD
:10DE800003D1162303600120E7E7002142F82410A4
:10DE9000204698470020E0E7024B01461868FFF74C
:10DEA000D3BF00BF8801002038B5074D00230446CA
:10DEB000084611462B60F3F791FC431C02D12B68F6
:10DEC00003B1236038BD00BFA8170020F3F77EBC64
:10DED00070B50C46B1F90E10002996B015461E46D5
:10DEE0000DDAA38913F0800F4FF0000114BF402317
:10DEF0004FF48063002031602B6016B070BD6A461D
:10DF000000F048F80028ECDB019901F47041A1F51C
:10DF10000053594259414FF48063EBE78B89F7B5C1
:10DF20009D0706460C4607D504F14703236023618D
:10DF30000123636103B0F0BD01AB6A46FFF7C8FF80
:10DF4000009F054639463046FEF7C6FE48B9B4F98B
:10DF50000C309A05EED423F0030343F00203A381AF
:10DF6000E2E7A389206043F08003A381019BC4E919
:10DF700004075BB1B4F90E10304600F01DF828B16B
:10DF8000A38923F0030343F00103A381A3891D4365
:10DF9000A581CFE738B5074D002304460846114652
:10DFA0002B60F3F77BFC431C02D12B6803B1236089
:10DFB00038BD00BFA817002038B5064D0023044621
:10DFC00008462B60F3F77AFC431C02D12B6803B19F
:10DFD000236038BDA8170020F8B500BFF8BC08BC06
:10DFE0009E467047F8B500BFF8BC08BC9E46704717
:10DFF0007B22475952223A256C752C202258223A0E
:10E00000252E33662C202259223A252E33662C20C9
:10E01000225A223A252E33667D0D0A0032393435D4
:10E020003300000032393435340D0A0053544D3377
:10E0300032205669727475616C20436F6D506F7237
:10E040007400000053544D6963726F656C656374AE
:10E05000726F6E696373000043444320436F6E66C2
:10E060006967000043444320496E746572666163CA
:10E070006500000000000000000000000102030431
:10E080000607080902030405060708090A0B0C0D18
:10E090000E0F10100102030405060708090A0B0CF5
:10E0A0000D0E0F10494E4600696E66004E414E003F
:10E0B0006E616E00300030313233343536373839E6
:10E0C00041424344454600303132333435363738E7
:10E0D0003961626364656600496E66696E69747968
:10E0E000004E614E005245454E54206D616C6C6F80
:10E0F0006320737563636565646564002F62756989
:10E100006C642F676E752D746F6F6C732D666F72F4
:10E110002D73746D33325F31332E332E72656C3153
:10E120002E32303234303932362D313731352F738B
:10E1300072632F6E65776C69622F6E65776C6962AA
:10E140002F6C6962632F7374646C69622F64746FDF
:10E15000612E630042616C6C6F632073756363654D
:10E1600065646564002F6275696C642F676E752D38
:10E17000746F6F6C732D666F722D73746D33325FB5
:10E1800031332E332E72656C312E323032343039C9
:10E1900032362D313731352F7372632F6E65776CC0
:10E1A00069622F6E65776C69622F6C6962632F7389
:10E1B00074646C69622F6D707265632E6300232D29
:10E1C000302B2000686C4C0065666745464700436D
:10E1D00000504F534958002E002C2066756E637412
:10E1E000696F6E3A2000617373657274696F6E2097
:10E1F00022257322206661696C65643A2066696C29
:10E200006520222573222C206C696E6520256425EB
:10E210007325730A000000000500000019000000CB
:10E220007D000000000000000080E03779C341431A
:10E23000176E05B5B5B89346F5F93FE9034F384D6C
:10E24000321D30F94877825A3CBF737FDD4F157518
:10E25000000000000000F03F00000000000024402B
:10E2600000000000000059400000000000408F4006
:10E27000000000000088C34000000000006AF84071
:10E280000000000080842E4100000000D012634195
:10E290000000000084D797410000000065CDCD410B
:10E2A000000000205FA00242000000E876483742EC
:10E2B000000000A2941A6D42000040E59C30A2428A
:10E2C0000000901EC4BCD64200003426F56B0C43FF
:10E2D0000080E03779C3414300A0D88557347643A6
:10E2E00000C84E676DC1AB43003D9160E458E14307
:10E2F000408CB5781DAF154450EFE2D6E41A4B447C
:10E3000092D54D06CFF08044F64AE1C7022DB544C0
:10E31000B49DD9794378EA44002020202020202091
:10E3200020202828282828202020202020202020C5
:10E3300020202020202020202088101010101010D5
:10E340001010101010101010100404040404040421
:10E3500004040410101010101010414141414141BB
:10E36000010101010101010101010101010101019D
:10E3700001010101101010101010424242424242AD
:10E38000020202020202020202020202020202026D
:10E390000202020210101010200000000000000015
:10E3A000000000000000000000000000000000006D
:10E3B000000000000000000000000000000000005D
:10E3C000000000000000000000000000000000004D
:10E3D000000000000000000000000000000000003D
:10E3E000000000000000000000000000000000002D
:10E3F000000000000000000000000000000000001D
:10E40000000000000000000000000000000000000C
:0CE4100000000000000000000000000000
:08E41C00B41DFF7F01000000A8
:04E42400B501000836
:04E428009101000856
:10E42C0000127A0010000000010000000A06000231
:10E43C00000000400100000009920008FD92000855
:10E44C006B93000800000000AD950008B194000823
:10E45C0057950008000000000000000000000000BC
:10E46C001D960008FD9500083D9600085D96000875
:10E47C0009024300020100C032090400000102023B
:10E48C0001000524001001052401000104240202EE
:10E49C000524060001070582030800100904010089
:10E4AC00020A0000000705010200020007058102B4
:10E4BC000002000009024300020100C032090400FE
:10E4CC0000010202010005240010010524010001D5
:10E4DC00042402020524060001070582030800102B
:10E4EC0009040100020A00000007050102400000B7
:10E4FC00070581024000000009074300020104C027
:10E50C00320904000001020201000524001001057B
:10E51C0024010001042402020524060001070582DF
:10E52C000308001009040100020A0000000705019D
:10E53C0002400000070581024000000055A90008B8
:10E54C007DA900088DA9000849AA000851AB000854
:10E55C0075AB0008D5AB000899AB0008FDAB000803
:10E56C0021AC00085DAC0008120100020202004060
:10E57C008304405700020102030100000403090454
:10E58C001A03000000000000000000000000000062
:10E59C00000000000000000000000000000000006F
:10E5AC00030000006C1600208C010020000000000D
:10E5BC006C160020D41600203C1700200000000030
:10E5CC00000000000000000000000000000000003F
:10E5DC00000000000000000000000000000000002F
:10E5EC00000000000000000000000000000000001F
:10E5FC0000000000000000004300000000000000CC
:10E60C0000000000000000000000000000000000FE
:10E61C0000000000000000004300000000000000AB
:10E62C0000000000000000000000000000000000DE
:10E63C00000000000000000043000000000000008B
:10E64C0000000000000000000000000000000000BE
:10E65C00000000000000000043000000000000006B
:10E66C00000000000000000000000000000000009E
:10E67C00000000000000000043000000000000004B
:10E68C00000000000000000000000000000000007E
:10E69C00000000000000000043000000000000002B
:10E6AC00000000000000000000000000000000005E
:10E6BC00000000000000000043000000000000000B
:10E6CC00000000000000000000000000000000003E
:10E6DC00000000000000000041DA0008C1D9000869
:10E6EC000000000018E30008D7E1000814E200085D
:10E6FC0014E2000814E2000814E2000814E2000816
:10E70C0014E2000814E2000814E2000814E2000805
:10E71C00FFFFFFFFFFFFFFFFFFFFFFFFFFFF0000FB
:10E72C000100415343494900000000000000000073
:10E73C0000000000000000000000000000000000CD
:10E74C000000415343494900000000000000000054
:10E75C0000000000000000000000000000000000AD
:04E76C0000000000A9
:040000050800197D59
:00000001FF
