:020000040800F2
:1000000000A00020052D0008952A00089D2A000860
:10001000A52A0008AD2A0008B52A00080000000043
:10002000000000000000000000000000BD2A0008E1
:10003000CB2A000800000000D92A0008E72A00089F
:10004000552D0008552D0008552D0008552D000888
:10005000552D0008552D0008552D00081D2B0008B2
:10006000552D0008552D0008552D0008552D000868
:10007000552D0008552D0008552D0008552D000858
:10008000552D0008552D0008552D0008552D000848
:10009000F52A0008552D0008552D0008552D00089B
:1000A000552D0008552D0008552D0008552D000828
:1000B000412B00082D2B0008552D0008552D000858
:1000C000552D0008552D0008552D0008552D000808
:1000D000552D0008552D0008552D0008092B000846
:1000E000552D0008552D0008552D0008552D0008E8
:1000F000552D0008552D0008552D0008552D0008D8
:10010000000000000000000000000000552D000865
:10011000552D0008552D0008552D0008552D0008B7
:10012000552D0008552D0008552D0008552D0008A7
:10013000552D0008552D00080000000000000000AB
:10014000552D0008552D0008552D00080000000011
:10015000000000000000000000000000000000009F
:100160000000000000000000552D0008552D00087B
:10017000552D0008000000000000000000000000F5
:0801800000000000552D0008ED
:1001900010B5054C237833B9044B13B10448AFF3C1
:1001A00000800123237010BDC40300200000000064
:1001B0002815010808B5034B1BB103490348AFF3E9
:1001C000008008BD00000000C803002028150108B9
:1001D00010F8012B11F8013B012A28BF9A42F7D0F1
:1001E000D01A70470000000000000000000000006E
:1001F00001F0FF01102A2BDB10F0070F08D010F8D8
:10020000013B013A8B422DD010F0070F42B3F6D1DB
:10021000F0B441EA012141EA014122F007047FF0F4
:1002200000070023F0E80256083C85EA010586EA4B
:10023000010685FA47F5A3FA87F586FA47F6A5FA87
:1002400087F68EB9EED1F0BC01F0FF0102F0070293
:1002500032B110F8013B013A83EA010313B1F8D13E
:100260000020704701387047002D06BF354603381F
:10027000073815F0010F07D1013015F4807F02BF58
:10028000013015F4C03F0130F0BC0138704700BFA9
:10029000034613F8012B002AFBD1181A01387047C6
:1002A00081F0004102E000BF83F0004330B54FEA27
:1002B00041044FEA430594EA050F08BF90EA020F94
:1002C0001FBF54EA000C55EA020C7FEA645C7FEA27
:1002D000655C00F0E2804FEA5454D4EB5555B8BF4A
:1002E0006D420CDD2C4480EA020281EA030382EABB
:1002F000000083EA010180EA020281EA0303362D4D
:1003000088BF30BD11F0004F4FEA01314FF4801C1F
:100310004CEA113102D0404261EB410113F0004F31
:100320004FEA03334CEA133302D0524263EB4303E8
:1003300094EA050F00F0A780A4F10104D5F1200E86
:100340000DDB02FA0EFC22FA05F2801841F10001E1
:1003500003FA0EF2801843FA05F359410EE0A5F1B5
:1003600020050EF1200E012A03FA0EFC28BF4CF0E6
:10037000020C43FA05F3C01851EBE37101F000459C
:1003800007D54FF0000EDCF1000C7EEB00006EEBA9
:100390000101B1F5801F1BD3B1F5001F0CD3490833
:1003A0005FEA30004FEA3C0C04F101044FEA44528A
:1003B00012F5800F80F09A80BCF1004F08BF5FEA11
:1003C000500C50F1000041EB045141EA050130BDF1
:1003D0005FEA4C0C404141EB0101013C28BFB1F503
:1003E000801FE9D291F0000F04BF01460020B1FA4E
:1003F00081F308BF2033A3F10B03B3F120020CDA21
:100400000C3208DD02F1140CC2F10C0201FA0CF0FE
:1004100021FA02F10CE002F11402D8BFC2F1200C63
:1004200001FA02F120FA0CFCDCBF41EA0C01904019
:10043000E41AA2BF01EB0451294330BD6FEA040462
:100440001F3C1CDA0C340EDC04F11404C4F120024D
:1004500020FA04F001FA02F340EA030021FA04F35F
:1004600045EA030130BDC4F10C04C4F1200220FAB6
:1004700002F001FA04F340EA0300294630BD21FAF4
:1004800004F0294630BD94F0000F83F4801306BFBA
:1004900081F480110134013D4EE77FEA645C18BFAE
:1004A0007FEA655C29D094EA050F08BF90EA020F45
:1004B00005D054EA000C04BF1946104630BD91EA3D
:1004C000030F1EBF0021002030BD5FEA545C05D140
:1004D0004000494128BF41F0004130BD14F580047F
:1004E0003CBF01F5801130BD01F0004545F0FE41F3
:1004F00041F470014FF0000030BD7FEA645C1ABF28
:10050000194610467FEA655C1CBF0B46024650EA5E
:10051000013406BF52EA033591EA030F41F400218A
:1005200030BD00BF90F0000F04BF0021704730B510
:100530004FF4806404F132044FF000054FF00001E5
:1005400050E700BF90F0000F04BF0021704730B5A6
:100550004FF4806404F1320410F0004548BF40427B
:100560004FF000013EE700BF42004FEAE2014FEAD0
:1005700031014FEA02701FBF12F07F4393F07F4FAB
:1005800081F06051704732F07F4208BF704793F0AE
:100590007F4F04BF41F40021704730B54FF46074C1
:1005A00001F0004521F000411CE700BF50EA0102C4
:1005B00008BF704730B54FF000050AE050EA01026D
:1005C00008BF704730B511F0004502D5404261EBDD
:1005D00041014FF4806404F132045FEA915C3FF41E
:1005E000D8AE4FF003025FEADC0C18BF03325FEABB
:1005F000DC0C18BF033202EBDC02C2F1200300FA6C
:1006000003FC20FA02F001FA03FE40EA0E0021FA90
:1006100002F11444BDE600BF70B54FF0FF0C4CF47E
:10062000E06C1CEA11541DBF1CEA135594EA0C0F30
:1006300095EA0C0F00F0DEF82C4481EA030621EA6B
:100640004C5123EA4C5350EA013518BF52EA0335A6
:1006500041F4801143F4801338D0A0FB02CE4FF058
:100660000005E1FB02E506F00042E0FB03E54FF088
:100670000006E1FB03569CF0000F18BF4EF0010E80
:10068000A4F1FF04B6F5007F64F5407404D25FEA7C
:100690004E0E6D4146EB060642EAC62141EA55512F
:1006A0004FEAC52040EA5E504FEACE2EB4F1FD0C71
:1006B00088BFBCF5E06F1ED8BEF1004F08BF5FEAEF
:1006C000500E50F1000041EB045170BD06F00046A1
:1006D00046EA010140EA020081EA0301B4EB5C044E
:1006E000C2BFD4EB0C0541EA045170BD41F4801146
:1006F0004FF0000E013C00F3AB8014F1360FDEBF6B
:10070000002001F0004170BDC4F10004203C35DA46
:100710000C341BDC04F11404C4F1200500FA05F3C9
:1007200020FA04F001FA05F240EA020001F000426A
:1007300021F0004110EBD37021FA04F642EB0601E0
:100740005EEA430E08BF20EAD37070BDC4F10C040A
:10075000C4F1200500FA04F320FA05F001FA04F2CE
:1007600040EA020001F0004110EBD37041F10001BA
:100770005EEA430E08BF20EAD37070BDC4F12005C5
:1007800000FA05F24EEA020E20FA04F301FA05F22D
:1007900043EA020321FA04F001F0004121FA04F2D5
:1007A00020EA020000EBD3705EEA430E08BF20EAA5
:1007B000D37070BD94F0000F0FD101F000464000DF
:1007C00041EB010111F4801F08BF013CF7D041EA61
:1007D000060195F0000F18BF704703F00046520065
:1007E00043EB030313F4801F08BF013DF7D043EA36
:1007F0000603704794EA0C0F0CEA135518BF95EAEC
:100800000C0F0CD050EA410618BF52EA4306D1D172
:1008100081EA030101F000414FF0000070BD50EA91
:10082000410606BF1046194652EA430619D094EA1B
:100830000C0F02D150EA013613D195EA0C0F05D105
:1008400052EA03361CBF104619460AD181EA030159
:1008500001F0004141F0FE4141F470014FF0000011
:1008600070BD41F0FE4141F4780170BD70B54FF0AC
:10087000FF0C4CF4E06C1CEA11541DBF1CEA13552C
:1008800094EA0C0F95EA0C0F00F0A7F8A4EB05040E
:1008900081EA030E52EA03354FEA013100F0888005
:1008A0004FEA03334FF0805545EA131343EA1263CE
:1008B0004FEA022245EA111545EA10654FEA002683
:1008C0000EF000419D4208BF964244F1FD0404F53C
:1008D000407402D25B084FEA3202B61A65EB030598
:1008E0005B084FEA32024FF480104FF4002CB6EB55
:1008F000020E75EB030E22BFB61A754640EA0C00D5
:100900005B084FEA3202B6EB020E75EB030E22BF14
:10091000B61A754640EA5C005B084FEA3202B6EB55
:10092000020E75EB030E22BFB61A754640EA9C0014
:100930005B084FEA3202B6EB020E75EB030E22BFE4
:10094000B61A754640EADC0055EA060E18D04FEAA2
:10095000051545EA16754FEA06164FEAC30343EA42
:1009600052734FEAC2025FEA1C1CC0D111F4801F0F
:100970000BD141EA00014FF000004FF0004CB6E708
:1009800011F4801F04BF01430020B4F1FD0C88BFA7
:10099000BCF5E06F3FF6AFAEB5EB030C04BFB6EBB2
:1009A000020C5FEA500C50F1000041EB045170BDA5
:1009B0000EF0004E4EEA113114EB5C04C2BFD4EBD2
:1009C0000C0541EA045170BD41F480114FF0000E56
:1009D000013C90E645EA060E8DE60CEA135594EAD2
:1009E0000C0F08BF95EA0C0F3FF43BAF94EA0C0FD5
:1009F0000AD150EA01347FF434AF95EA0C0F7FF44A
:100A000025AF104619462CE795EA0C0F06D152EA9D
:100A100003353FF4FDAE1046194622E750EA410681
:100A200018BF52EA43067FF4C5AE50EA41047FF492
:100A30000DAF52EA43057FF4EBAE12E74FF0FF3CF7
:100A400006E000BF4FF0010C02E000BF4FF0010CC8
:100A50004DF804CD4FEA410C7FEA6C5C4FEA430C41
:100A600018BF7FEA6C5C1BD001B050EA410C0CBF90
:100A700052EA430C91EA030F02BF90EA020F0020F2
:100A8000704710F1000F91EA030F58BF994208BF59
:100A900090422CBFD8176FEAE37040F00100704716
:100AA0004FEA410C7FEA6C5C02D150EA013C07D16D
:100AB0004FEA430C7FEA6C5CD6D152EA033CD3D0B8
:100AC0005DF8040B704700BF8446104662468C46B2
:100AD0001946634600E000BF01B5FFF7B7FF0028E5
:100AE00048BF10F1000F01BD4DF808EDFFF7F4FF0E
:100AF0000CBF012000205DF808FB00BF4DF808ED99
:100B0000FFF7EAFF34BF012000205DF808FB00BFBB
:100B10004DF808EDFFF7E0FF94BF012000205DF8DD
:100B200008FB00BF4DF808EDFFF7CEFF94BF012092
:100B300000205DF808FB00BF4DF808EDFFF7C4FF8B
:100B400034BF012000205DF808FB00BF4FEA410CD4
:100B50007FEA6C5C02D150EA013C0AD14FEA430CB7
:100B60007FEA6C5C02D152EA033C02D14FF00000F4
:100B700070474FF0010070474FEA410212F5001232
:100B800015D211D56FF47873B3EB625212D94FEAD4
:100B9000C12343F0004343EA505311F0004F23FABE
:100BA00002F018BF404270474FF00000704750EA13
:100BB000013005D111F0004008BF6FF000407047D0
:100BC0004FF00000704700BF80B500AF114B01220D
:100BD0001A70114B00221A70104B00221A60104B31
:100BE00000221A600F4B00221A600F4B00221A607D
:100BF0000E4B00221A6001224FF480410C4802F093
:100C00003DFC0C4B1B6800225A620A4806F0D8FDD6
:100C100000BF80BDC0050020C1050020C405002024
:100C2000C8050020CC050020D0050020D4050020F8
:100C300000100048E404002080B582B000AF786066
:100C40007B681B681D4A93421FD11D4B1B78DBB28A
:100C5000002B2FD01B4B1B6801331A4A1360194B12
:100C60001B6840F66432934224D9154B00221A7057
:100C7000154B01221A70154806F00CFE00224FF4A5
:100C80008041134802F0FAFB14E07B681B68B3F163
:100C9000804F0FD10F4B1B78DBB20133DBB20D4A13
:100CA00019461170632B05D90B4B01221A70094BA1
:100CB00000221A7000BF0837BD4680BD0004004006
:100CC000C0050020C4050020C1050020E404002068
:100CD000001000488A1600208916002080B483B0D6
:100CE00000AF00237B6000237B6003E000BF7B68D4
:100CF00001337B607B68B3F5167FF7D300BF00BF7D
:100D00000C37BD465DF8047B7047000080B586B0A7
:100D100002AF0346FB71FB7963F07F03FB71FB7944
:100D20009BB2FB8100220821154802F0A7FBFFF7C8
:100D3000D5FF07F10C0207F10E01022300930123F6
:100D4000104806F006F9FFF7C9FF07F10E0101315F
:100D500007F10C020132022300930123094806F037
:100D6000F8F801220821064802F088FBFFF7B6FFD9
:100D7000BB891B0A9BB2DBB218461037BD4680BD4B
:100D8000001000483404002080B584B000AF034652
:100D90000A46FB711346BB71FB791AB2BB791BB2D1
:100DA0001B021BB213431BB29BB2FB810022082122
:100DB000104802F063FBFFF791FF07F10E010223D9
:100DC00001220D4805F019FEFFF788FF07F10E011B
:100DD000013102230122084805F00FFE01220821FB
:100DE000044802F04BFBFFF779FF00BF1037BD4608
:100DF00080BD00BF001000483404002080B582B0E0
:100E000000AF03463960FB711346BB71FB7963F099
:100E10003F03DBB2FB71002208210F4802F02EFBDA
:100E2000FFF75CFFF91D0A2301220C4805F0E5FDE0
:100E3000FFF754FFBB799AB2BB793968074805F0D0
:100E400051FF01220821044802F018FBFFF746FF7A
:100E500000BF0837BD4680BD0010004834040020A4
:100E600080B582B000AF0F20FFF750FF0346FB7143
:100E7000FB79D42B04D0FB79D32B01D000BFFDE745
:100E80004F212020FFF780FF08212220FFF77CFF61
:100E900010212320FFF778FF00BF0837BD4680BD33
:100EA00080B483B000AF0346FB80FB88022B02D1E5
:100EB000044B01221A7000BF0C37BD465DF8047B5D
:100EC000704700BFB805002080B582B000AF7860E1
:100ED00000BF7868FFF7DCF903469BB219467868D3
:100EE0000CF09CFB0346012BF3D000BF00BF08377A
:100EF000BD4680BD80B400AF054B00221A60054B93
:100F000000221A7000BFBD465DF8047B704700BF29
:100F1000841600208406002090B5C9B000AF07F504
:100F20009074A4F58A74206007F59070A0F58C7019
:100F3000016007F59071A1F58E710A6007F5907256
:100F4000A2F590721360D7F83C31002B03D0D7F88C
:100F50003C3100221A60FFF7CDFF07F59073A3F52F
:100F60008C7307F110001B685E4A4FF480710DF01E
:100F700077FC07F110031846FFF78AF903469AB287
:100F800007F1100107F59073A3F58A704FF47A7397
:100F9000006807F0C3F801F039FFC7F8180139E01D
:100FA000514B1B68C7F81C31D7F81C31B3F5805F73
:100FB00003D340F6FF73C7F81C314C4AD7F81C31F5
:100FC000134400221A7007F59073A3F58E731B6803
:100FD000002B0AD007F59073A3F58E731968434868
:100FE0000DF04AFD0346002B4BD107F59073A3F596
:100FF00090731B68002B0AD007F59073A3F59073CC
:1010000019683A480DF038FD0346002B0DD1012038
:1010100001F008FF01F0FAFE0246D7F81831D31AA2
:10102000D7F830219A42BBD800E000BFD7F834315E
:10103000002B24D0D7F83831002B20D0D7F8383106
:101040005A1E294B1B68934228BF1346C7F810311C
:10105000D7F810212549D7F834010DF09AFDD7F8BB
:101060003421D7F81031134400221A70D7F83C31DC
:10107000002B04D0D7F83C31D7F810211A60002398
:101080002AE000BFD7F83431002B24D0D7F838310C
:10109000002B20D0D7F838315A1E134B1B689342CF
:1010A00028BF1346C7F81431D7F814210F49D7F8D1
:1010B00034010DF06EFDD7F83421D7F81431134404
:1010C00000221A70D7F83C31002B04D0D7F83C31FD
:1010D000D7F814211A600123184607F59277BD4608
:1010E00090BD00BF40150108841600208406002032
:1010F00080B500AFFFF7FEFE01220349034807F069
:1011000096F800BF80BD00BF881600203005002083
:1011100080B5ADF5487D04AF07F54473A3F543737F
:10112000186007F54473A3F5447319600023C7F8EA
:101130000C331CE007F5847303934FF400730293A0
:1011400007F5867301934FF4FA730093484B494AAD
:1011500049494A48FFF7E0FE0346002B0DD1C8205D
:1011600001F060FED7F80C330133C7F80C33D7F821
:101170000C33042BDEDD012374E000BF07F584731C
:1011800003934FF40073029307F5867301934FF4B2
:10119000FA730093364B374A39493848FFF7BCFE9B
:1011A00007F5847303934FF40073029307F5867376
:1011B00001934FF47A7300932D4B2E4A31492F48F7
:1011C000FFF7AAFE034683F00103DBB2002B01D038
:1011D000022347E007F54473A3F5437307F10800C2
:1011E00007F54472A2F54472126800921B68264A01
:1011F0004FF480710DF034FB07F1080107F584739B
:1012000003934FF40073029307F58673019343F63B
:10121000982300931D4B174A1848FFF77DFE03469D
:1012200083F00103DBB2002B01D003231AE007F5A2
:10123000847303934FF40073029307F5867301934D
:1012400040F6B83300930A4B114A12490B48FFF796
:1012500063FE034683F00103DBB2002B01D00423BD
:1012600000E00023184607F54477BD4680BD00BF67
:1012700048150108501501085415010830050020D3
:1012800058150108601501086C1501088015010842
:10129000881501089015010880B58EB000AFFFF7E2
:1012A00029FE4FF47A730A222F49304806F036FFA0
:1012B00001F0ACFDF86245E02D4B1B687B637B6B56
:1012C000B3F5805F02D340F6FF737B63294A7B6BE3
:1012D000134400221A70284926480DF0CDFBB8624D
:1012E000BB6A002B2BD0BB6A0733BB622221B86AD2
:1012F0000DF065FB78627B6A002B20D07A6ABB6AAE
:101300009A421CD97A6ABB6AD31A3B633B6B1F2B88
:1013100001DD1F233B633A6B3B1DB96A18460DF094
:1013200038FC3A1D3B6B134400221A703B1D1846D3
:10133000FFF7CAFD1148FFF7C7FD01230FE00120A9
:1013400001F070FD01F062FD0246FB6AD31A40F61F
:10135000B7329342B0D90A48FFF7B6FD00231846CA
:101360003837BD4680BD00BF9C1501083005002000
:101370008416002084060020A8150108B015010875
:10138000B415010880B5C6B004AF4148FFF79CFD15
:101390003B1D03934FF48073029307F108030193FD
:1013A0004FF47A7300933B4B3B4A3C493C48FFF770
:1013B000B3FD3B1D03934FF48073029307F10803C1
:1013C00001934FF47A730093324B334A35493448D2
:1013D000FFF7A2FD3B1D03934FF48073029307F1C7
:1013E000080301934FF47A7300932A4B2A4A2E493B
:1013F0002B48FFF791FD3B1D03934FF4807302933D
:1014000007F1080301934FF47A730093214B224AAA
:1014100026492348FFF780FD3B1D03934FF480735B
:10142000029307F1080301934FF47A730093194B69
:10143000194A1F491A48FFF76FFD3B1D03934FF4EC
:101440008073029307F1080301934FF47A730093BA
:10145000104B114A17491248FFF75EFD3B1D0393DD
:101460004FF48073029307F1080301934FF47A73EA
:101470000093084B084A10490948FFF74DFD0F48F3
:10148000FFF722FD00BF07F58477BD4680BD00BF92
:10149000D01501084815010850150108EC15010880
:1014A00030050020FC15010810160108201601085F
:1014B00030160108401601084C1601086016010894
:1014C00080B582B000AF78607B68104A934218D133
:1014D0000F4B1B6840F6FE7293420DD80C4B1B68F5
:1014E0005A1C0B490A600B4A11780B4AD154084B1D
:1014F0001B68094A0021D15401220649034806F01D
:1015000096FE00BF0837BD4680BD00BF30050020F5
:1015100084160020881600208406002080B584B040
:1015200000AF7860396001F071FCF8600BE0796819
:101530000B480DF0A1FA0346002B01D001230BE06C
:10154000012001F06FFC01F061FC0246FB68D31A38
:101550003A689A42EBD8002318461037BD4680BD42
:101560008406002080B5AEB002AF03463960FB713F
:10157000324933480DF080FA0346002B01D0002396
:1015800057E03868FEF784FE0346C7F8AC30FFF733
:10159000B1FCFA7907F16C00D7F8AC300093134630
:1015A000284A40210DF05CF907F16C0307F10C00AB
:1015B000254A60210DF054F907F10C031846FEF797
:1015C00067FE03469AB207F10C014FF47A731F4885
:1015D00006F0A4FD4FF4FA611D48FFF79FFF034694
:1015E00083F00103DBB2002B0AD01A48FFF76CFC32
:1015F0001348FFF769FC1848FFF766FC002318E062
:10160000FFF778FCD7F8AC309AB24FF4FA63396838
:101610000E4806F083FD40F6B8311048FFF77EFF14
:10162000034683F00103DBB2002B01D0002300E06E
:1016300001231846B037BD4680BD00BF80160108A3
:101640008406002088160108401501083005002096
:101650009C160108A0160108B0150108B016010873
:1016600080B5ADF5AA6D02AFAE49AF480DF004FAF2
:10167000C7F83C05D7F83C35002B00F04D814FF002
:10168000FF33C7F8243507F224531A46A749D7F881
:101690003C050DF01BF90346012B02D0FFF72AFC95
:1016A0003BE1D7F82435002B07DBD7F82435032B93
:1016B00003DC4FF4487000F04BFCD7F82435042BC2
:1016C00002D1FFF717FC28E19949D7F83C050DF046
:1016D000D3F90346002B00F0BC809648FFF7F4FBDB
:1016E000D7F83C05FFF7F0FB9348FFF7EDFB904977
:1016F000D7F83C050DF0C0F9C7F83005D7F83035FC
:101700000933C7F830358D49D7F830050DF0B4F9F5
:10171000C7F84405D7F84435002B06D12021D7F867
:1017200030050DF04CF9C7F84405D7F84435002BC7
:1017300003D18348FFF7C8FBEFE0D7F84425D7F87B
:101740003035D31AC7F84035D7F84035002B02DAC8
:101750000023C7F84035D7F84035FF2B02DDFF23C3
:10176000C7F84035D7F8402507F12403D7F83015DE
:1017700018460DF00EFA07F5A963A3F22452D7F824
:101780004035134400221A706E48FFF79DFB07F1A5
:1017900024031846FFF798FB6748FFF795FB07F10E
:1017A0002403184600F0E8F86748FFF78DFB674808
:1017B000FFF78AFB6048FFF787FB6548FFF784FB6C
:1017C0006448FFF781FB5C48FFF77EFB624B012218
:1017D0001A70624B00221A70614BC7F82C35D7F88B
:1017E0002C05FEF755FD0346C7F8283507F592701E
:1017F000D7F82C350093D7F828355A4A4FF4806132
:101800000DF02EF8FFF776FBD7F82435DBB207F59D
:10181000927211461846FFF7A5FEFFF76BFBD7F84B
:101820002435381D504A20210DF01AF83B1D18466A
:10183000FEF72EFD03469AB2391D4FF47A734B48DA
:1018400006F06CFCFFF756FB4FF4487000F080FB8D
:1018500063E04749D7F83C050DF00EF90346002B2D
:101860003FD0444BC7F83835D7F83805FEF710FDA0
:101870000346C7F8343507F59270D7F8383500932A
:10188000D7F83435374A4FF480610CF0E9FFFFF7A1
:1018900031FBD7F82435DBB207F5927211461846B2
:1018A000FFF760FEFFF726FBD7F8243507F1240089
:1018B0002D4A20210CF0D4FF07F124031846FEF72F
:1018C000E7FC03469AB207F124014FF47A732748E4
:1018D00006F024FCFFF70EFB4FF4487000F038FBD5
:1018E0001BE0FFF707FBD7F8243507F592701E4A77
:1018F00020210CF0B5FF07F592731846FEF7C8FCDF
:1019000003469AB207F592714FF47A73174806F0BE
:1019100005FCFFF7EFFA00E000BF07F5A967BD4639
:1019200080BD00BF8016010884060020B81601089B
:10193000C4160108D0160108B0150108D816010810
:10194000E0160108FC160108081701080000002035
:1019500014170108400000208306002082060020A2
:101960002017010870170108C8170108300500206A
:10197000DC170108E817010880B584B000AF786073
:101980000023BB6007F108031A461E4978680DF072
:1019900070F8F8602EE005221B49F8680DF01CF87D
:1019A0000346002B0BD1FB6805333F22194617482D
:1019B0000DF024F8154B002283F83F2012E0052299
:1019C0001349F8680DF008F80346002B0AD1FB68AC
:1019D00005333F2219460F480DF010F80D4B002239
:1019E00083F83F2007F108031A46064900200DF04E
:1019F00040F8F860FB68002BCDD100BF00BF103766
:101A0000BD4680BDC4180108C818010800000020A8
:101A1000D01801084000002080B584B000AF786085
:101A200001F0F4F9F86045E029492A480DF024F85E
:101A30000346002B02D04FF0FF3344E026492548EF
:101A40000DF01AF80346002B02D04FF0FF333AE0B6
:101A5000224920480DF010F80346002B02D04FF029
:101A6000FF3330E01E491B480DF006F80346002BFB
:101A700002D04FF0FF3326E01A4916480CF0FCFF65
:101A80000346002B01D001231DE0174911480CF03B
:101A9000F3FF0346002B01D0012314E013490D4846
:101AA0000CF0EAFF0346002B01D001230BE00120DC
:101AB00001F0B8F901F0AAF90246FB68D31A7A6876
:101AC0009A42B1D8002318461037BD4680BD00BFEA
:101AD000481501088406002080150108D81801085F
:101AE000E0180108E8180108FC1801085015010861
:101AF00080B5A6B002AF03463960FB711346BB80C8
:101B0000FFF7F8F907F10C03294A802118460CF079
:101B1000A7FE07F10C031846FEF7BAFB03469AB27C
:101B200007F10C014FF47A73224806F0F7FA3220DD
:101B300001F078F9204921480CF09EFF0346002B64
:101B400006D11F491D480CF097FF0346002B01D01A
:101B5000012328E0FFF7CEF9FA79BB8807F10C00E2
:101B600001933B6800931346164A80210CF078FEDF
:101B700007F10C031846FEF78BFB03469AB207F1F8
:101B80000C0140F6B8330B4806F0C8FA4FF4FA508F
:101B9000FFF742FFC7F88C00D7F88C30002BCCBF82
:101BA00001230023DBB218469037BD4680BD00BF3D
:101BB00004190108300500201419010884060020CA
:101BC000201901082C19010890B5ADF54B7D04AF23
:101BD000044607F54670A0F544700160114607F50C
:101BE0004672A2F54572136007F54673A3F20933F6
:101BF00022461A7007F54673A3F543730A461A8006
:101C0000D7F82803FEF744FB0346C7F8143307F55B
:101C10004673A3F5457307F11000D7F82823029205
:101C2000D7F81423019207F54672A2F544721268A0
:101C300000921B68174A4FF440710CF011FEC7F870
:101C40001003D7F81033002B04DDD7F81033B3F5A9
:101C5000407F01DB002318E007F1100207F546730F
:101C6000A3F209331B7811461846FFF77BFC0346A5
:101C700083F00103DBB2002B01D0002305E04FF419
:101C8000FA710548FFF74AFC0123184607F5477724
:101C9000BD4690BD4C190108BC1901082DE9F0435F
:101CA0008BB006AF944B00221A700622934928206D
:101CB000FFF7A4F8924B1B78DBB2002B20D08F4BA0
:101CC000B3F900301A468F4B1B6813448D4A1360DA
:101CD0008A4BB3F902301A468B4B1B6813448A4A6D
:101CE0001360864BB3F904301A46884B1B681344C3
:101CF000864A1360864B1B680133854A1360F6E001
:101D0000844B1B78DBB2002B3DD0834B1B78002B20
:101D100039D17F4B1B68002B35D07A4B1B6807EEFF
:101D2000903AF8EEE76A7A4B1B6807EE903AB8EE05
:101D3000677AC6EE877A794BC3ED007A724B1B68DF
:101D400007EE903AF8EEE76A714B1B6807EE903A9F
:101D5000B8EE677AC6EE877A714BC3ED007A6B4BAB
:101D60001B6807EE903AF8EEE76A694B1B6807EECE
:101D7000903AB8EE677AC6EE877A6A4BC3ED007A7E
:101D8000654B01221A70644B1B78002B00F0AF806A
:101D90005A4BB3F9003007EE903AB8EEE77A5F4B52
:101DA000D3ED007A77EE677A9FED5F7A67EE877AF8
:101DB000C7ED037A514BB3F9023007EE903AB8EE13
:101DC000E77A574BD3ED007A77EE677A9FED567A34
:101DD00067EE877AC7ED027A484BB3F9043007EE15
:101DE000903AB8EEE77A4F4BD3ED007A77EE677A08
:101DF0009FED4D7A67EE877AC7ED017A4B4B1B78E2
:101E0000002B0CD14A4AFB6813604A4ABB68136036
:101E1000494A7B681360454B01221A703BE0444BF2
:101E2000D3ED007A97ED037A37EE677A434BD3ED23
:101E3000007A27EE277A3E4BD3ED007A77EE277AA9
:101E40003B4BC3ED007A3B4BD3ED007A97ED027A22
:101E500037EE677A394BD3ED007A27EE277A354B88
:101E6000D3ED007A77EE277A324BC3ED007A324B0E
:101E7000D3ED007A97ED017A37EE677A2F4BD3EDE9
:101E8000007A27EE277A2C4BD3ED007A77EE277A6B
:101E9000294BC3ED007A2A4B1E68731C284A136035
:101EA000234B1B681846FEF75FFB04460D46214B8B
:101EB0001B681846FEF758FB804689461E4B1B6878
:101EC0001846FEF751FB02460B46CDE90423CDE947
:101ED0000289CDE9004533461A4A80211A480CF0A0
:101EE000BFFC38604FF40071184801F0DFFA00BF02
:101EF0001437BD46BDE8F083B8050020F805002082
:101F0000C0050020C8050020CC050020D005002019
:101F1000D4050020C105002080060020D80500203F
:101F2000DC050020E0050020295C8F3CF005002046
:101F3000E4050020E8050020EC050020F405002061
:101F4000BC050020C8190108000600200010004848
:101F500080B582B000AF7860064B01221A7000F0A5
:101F600055FF02467B681344034A136000BF0837DD
:101F7000BD4680BD8D1600209016002080B500AFB4
:101F80000C4B1B78DBB2002B0AD000F03FFF02465F
:101F9000094B1B68D31A002B02DB064B00221A7078
:101FA000044B1B78DBB2002B0CBF01230023DBB2F8
:101FB000184680BD8D1600209016002080B592B086
:101FC00004AF00F0C9FE00F0D9F900F093FB00F077
:101FD00037FA00F075FA0BF0F9F900F005FB00F0A4
:101FE000ADFA00F057FBFFF783F8964B1B681A68B1
:101FF000944B1B6842F040021A600122082192486B
:1020000001F03CFAFEF72CFF904BFB62904BBB6259
:1020100097ED0A7AD7ED0B7A37EE277AD7ED0B6A70
:10202000C6EE877A8B4BC3ED007A012387F83730F1
:10203000012387F82730012387F83630864B1B7839
:10204000DBB2002B0FD0854B1B78DBB2002B0AD004
:1020500097F83630002B04D0FEF7B6FD002387F842
:102060003630FFF71BFE97F82730002BE6D07B4B6E
:102070001B78DBB2002B4BD0794B1B78002B47D160
:10208000784B1B78002B43D17748FEF71DFF77492B
:102090007748FFF73DF8034687F8263097F8263053
:1020A000002B05D1FFF7F8F86D4B01221A702BE0D9
:1020B0007048FEF709FF97F82630013B032B1BD829
:1020C00001A252F823F000BFD9200008E120000847
:1020D000E9200008F12000086748FEF7F5FE0FE050
:1020E0006648FEF7F1FE0BE06548FEF7EDFE07E0FF
:1020F0006448FEF7E9FE03E06348FEF7E5FE00BF33
:102100004FF4FA6000F08EFE6048FEF7DDFE02E05C
:10211000012000F087FE524B1B78002B08D05C4B4F
:102120001B78002B04D1FFF72DF9594B01221A70AF
:10213000574B1B78002B64D0564B1B78DBB2002B1F
:1021400001D1FFF78DFA97F83730002B08D05248AD
:1021500005F036FB5148FEF7B7FE002387F837300D
:102160004F4B1B78DBB2002B4BD04D4B00221A702B
:10217000FFF704FF0346002B00F0EC80454B0122E3
:102180001A70484B1B78DBB2002B15D14648FEF77E
:102190009BFE40F2BB1245490420FFF7A9FC034611
:1021A0001A46404B1A703F4B1B78DBB2002B03D111
:1021B000384B00221A70CEE03D4B00933D4B40F26D
:1021C000BB123A490420FFF7FFFC034687F825308D
:1021D00097F8253083F00103DBB2002B0ED0364890
:1021E000FEF772FE2F4B00221A70FEF783FE4FF4AB
:1021F0007A730E223149324805F090FF254B0022B8
:102200001A70184B1B78002B00F0A080224805F0B4
:1022100041FB012387F837302A48FEF755FE00239B
:10222000039300230293002301934FF47A730093E6
:10223000254B264A26492248FEF76EFE00233B63C3
:1022400062E000BF34040020001000489276AC3BEE
:102250003761023CF4050020B80500206419002015
:1022600081060020830600200C1A0108400000208F
:1022700000000020281A01083C1A0108501A010821
:102280006C1A0108801A0108981A0108A81A010896
:10229000820600208B16002098040020C41A010832
:1022A000891600208C160020D81A0108E41A0108AB
:1022B000000600200C1B01081C1B0108241B010840
:1022C00030050020341B010848150108501501088D
:1022D00030160108FEF70EFE381D3B6B1E4A20210A
:1022E0000CF0BEFA3B1D1846FDF7D2FF03469AB22A
:1022F000391D4FF4FA73194805F010FF142000F04F
:1023000091FD3B6B01333B633B6B042BE2DD002310
:10231000039300230293002301934FF47A730093F5
:102320000F4B104A10490D48FEF7F6FD0F4B0022E7
:102330001A700F4B00221A700E4B00221A700E4BAF
:1023400000221A704FF4FA7000F06CFD012000F0CA
:1023500069FD73E600BF71E6C8170108300500206B
:1023600048150108501501084C1B01088106002082
:1023700082060020830600208C16002080B59EB0C7
:1023800000AF07F150032822002118460CF00FFB84
:1023900007F13C0300221A605A609A60DA601A6101
:1023A0003B463C22002118460CF001FB03233B6511
:1023B0004FF4A0237B650023BB6501233B661023FC
:1023C0007B660223FB664FF480333B674FF4E013D8
:1023D0007B6707F15003184602F096FE0346002B78
:1023E00001D000F029FA0F23FB6302233B64002392
:1023F0007B644FF48063BB640023FB6407F13C0300
:102400000221184603F08EFE0346002B01D000F097
:1024100013FA0A4B3B6000233B610023FB6100235E
:10242000BB633B46184604F08FF80346002B01D0EF
:1024300000F002FA00BF7837BD4680BD24000200DC
:1024400080B500AF1B4B1C4A1A601A4B1B4A5A60DE
:10245000184B00229A60174B0122DA60154B0022BC
:102460001A61144B00225A61124B00229A61114BDF
:102470000022DA610F4B00221A620E4801F048F880
:102480000346002B01D000F0D7F90021094801F0E4
:10249000DAF80346002B01D000F0CEF90021054800
:1024A00001F01CF90346002B01D000F0C5F900BF74
:1024B00080BD00BFE0030020005400402B1D200021
:1024C00080B500AF1B4B1C4A1A601A4B4FF4827246
:1024D0005A60184B00229A60164B4FF4E062DA60A3
:1024E000144B02221A61134B01225A61114B4FF413
:1024F00000729A610F4B1022DA610E4B00221A62B1
:102500000C4B00225A620B4B00229A62094B0722A5
:10251000DA62084B00221A63064B00225A63054810
:1025200004F0C0F90346002B01D000F085F900BF8C
:1025300080BD00BF340400200030014080B588B069
:1025400000AF07F1100300221A605A609A60DA6047
:102550003B1D00221A605A609A60224B4FF0804265
:102560001A60204B40F257225A601E4B00229A609C
:102570001C4B7722DA601B4B00221A61194B002298
:102580009A61184805F0C4F80346002B01D000F00A
:1025900053F94FF480533B6107F11003194611487A
:1025A00005F0A9FA0346002B01D000F045F90023FD
:1025B0007B600023FB603B1D19460A4805F0C2FC06
:1025C0000346002B01D000F037F9002202211C2025
:1025D00000F027FD1C2000F040FD00BF2037BD4665
:1025E00080BD00BF9804002080B588B000AF07F11F
:1025F000100300221A605A609A60DA603B1D0022C4
:102600001A605A609A60214B214A1A601F4B40F2AF
:1026100057225A601D4B00229A601C4B7722DA60C9
:102620001A4B00221A61194B00229A61174805F0D3
:102630006FF80346002B01D000F0FEF84FF48053F2
:102640003B6107F110031946104805F054FA0346A0
:10265000002B01D000F0F0F800237B600023FB602A
:102660003B1D1946094805F06DFC0346002B01D0BF
:1026700000F0E2F8002201211D2000F0D2FC1D2014
:1026800000F0EBFC00BF2037BD4680BDE404002015
:102690000004004080B500AF144B154A1A60134B7C
:1026A0004FF4E1325A60114B00229A600F4B002226
:1026B000DA600E4B00221A610C4B0C225A610B4B54
:1026C0004FF440729A61094B0022DA61074B0022F5
:1026D0001A62064B00225A62044805F0D1FC0346F8
:1026E000002B01D000F0A8F800BF80BD300500200D
:1026F0000048004080B58AB000AF07F11403002203
:102700001A605A609A60DA601A61494B5B69484AFC
:1027100043F400135361464B5B6903F400133B61C0
:102720003B69434B5B69424A43F400235361404B8E
:102730005B6903F40023FB60FB683D4B5B693C4A2B
:1027400043F4800353613A4B5B6903F48003BB603D
:10275000BB68374B5B69364A43F400335361344BF3
:102760005B6903F400337B607B68314B5B69304A03
:1027700043F4802353612E4B5B6903F480233B6059
:102780003B6800224FF608712A4800F077FE372395
:102790007B614FF49013BB610023FB6107F11403CD
:1027A0001946244800F0F0FC02237B614FF48813A3
:1027B000BB610023FB6107F1140319461D4800F0BB
:1027C000E3FC08237B610123BB610023FB6103233E
:1027D0003B6207F114031946164800F0D5FC0123AB
:1027E0007B610023BB610023FB6107F114031946E1
:1027F0004FF0904000F0C8FC4FF47F437B61012311
:10280000BB610023FB6100233B6207F114031946FF
:10281000084800F0B9FC00220021072000F001FC6C
:10282000072000F01AFC00BF2837BD4680BD00BF5E
:10283000001002400010004880B400AF72B600BF24
:1028400000BFFDE780B582B000AF0F4B9B690E4A19
:1028500043F0010393610C4B9B6903F001037B6020
:102860007B68094BDB69084A43F08053D361064B10
:10287000DB6903F080533B603B68072000F0C6FB38
:1028800000BF0837BD4680BD0010024080B58AB049
:1028900000AF786007F1140300221A605A609A6052
:1028A000DA601A617B681B68174A934227D1174B7D
:1028B0005B69164A43F480235361144B5B6903F44C
:1028C00080233B613B69C0237B611223BB610123F1
:1028D000FB6103233B6204237B6207F11403194667
:1028E0000B4800F051FC094BDB69084A43F4001324
:1028F000D361064BDB6903F40013FB60FB6800BF88
:102900002837BD4680BD00BF005400400010024083
:102910000004004880B58AB000AF786007F1140366
:1029200000221A605A609A60DA601A617B681B683C
:10293000174A934228D1174B9B69164A43F4805398
:102940009361144B9B6903F480533B613B69114BCA
:102950005B69104A43F4003353610E4B5B6903F427
:102960000033FB60FB68E0237B610223BB61002333
:10297000FB6103233B6205237B6207F114031946C5
:102980004FF0904000F000FC00BF2837BD4680BDEE
:10299000003001400010024080B485B000AF786084
:1029A0007B681B68B3F1804F0CD1124BDB69114A75
:1029B00043F00103D3610F4BDB6903F00103FB60BC
:1029C000FB6810E07B681B680B4A93420BD1094BF4
:1029D000DB69084A43F00203D361064BDB6903F06D
:1029E0000203BB60BB6800BF1437BD465DF8047BC3
:1029F000704700BF001002400004004080B58AB05C
:102A000000AF786007F1140300221A605A609A60E0
:102A1000DA601A617B681B681B4A934230D11B4BFA
:102A2000DB691A4A43F48023D361184BDB6903F452
:102A300080233B613B69154B5B69144A43F4802357
:102A40005361124B5B6903F48023FB60FB684FF416
:102A5000D8437B610223BB610023FB6103233B62FC
:102A600007237B6207F114031946094800F08CFB29
:102A700000220021272000F0D4FA272000F0EDFAF0
:102A800000BF2837BD4680BD00480040001002400E
:102A90000004004880B400AF00BFFDE780B400AF81
:102AA00000BFFDE780B400AF00BFFDE780B400AF1A
:102AB00000BFFDE780B400AF00BFFDE780B400AF0A
:102AC00000BFBD465DF8047B704780B400AF00BF17
:102AD000BD465DF8047B704780B400AF00BFBD46C3
:102AE0005DF8047B704780B500AF00F07BF900BF54
:102AF00080BD000080B500AF024800F028FF00BF95
:102B000080BD00BFD023002080B500AF024805F093
:102B1000D3FB00BF80BD00BF3005002080B500AFF3
:102B2000022000F0DDFC00BF80BD000080B500AFDA
:102B3000024804F0DEFE00BF80BD00BFE4040020B8
:102B400080B500AF024804F0D4FE00BF80BD00BFD6
:102B50009804002080B400AF01231846BD465DF8FC
:102B6000047B704780B582B000AF786039600BF0AD
:102B7000E3FF034616221A604FF0FF33184608376A
:102B8000BD4680BD80B582B000AF78604FF0FF31A8
:102B90007868FFF7E7FF00BFFDE780B586B000AFBC
:102BA000F860B9607A6000237B610AE0AFF30080CF
:102BB0000146BB685A1CBA60CAB21A707B690133FD
:102BC0007B617A697B689A42F0DB7B68184618372C
:102BD000BD4680BD80B586B000AFF860B9607A6050
:102BE00000237B6109E0BB685A1CBA601B78184659
:102BF000AFF300807B6901337B617A697B689A421D
:102C0000F1DB7B6818461837BD4680BD80B483B0C1
:102C100000AF78604FF0FF3318460C37BD465DF8C3
:102C2000047B704780B483B000AF786039603B6844
:102C30004FF400525A60002318460C37BD465DF829
:102C4000047B704780B483B000AF786001231846DE
:102C50000C37BD465DF8047B704780B485B000AF8B
:102C6000F860B9607A60002318461437BD465DF8F5
:102C7000047B704780B586B000AF7860144A154B6E
:102C8000D31A7B617B693B61134B1B68002B02D11C
:102C9000114B124A1A60104B1A687B6813443A6948
:102CA0009A4207D20BF048FF03460C221A604FF0FD
:102CB000FF3309E0084B1B68FB60074B1A687B6811
:102CC0001344054A1360FB6818461837BD4680BD9B
:102CD00000A000200004000094160020102A00200C
:102CE00080B400AF064BD3F88830054A43F4700334
:102CF000C2F8883000BFBD465DF8047B704700BF56
:102D000000ED00E0DFF834D0FFF7EAFF0C480D4992
:102D10000D4A002302E0D458C4500433C4188C4236
:102D2000F9D30A4A0A4C002301E013600432A2429C
:102D3000FBD30BF007FFFFF741F9FEE700A00020EF
:102D400000000020C4030020941F0108C4030020D9
:102D5000102A0020FEE7000080B500AF084B1B687A
:102D6000074A43F010031360032000F04FF90020DE
:102D700000F008F8FFF766FD0023184680BD00BF8D
:102D80000020024080B582B000AF7860124B1A6814
:102D9000124B1B7819464FF47A73B3FBF1F3B2FB75
:102DA000F3F3184600F067F90346002B01D0012326
:102DB0000EE07B680F2B0AD8002279684FF0FF30B5
:102DC00000F02FF9064A7B681360002300E001231E
:102DD00018460837BD4680BD8000002088000020CE
:102DE0008400002080B400AF064B1B781A46064BC7
:102DF0001B681344044A136000BFBD465DF8047BA2
:102E0000704700BF880000209816002080B400AFF3
:102E1000034B1B681846BD465DF8047B704700BF36
:102E20009816002080B584B000AF7860FFF7EEFF01
:102E3000B8607B68FB60FB68B3F1FF3F05D00A4BCD
:102E40001B781A46FB681344FB6000BFFFF7DEFFE8
:102E50000246BB68D31AFA689A42F7D800BF00BF8F
:102E60001037BD4680BD00BF8800002080B485B00B
:102E700000AF78607B6803F00703FB600C4BDB68F6
:102E8000BB60BA684FF6FF031340BB60FB681A02D1
:102E9000BB68134343F0BF6343F40033BB60044A91
:102EA000BB68D36000BF1437BD465DF8047B704734
:102EB00000ED00E080B400AF044BDB681B0A03F0B8
:102EC00007031846BD465DF8047B704700ED00E03F
:102ED00080B483B000AF0346FB7197F90730002B35
:102EE0000BDBFB7903F01F02074997F907305B09F9
:102EF000012000FA02F241F8232000BF0C37BD4642
:102F00005DF8047B704700BF00E100E080B483B04F
:102F100000AF03463960FB7197F90730002B0ADBDD
:102F20003B68DAB20C4997F907301201D2B20B4470
:102F300083F800230AE03B68DAB20849FB7903F022
:102F40000F03043B1201D2B20B441A7600BF0C37B8
:102F5000BD465DF8047B704700E100E000ED00E055
:102F600080B489B000AFF860B9607A60FB6803F0A4
:102F70000703FB61FB69C3F10703042B28BF04238C
:102F8000BB61FB690433062B02D9FB69033B00E0FC
:102F900000237B614FF0FF32BB6902FA03F3DA438F
:102FA000BB681A407B699A404FF0FF317B6901FA98
:102FB00003F3D9437B680B40134318462437BD46BF
:102FC0005DF8047B7047000080B582B000AF786088
:102FD0007B68013BB3F1807F01D301230FE00A4AF4
:102FE0007B68013B53600F214FF0FF30FFF78EFFEE
:102FF000054B00229A60044B07221A6000231846F2
:103000000837BD4680BD00BF10E000E080B582B04B
:1030100000AF78607868FFF729FF00BF0837BD462A
:1030200080BD80B586B000AF0346B9607A60FB739F
:1030300000237B61FFF73EFF78617A68B9687869A1
:10304000FFF78EFF024697F90F3011461846FFF73B
:103050005DFF00BF1837BD4680BD80B582B000AFB0
:103060000346FB7197F907301846FFF731FF00BFA1
:103070000837BD4680BD80B582B000AF7860786803
:10308000FFF7A2FF034618460837BD4680BD80B44F
:1030900083B000AF78607B68002B01D101232EE064
:1030A0007B6893F82130022B08D07B6804229A6356
:1030B0007B68002283F82020012320E07B681B68C6
:1030C0001A687B681B6822F00E021A607B681B6816
:1030D0001A687B681B6822F001021A607B681A6C10
:1030E0007B68DB6B012101FA02F25A607B680122E6
:1030F00083F821207B68002283F8202000231846D3
:103100000C37BD465DF8047B704780B584B000AFD6
:1031100078600023FB737B6893F82130022B05D085
:103120007B6804229A630123FB7327E07B681B689A
:103130001A687B681B6822F00E021A607B681B68A5
:103140001A687B681B6822F001021A607B681A6C9F
:103150007B68DB6B012101FA02F25A607B68012275
:1031600083F821207B68002283F820207B685B6B3A
:10317000002B03D07B685B6B78689847FB7B184615
:103180001037BD4680BD000080B487B000AF7860C6
:10319000396000237B6154E13B681A6801217B6937
:1031A00001FA03F31340FB60FB68002B00F046813B
:1031B0003B685B6803F00303012B05D03B685B6849
:1031C00003F00303022B30D17B689B683B617B6972
:1031D0005B00032202FA03F3DB433A6913403B61CD
:1031E0003B68DA687B695B0002FA03F33A691343D0
:1031F0003B617B683A699A607B685B683B6101224E
:103200007B6902FA03F3DB433A6913403B613B6895
:103210005B681B0903F001027B6902FA03F33A6958
:1032200013433B617B683A695A603B685B6803F013
:103230000303032B17D07B68DB683B617B695B0072
:10324000032202FA03F3DB433A6913403B613B6814
:103250009A687B695B0002FA03F33A6913433B61A6
:103260007B683A69DA603B685B6803F00303022B12
:1032700023D17B69DA087B68083253F822303B613E
:103280007B6903F007039B000F2202FA03F3DB4381
:103290003A6913403B613B681A697B6903F0070395
:1032A0009B0002FA03F33A6913433B617B69DA0836
:1032B0007B680832396943F822107B681B683B61E0
:1032C0007B695B00032202FA03F3DB433A69134094
:1032D0003B613B685B6803F003027B695B0002FAB9
:1032E00003F33A6913433B617B683A691A603B68B0
:1032F0005B6803F44033002B00F0A080584B9B69BF
:10330000574A43F001039361554B9B6903F0010356
:10331000BB60BB68534A7B699B08023352F8233079
:103320003B617B6903F003039B000F2202FA03F366
:10333000DB433A6913403B617B68B3F1904F19D08E
:103340007B68494A934213D07B68484A93420DD028
:103350007B68474A934207D07B68464A934201D133
:10336000042308E0052306E0032304E0022302E02F
:10337000012300E000237A6902F0030292009340E7
:103380003A6913433B6137497B699B0802333A69C9
:1033900041F82320384B9B683B61FB68DB433A696B
:1033A00013403B613B685B6803F48013002B03D040
:1033B0003A69FB6813433B612F4A3B6993602E4B8C
:1033C000DB683B61FB68DB433A6913403B613B6868
:1033D0005B6803F40013002B03D03A69FB681343C6
:1033E0003B61254A3B69D360234B5B683B61FB68CB
:1033F000DB433A6913403B613B685B6803F400338D
:10340000002B03D03A69FB6813433B611A4A3B69BE
:103410005360194B1B683B61FB68DB433A691340FF
:103420003B613B685B6803F48033002B03D03A694F
:10343000FB6813433B61104A3B6913607B690133AE
:103440007B613B681A687B6922FA03F3002B7FF4E7
:10345000A3AE00BF00BF1C37BD465DF8047B7047BC
:10346000001002400000014000040048000800482D
:10347000000C0048001000480004014080B483B0F4
:1034800000AF78600B467B8013467B707B78002B07
:1034900003D07A887B689A6102E07A887B689A62B6
:1034A00000BF0C37BD465DF8047B704780B485B023
:1034B00000AF78600B467B807B685B69FB607A8835
:1034C000FB6813401A04FB68D9437B880B401A43FE
:1034D0007B689A6100BF1437BD465DF8047B704776
:1034E00080B582B000AF0346FB80084B5A69FB8869
:1034F0001340002B06D0054AFB885361FB88184611
:10350000FDF7CEFC00BF0837BD4680BD000401407A
:1035100080B582B000AF78607B68002B01D10123B9
:103520008DE07B6893F84130DBB2002B06D17B68DD
:10353000002283F840207868FFF7A8F97B682422EE
:1035400083F841207B681B681A687B681B6822F03F
:1035500001021A607B685A687B681B6822F07062FF
:103560001A617B681B689A687B681B6822F40042BA
:103570009A607B68DB68012B07D17B689A687B685F
:103580001B6842F400429A6006E07B689A687B6898
:103590001B6842F404429A607B68DB68022B08D106
:1035A0007B681B685A687B681B6842F400625A603B
:1035B00007E07B681B685A687B681B6822F400621E
:1035C0005A607B681B685B687A68126843F0007316
:1035D00043F4004353607B681B68DA687B681B68B0
:1035E00022F40042DA607B681A697B685B6942EA10
:1035F00003017B689B691A027B681B680A43DA60D7
:103600007B68D9697B681A6A7B681B680A431A6001
:103610007B681B681A687B681B6842F001021A60AD
:103620007B6800225A647B68202283F841207B68F3
:1036300000221A637B68002283F842200023184688
:103640000837BD4680BD80B483B000AF7860396074
:103650007B6893F84130DBB2202B38D17B6893F83C
:103660004030012B01D1022332E07B68012283F834
:1036700040207B68242283F841207B681B681A68FD
:103680007B681B6822F001021A607B681B681A685D
:103690007B681B6822F480521A607B681B6819687B
:1036A0007B681B683A680A431A607B681B681A6863
:1036B0007B681B6842F001021A607B68202283F855
:1036C00041207B68002283F84020002300E0022391
:1036D00018460C37BD465DF8047B704780B485B052
:1036E00000AF786039607B6893F84130DBB2202B03
:1036F00039D17B6893F84030012B01D1022333E0AC
:103700007B68012283F840207B68242283F84120D3
:103710007B681B681A687B681B6822F001021A60CC
:103720007B681B681B68FB60FB6823F47063FB60AD
:103730003B681B02FA681343FB607B681B68FA68EE
:103740001A607B681B681A687B681B6842F001027C
:103750001A607B68202283F841207B68002283F86E
:103760004020002300E0022318461437BD465DF8D0
:10377000047B704780B584B000AF78607B68002B15
:1037800001D10123B9E07B6893F89132DBB2002BC1
:1037900006D17B68002283F8902278680AF074F8DA
:1037A0007B68032283F891227B681B68184605F02A
:1037B00036FF0023FB733EE0FA7B796813469B00DB
:1037C0001344DB000B44113301221A70FA7B796831
:1037D00013469B001344DB000B441033FA7B1A7032
:1037E000FA7B796813469B001344DB000B441333C8
:1037F00000221A70FA7B796813469B001344DB00A1
:103800000B44203300221A60FA7B796813469B0030
:103810001344DB000B44243300221A60FB7B7968DD
:103820005A1C13469B001344DB000B4400221A6011
:10383000FB7B0133FB737B681B79FA7B9A42BBD31A
:103840000023FB7344E0FA7B796813469B00134422
:10385000DB000B4403F2511300221A70FA7B7968E3
:1038600013469B001344DB000B4403F5A873FA7B5B
:103870001A70FA7B796813469B001344DB000B44F3
:1038800003F2531300221A70FA7B796813469B00E7
:103890001344DB000B4403F5B07300221A60FA7B7B
:1038A000796813469B001344DB000B4403F5B273A5
:1038B00000221A60FA7B796813469B001344DB00F0
:1038C0000B4403F5B47300221A60FB7B0133FB73D6
:1038D0007B681B79FA7B9A42B5D37B6818687B6852
:1038E000043393E8060005F0B5FE7B6800221A73E6
:1038F0007B68012283F89122002318461037BD46C9
:1039000080BD80B582B000AF78607B6893F890325C
:10391000012B01D1022316E07B68012283F890225B
:103920007B681B68184605F063FE012178680AF081
:1039300047FA7B681B68184608F020F97B6800226C
:1039400083F89022002318460837BD4680BD80B515
:1039500084B000AF78607B681B68184608F019F9DE
:10396000F860FB6803F40043002B03D0786800F094
:10397000B1FABDE0FB6803F48063002B13D07B68D1
:103980001B68B3F844309AB27B681B6822F48062EB
:1039900092B2A3F8442078680AF017F800217868FA
:1039A00000F0A9F8A4E0FB6803F48043002B0CD0DE
:1039B0007B681B68B3F844309AB27B681B6822F4BA
:1039C000804292B2A3F8442092E0FB6803F40053D3
:1039D000002B0CD07B681B68B3F844309AB27B682C
:1039E0001B6822F4005292B2A3F8442080E0FB68E6
:1039F00003F48053002B27D07B681B68B3F840305A
:103A00009AB27B681B6822F0040292B2A3F84020AD
:103A10007B681B68B3F840309AB27B681B6822F061
:103A2000080292B2A3F8402078680AF007F87B6891
:103A30001B68B3F844309AB27B681B6822F480524A
:103A400092B2A3F8442053E0FB6803F40063002B18
:103A500027D07B681B68B3F840309AB27B681B683C
:103A600042F0080292B2A3F840207B681B68B3F8CA
:103A700044309AB27B681B6822F4006292B2A3F8C9
:103A800044207B681B68B3F840309AB27B681B689F
:103A900042F0040292B2A3F84020786809F0B4FF23
:103AA00026E0FB6803F40073002B0FD07B681B68D3
:103AB000B3F844309AB27B681B6822F4007292B269
:103AC000A3F84420786809F072FF11E0FB6803F462
:103AD0008073002B0CD07B681B68B3F844309AB21B
:103AE0007B681B6822F4807292B2A3F8442000BF66
:103AF0001037BD4680BD80B582B000AF78600B4600
:103B0000FB707B6893F89032012B01D1022312E005
:103B10007B68012283F890227B68FA781A737B68AD
:103B20001B68FA781146184608F014F87B680022E2
:103B300083F89022002318460837BD4680BD80B523
:103B400084B000AF7860084611461A460346FB7001
:103B50000B463B801346BB700023FB7297F9033082
:103B6000002B0EDAFB7803F0070213469B00134488
:103B7000DB0010337A681344FB60FB6801225A7043
:103B80000EE0FB7803F0070213469B001344DB00B2
:103B900003F5A8737A681344FB60FB6800225A702F
:103BA000FB7803F00703DAB2FB681A703A88FB6807
:103BB0001A61FB68BA78DA70BB78022B02D1FB6815
:103BC00000221A717B6893F89032012B01D10223F5
:103BD0000EE07B68012283F890227B681B68F968FD
:103BE000184605F055FD7B68002283F89022FB7A89
:103BF00018461037BD4680BD80B584B000AF7860F0
:103C00000B46FB7097F90330002B0EDAFB7803F0BC
:103C1000070213469B001344DB0010337A681344F9
:103C2000FB60FB6801225A700EE0FB7803F007028C
:103C300013469B001344DB0003F5A8737A68134412
:103C4000FB60FB6800225A70FB7803F00703DAB2CE
:103C5000FB681A707B6893F89032012B01D1022324
:103C60000EE07B68012283F890227B681B68F9686C
:103C7000184606F0D1F87B68002283F890220023D2
:103C800018461037BD4680BD80B586B000AFF860DD
:103C90007A603B600B46FB72FB7A03F00702134627
:103CA0009B001344DB0003F5A873FA6813447B619F
:103CB0007B697A685A617B693A689A617B690022FC
:103CC000DA617B6900225A70FB7A03F00703DAB2EB
:103CD0007B691A70FB681B687969184606F089FAD7
:103CE000002318461837BD4680BD80B483B000AFAE
:103CF00078600B46FB70FB7803F007027968134687
:103D00009B001344DB000B4403F5B6731B68184695
:103D10000C37BD465DF8047B704780B586B000AFB8
:103D2000F8607A603B600B46FB72FB7A03F0070297
:103D300013469B001344DB001033FA6813447B6185
:103D40007B697A685A617B693A689A617B6901226A
:103D500083F824207B693A681A627B690022DA6161
:103D60007B6901225A70FB7A03F00703DAB27B69A0
:103D70001A70FB681B687969184606F03AFA002346
:103D800018461837BD4680BD80B584B000AF786056
:103D90000B46FB70FB7803F007037A6812799342B5
:103DA00001D901233EE097F90330002B0EDAFB78AE
:103DB00003F0070213469B001344DB0010337A68BC
:103DC0001344FB60FB6801225A700CE0FA7813463A
:103DD0009B001344DB0003F5A8737A681344FB606F
:103DE000FB6800225A70FB6801229A70FB7803F08E
:103DF0000703DAB2FB681A707B6893F89032012BE4
:103E000001D102230EE07B68012283F890227B68B7
:103E10001B68F968184607F09EFD7B68002283F84E
:103E20009022002318461037BD4680BD80B584B06F
:103E300000AF78600B46FB70FB7803F00F037A68E5
:103E40001279934201D9012340E097F90330002B06
:103E50000EDAFB7803F0070213469B001344DB00E5
:103E600010337A681344FB60FB6801225A700EE03D
:103E7000FB7803F0070213469B001344DB0003F5B5
:103E8000A8737A681344FB60FB6800225A70FB68D1
:103E900000229A70FB7803F00703DAB2FB681A700D
:103EA0007B6893F89032012B01D102230EE07B68EE
:103EB000012283F890227B681B68F968184607F096
:103EC0009BFD7B68002283F8902200231846103760
:103ED000BD4680BD80B596B000AF7860BBE37B681F
:103EE0001B68B3F84430A7F84830B7F84830DBB265
:103EF00003F00F0387F84F3097F84F30002B40F056
:103F00007581B7F8483003F01003002B4ED17B6861
:103F10001B681B889BB223F4E14323F07003FB81F1
:103F20007B681A68FB896FEA43436FEA53439BB28D
:103F300013807B6810337B657B681B68B3F8503057
:103F40009BB21A467B6D1B78DB00134402335B0087
:103F50007A681268134403F580631B88C3F309026F
:103F60007B6DDA617B6D5A697B6DDB691A447B6D11
:103F70005A610021786809F000FD7B681B7BDBB289
:103F8000002B00F068837B6D9B69002B40F06383FE
:103F90007B681B7BDBB263F07F03DAB27B681B6854
:103FA000A3F84C207B6800221A7354E37B6803F566
:103FB000A8737B657B681B681B88A7F84C30B7F833
:103FC0004C3003F40063002B34D07B681B68B3F8DB
:103FD00050309BB21A467B6D1B78DB0013440633CE
:103FE0005B007A681268134403F580631B88C3F38F
:103FF00009027B6DDA617B6818687B6803F52671BE
:104000007B6DDA887B6DDB699BB207F019FE7B68FC
:104010001B681B889AB240F68F7313403B827B6803
:104020001B683A8A42F0800292B21A80786809F0DE
:1040300077FC10E3B7F94C30002B80F20C837B68DF
:104040001B681B889AB240F68F731340FB837B6812
:104050001B68FA8B42F0800292B21A807B681B6860
:10406000B3F850309BB21A467B6D1B78DB001344CB
:1040700006335B007A681268134403F580631B887B
:10408000C3F309027B6DDA617B6DDB69002B19D00C
:104090007B6D5B69002B15D07B6818687B6D596957
:1040A0007B6DDA887B6DDB699BB207F0C9FD7B6DA8
:1040B0005A697B6DDB691A447B6D5A61002178680F
:1040C00009F040FC7B681B681B88A7F84C30B7F8E8
:1040D0004C3003F40063002B40F0BD82B7F84C3045
:1040E00003F44053B3F5405F00F0B5827B681B6872
:1040F000BB617B681B68B3F850309BB21A46BB6942
:104100001344BB61BB6903F20C437B617B691B8871
:104110009BB2C3F309039AB27B691A807B6D1B695A
:10412000002B0AD17B691B889BB26FEA43436FEA7D
:1041300053439AB27B691A8039E07B6D1B693E2B31
:1041400018D87B6D1B695B087B647B6D1B6903F072
:104150000103002B02D07B6C01337B647B691B88DD
:104160009AB27B6C9BB29B029BB213439AB27B695F
:104170001A801CE07B6D1B695B097B647B6D1B698E
:1041800003F01F03002B02D17B6C013B7B647B6936
:104190001B889AB27B6C9BB29B029BB213439BB26F
:1041A0006FEA43436FEA53439AB27B691A807B6894
:1041B0001B681B889BB223F4804323F070037B822F
:1041C0007B8A83F480537B827B8A83F400537B82D7
:1041D0007B681A687B8A43F07F4343F47F0343F490
:1041E000004343F080039BB2138034E27B681B687A
:1041F0001A4697F84F309B0013441B88A7F84C30A1
:10420000B7F94C30002B80F2FC807B681B681A46A3
:1042100097F84F309B0013441B889AB240F68F7377
:104220001340A7F84A307B681B681A4697F84F304E
:104230009B001344B7F84A2042F0800292B21A80E1
:1042400097F84F2013469B001344DB0003F5A87337
:104250007A6813447B657B6D1B7B002B25D17B68C3
:104260001B68B3F850309BB21A467B6D1B78DB009D
:10427000134406335B007A681268134403F58063C5
:104280001B88C3F30903A7F85030B7F85030002B50
:1042900000F092807B6818687B6D59697B6DDA88C5
:1042A000B7F8503007F0CCFC86E07B6DDB78022B52
:1042B0000AD1B7F84C301A46796D786800F0D9F910
:1042C0000346A7F8503077E07B681B681A467B6D81
:1042D0001B789B0013441B889BB223F4E04323F01C
:1042E0007003A7F852307B681B681A467B6D1B78F9
:1042F0009B001A44B7F8523043F07F4343F47F03E6
:1043000043F4004343F0C0039BB213807B681B68F7
:104310001A467B6D1B789B0013441B889BB203F4E9
:104320008043002B24D07B681B68B3F850309BB2CD
:104330001A467B6D1B78DB00134402335B007A68FE
:104340001268134403F580631B88C3F30903A7F8BD
:104350005030B7F85030002B2ED07B6818687B6D3A
:1043600059697B6D1A89B7F8503007F069FC23E072
:104370007B681B68B3F850309BB21A467B6D1B7884
:10438000DB00134406335B007A681268134403F5BC
:1043900080631B88C3F30903A7F85030B7F8503087
:1043A000002B09D07B6818687B6D59697B6D5A8931
:1043B000B7F8503007F044FC7B6DDA69B7F850303D
:1043C0001A447B6DDA617B6D5A69B7F850301A4434
:1043D0007B6D5A617B6D9B69002B05D0B7F850202F
:1043E0007B6D1B699A4206D27B6D1B7819467868F3
:1043F00009F0A8FA05E07B681B68796D184605F09E
:10440000F8FEB7F84C3003F08003002B00F0238156
:1044100097F84F2013469B001344DB0010337A6853
:1044200013447B657B681B681A4697F84F309B00E6
:1044300013441B889BB223F4E14323F07003A7F8D5
:1044400042307B681B681A4697F84F309B001A442D
:10445000B7F842306FEA43436FEA53439BB213808D
:104460007B6DDB78012B40F0A2807B6D00229A618E
:104470007B6D1B7B002B00F09380B7F84C3003F072
:104480004003002B46D07B6D5B78002B26D17B68E8
:104490001B687B627B681B68B3F850309BB21A467E
:1044A0007B6A13447B627B6D1B781A017B6A134421
:1044B00003F204433B623B6A1B889BB2C3F30903CC
:1044C0009AB23B6A1A803B6A1B889BB26FEA4343ED
:1044D0006FEA53439AB23B6A1A8061E07B6D5B7866
:1044E000012B5DD17B681B68FB627B681B68B3F89E
:1044F00050309BB21A46FB6A1344FB627B6D1B78FB
:104500001A01FB6A134403F20443BB62BB6A002234
:104510001A8045E07B681B68FB637B6D5B78002B32
:1045200026D17B681B687B637B681B68B3F85030BF
:104530009BB21A467B6B13447B637B6D1B781A011D
:104540007B6B134403F20C433B633B6B1B889BB2B6
:10455000C3F309039AB23B6B1A803B6B1B889BB277
:104560006FEA43436FEA53439AB23B6B1A8017E0FA
:104570007B6D5B78012B13D17B681B68B3F85030DF
:104580009BB21A46FB6B1344FB637B6D1B781A01CD
:10459000FB6B134403F20C43BB63BB6B00221A801A
:1045A0007B6D1B781946786809F0E7F953E0B7F896
:1045B0004C3003F48073002B46D17B681B68B3F842
:1045C00050309BB21A467B6D1B78DB0013440233DC
:1045D0005B007A681268134403F580631B88C3F399
:1045E0000903A7F840307B6D9A69B7F840309A42CA
:1045F00007D97B6D9A69B7F84030D21A7B6D9A6102
:1046000002E07B6D00229A617B6D9B69002B06D1D5
:104610007B6D1B781946786809F0AFF91BE07B6D5C
:104620005A69B7F840301A447B6D5A617B6DDA697C
:10463000B7F840301A447B6DDA617B681B68796D8E
:10464000184605F0D6FD06E0B7F84C301A46796DED
:10465000786800F01BF97B681B68B3F844309BB2A4
:104660001BB2002BFFF63BAC002318465837BD4663
:1046700080BD80B588B000AFF860B9601346FB809C
:10468000FB8803F48043002B7ED0FB681B68B3F8E3
:1046900050309BB21A46BB681B78DB0013440233D0
:1046A0005B00FA681268134403F580631B88C3F348
:1046B00009037B83BB689A697B8B9A4206D3BB68EC
:1046C0009A697B8BD21ABB689A6102E0BB680022B0
:1046D0009A61BB689B69002B23D1FB681B681A4653
:1046E000BB681B789B0013441B889BB223F4804358
:1046F00023F070033B833B8B83F400533B83FB68C5
:104700001B681A46BB681B789B001A443B8B43F01E
:104710007F4343F47F0343F4004343F080039BB2A1
:104720001380FB8803F04003002B1FD0FB681B683D
:104730001A46BB681B789B0013441B889BB223F46A
:10474000E04323F07003FB82FB681B681A46BB68DA
:104750001B789B001A44FB8A43F07F4343F47F039A
:1047600043F4004343F0C0039BB213807B8B002BC8
:1047700000F08780FB681868BB685969BB681A89B4
:104780007B8B07F05DFA7CE0FB681B68B3F8503068
:104790009BB21A46BB681B78DB00134406335B00F0
:1047A000FA681268134403F580631B88C3F3090396
:1047B0007B83BB689A697B8B9A4206D3BB689A69F4
:1047C0007B8BD21ABB689A6102E0BB6800229A61B7
:1047D000BB689B69002B23D1FB681B681A46BB682A
:1047E0001B789B0013441B889BB223F4804323F067
:1047F0007003FB83FB8B83F40053FB83FB681B6814
:104800001A46BB681B789B001A44FB8B43F07F431E
:1048100043F47F0343F4004343F080039BB21380CF
:10482000FB8803F04003002B1FD1FB681B681A466E
:10483000BB681B789B0013441B889BB223F4E043A6
:1048400023F07003BB83FB681B681A46BB681B78A8
:104850009B001A44BB8B43F07F4343F47F0343F434
:10486000004343F0C0039BB213807B8B002B08D026
:10487000FB681868BB685969BB685A897B8B07F06D
:10488000DFF97B8B18462037BD4680BD80B5A4B0CC
:1048900000AFF860B9601346FB80FB8803F040036B
:1048A000002B00F0DD81FB681B68B3F850309BB231
:1048B0001A46BB681B78DB00134402335B00FA68BE
:1048C0001268134403F580631B88C3F30903A7F838
:1048D0008830BB689A69B7F888309A4207D9BB68B4
:1048E0009A69B7F88830D21ABB689A6102E0BB684F
:1048F00000229A61BB689B69002B40F0B980BB68BD
:104900005B78002B26D1FB681B68FB62FB681B6889
:10491000B3F850309BB21A46FB6A1344FB62BB6883
:104920001B781A01FB6A134403F20443BB62BB6A9F
:104930001B889BB2C3F309039AB2BB6A1A80BB6A95
:104940001B889BB26FEA43436FEA53439AB2BB6A38
:104950001A801AE0BB685B78012B16D1FB681B68D4
:104960007B63FB681B68B3F850309BB21A467B6BC5
:1049700013447B63BB681B781A017B6B134403F2FF
:1049800004433B633B6B00221A80FB681B687B621D
:10499000BB685B78002B26D1FB681B68FB61FB685A
:1049A0001B68B3F850309BB21A46FB691344FB6195
:1049B000BB681B781A01FB69134403F20C43BB610B
:1049C000BB691B889BB2C3F309039AB2BB691A8007
:1049D000BB691B889BB26FEA43436FEA53439AB2A9
:1049E000BB691A8017E0BB685B78012B13D1FB68A9
:1049F0001B68B3F850309BB21A467B6A13447B6243
:104A0000BB681B781A017B6A134403F20C433B62B8
:104A10003B6A00221A80BB681B781946F86808F0C8
:104A2000ACFFFB8803F48043002B00F0FC82FB68A2
:104A30001B681A46BB681B789B0013441B889BB2FB
:104A400023F4E04323F07003FB82FB681B681A46E3
:104A5000BB681B789B001A44FB8A43F07F4343F4F6
:104A60007F0343F4404343F080039BB21380DAE2B8
:104A7000FB8803F48043002B21D0FB681B681A4697
:104A8000BB681B789B0013441B889BB223F4E04354
:104A900023F07003A7F88A30FB681B681A46BB68CE
:104AA0001B789B001A44B7F88A3043F07F4343F4E5
:104AB0007F0343F4404343F080039BB21380BB6801
:104AC00093F82430012B40F0AE82BB685A69B7F8E6
:104AD00088301A44BB685A61BB68DA69B7F8883015
:104AE0001A44BB68DA61BB681A6ABB681B699A42E0
:104AF0000BD3BB681B69C7F88C30BB681A6AD7F840
:104B00008C30D21ABB681A6217E0BB681B6A002B94
:104B100008D1B7F88830C7F88C30BB68002283F81A
:104B200024200AE0BB68002283F82420BB681B6AAB
:104B3000C7F88C30BB6800221A62BB685B78002B18
:104B400065D1FB681B68FB63FB681B68B3F85030DA
:104B50009BB21A46FB6B1344FB63BB681B781A01BC
:104B6000FB6B134403F20443BB63BB6B1B889BB218
:104B7000C3F309039AB2BB6B1A80D7F88C30002BB1
:104B80000AD1BB6B1B889BB26FEA43436FEA534366
:104B90009AB2BB6B1A8057E0D7F88C303E2B18D8EE
:104BA000D7F88C305B08BB64D7F88C3003F0010376
:104BB000002B02D0BB6C0133BB64BB6B1B889AB269
:104BC000BB6C9BB29B029BB213439AB2BB6B1A8025
:104BD0003AE0D7F88C305B09BB64D7F88C3003F02F
:104BE0001F03002B02D1BB6C013BBB64BB6B1B885A
:104BF0009AB2BB6C9BB29B029BB213439BB26FEA0F
:104C000043436FEA53439AB2BB6B1A801CE0BB6804
:104C10005B78012B18D1FB681B687B64FB681B6801
:104C2000B3F850309BB21A467B6C13447B64BB686C
:104C30001B781A017B6C134403F204433B64D7F8DE
:104C40008C309AB23B6C1A80FB681868BB68596953
:104C5000BB681A89D7F88C309BB206F0AAFFE2E154
:104C6000FB681B68B3F850309BB21A46BB681B78D0
:104C7000DB00134406335B00FA681268134403F543
:104C800080631B88C3F30903A7F88830BB689A695F
:104C9000B7F888309A4207D3BB689A69B7F888306A
:104CA000D21ABB689A6102E0BB6800229A61BB68B5
:104CB0009B69002B40F0C080BB685B78002B26D13D
:104CC000FB681B68FB67FB681B68B3F850309BB23E
:104CD0001A46FB6F1344FB67BB681B781A01FB6F16
:104CE000134403F20443BB67BB6F1B889BB2C3F33F
:104CF00009039AB2BB6F1A80BB6F1B889BB26FEA25
:104D000043436FEA53439AB2BB6F1A801AE0BB6801
:104D10005B78012B16D1FB681B687B66FB681B6800
:104D2000B3F850309BB21A467B6E13447B66BB6867
:104D30001B781A017B6E134403F204433B663B6EFF
:104D400000221A80FB681B687B67BB685B78002BBE
:104D50002BD1FB681B68FB66FB681B68B3F85030FF
:104D60009BB21A46FB6E1344FB66BB681B781A01A4
:104D7000FB6E134403F20C43C7F88430D7F8843039
:104D80001B889BB2C3F309039AB2D7F884301A8008
:104D9000D7F884301B889BB26FEA43436FEA5343D2
:104DA0009AB2D7F884301A8017E0BB685B78012B81
:104DB00013D1FB681B68B3F850309BB21A467B6F67
:104DC00013447B67BB681B781A017B6F134403F2A3
:104DD0000C433B673B6F00221A80BB681B78194667
:104DE000F86808F0CAFDFB8803F48043002B40F00C
:104DF0001A81FB681B681A46BB681B789B0013442A
:104E00001B889BB223F4E04323F07003A7F88230A1
:104E1000FB681B681A46BB681B789B001A44B7F8EE
:104E2000823043F07F4343F47F0343F4404343F035
:104E300080039BB21380F6E0FB8803F48043002BD1
:104E400021D1FB681B681A46BB681B789B00134482
:104E50001B889BB223F4E04323F07003A7F84E3085
:104E6000FB681B681A46BB681B789B001A44B7F89E
:104E70004E3043F07F4343F47F0343F4404343F019
:104E800080039BB21380BB6893F82430012B40F061
:104E9000CA80BB685A69B7F888301A44BB685A613F
:104EA000BB68DA69B7F888301A44BB68DA61BB6856
:104EB0001A6ABB681B699A420BD3BB681B69C7F8A7
:104EC0008C30BB681A6AD7F88C30D21ABB681A6269
:104ED00017E0BB681B6A002B08D1B7F88830C7F809
:104EE0008C30BB68002283F824200AE0BB681B6A70
:104EF000C7F88C30BB6800221A62BB68002283F8B6
:104F00002420FB681B687B65BB685B78002B65D140
:104F1000FB681B68FB65FB681B68B3F850309BB2ED
:104F20001A46FB6D1344FB65BB681B781A01FB6DC9
:104F3000134403F20C43BB65BB6D1B889BB2C3F3E8
:104F400009039AB2BB6D1A80D7F88C30002B0AD1B6
:104F5000BB6D1B889BB26FEA43436FEA53439AB21F
:104F6000BB6D1A8054E0D7F88C303E2B18D8D7F898
:104F70008C305B08BB66D7F88C3003F00103002B44
:104F800002D0BB6E0133BB66BB6D1B889AB2BB6E91
:104F90009BB29B029BB213439AB2BB6D1A8037E05F
:104FA000D7F88C305B09BB66D7F88C3003F01F0351
:104FB000002B02D1BB6E013BBB66BB6D1B889AB256
:104FC000BB6E9BB29B029BB213439BB26FEA4343FF
:104FD0006FEA53439AB2BB6D1A8019E0BB685B78E5
:104FE000012B15D1FB681B68B3F850309BB21A46F1
:104FF0007B6D13447B65BB681B781A017B6D134482
:1050000003F20C433B65D7F88C309AB23B6D1A80A3
:10501000FB681868BB685969BB685A89D7F88C3037
:105020009BB206F0C6FDFB681B681A46BB681B787E
:105030009B0013441B889BB223F4E04323F04003FE
:10504000BB82BB8A83F01003BB82BB8A83F0200340
:10505000BB82FB681B681A46BB681B789B001A441E
:10506000BB8A43F07F4343F47F0343F4004343F0A0
:1050700080039BB21380002318469037BD4680BD45
:1050800080B487B000AFF8607B600B467B8113462D
:105090003B817B8903F080039BB2002B0BD07B8983
:1050A00003F0070213469B001344DB001033FA6839
:1050B00013447B6109E07A8913469B001344DB00AB
:1050C00003F5A873FA6813447B613B89002B07D171
:1050D0007B6900221A737B689AB27B69DA800BE0E5
:1050E0007B6901221A737B689AB27B691A817B689B
:1050F0001B0C9AB27B695A81002318461C37BD46A7
:105100005DF8047B7047000080B5ADF5007D00AF11
:1051100007F50073A3F5FE73186007F50073A3F598
:10512000FE731B68002B02D1012300F0F4BF07F5CA
:105130000073A3F5FE731B681B6803F00103002BCB
:1051400000F06D81B44B5B6803F00C03042B0CD0B2
:10515000B14B5B6803F00C03082B57D1AE4B5B6877
:1051600003F48033B3F5803F50D14FF40033C7F8D8
:10517000F031D7F8F03193FAA3F3C7F8EC31D7F850
:10518000EC31B3FA83F3DBB23F2B02D8A24B1B689E
:1051900015E04FF40033C7F8E831D7F8E83193FA57
:1051A000A3F3C7F8E4314FF40033C7F8E031D7F880
:1051B000E03193FAA3F3C7F8DC31974B5B6A4FF405
:1051C0000032C7F8D821D7F8D82192FAA2F2C7F84E
:1051D000D421D7F8D421B2FA82F2D2B242F020021E
:1051E000D2B202F01F02012101FA02F21340002B99
:1051F00000F0148107F50073A3F5FE731B685B686C
:10520000002B40F00B81012300F085BF07F50073F0
:10521000A3F5FE731B685B68B3F5803F06D17E4B38
:105220001B687D4A43F48033136036E007F5007352
:10523000A3F5FE731B685B68002B0CD1764B1B68D3
:10524000754A23F480331360734B1B68724A23F44E
:105250008023136021E007F50073A3F5FE731B683C
:105260005B68B3F5A02F0CD16B4B1B686A4A43F403
:1052700080231360684B1B68674A43F480331360D4
:105280000BE0654B1B68644A23F480331360624B68
:105290001B68614A23F4802313605F4BDB6A23F0B1
:1052A0000F0207F50073A3F5FE731B689B685A494C
:1052B0001343CB6207F50073A3F5FE731B685B68AD
:1052C000002B54D0FDF7A2FDC7F8F8010AE0FDF766
:1052D0009DFD0246D7F8F831D31A642B02D9032377
:1052E00000F019BF4FF40033C7F8D031D7F8D031F0
:1052F00093FAA3F3C7F8CC31D7F8CC31B3FA83F3E0
:10530000DBB23F2B02D8444B1B6815E04FF400334F
:10531000C7F8C831D7F8C83193FAA3F3C7F8C43136
:105320004FF40033C7F8C031D7F8C03193FAA3F374
:10533000C7F8BC31384B5B6A4FF40032C7F8B8216C
:10534000D7F8B82192FAA2F2C7F8B421D7F8B4215D
:10535000B2FA82F2D2B242F02002D2B202F01F02BE
:10536000012101FA02F21340002BB0D057E0FDF703
:105370004DFDC7F8F8010AE0FDF748FD0246D7F8F1
:10538000F831D31A642B02D9032300F0C4BE4FF4C2
:105390000033C7F8B031D7F8B03193FAA3F3C7F8A8
:1053A000AC31D7F8AC31B3FA83F3DBB23F2B02D880
:1053B000194B1B6815E04FF40033C7F8A831D7F834
:1053C000A83193FAA3F3C7F8A4314FF40033C7F818
:1053D000A031D7F8A03193FAA3F3C7F89C310E4B54
:1053E0005B6A4FF40032C7F89821D7F8982192FAF7
:1053F000A2F2C7F89421D7F89421B2FA82F2D2B27D
:1054000042F02002D2B202F01F02012101FA02F2A0
:105410001340002BB0D102E00010024000BF07F59E
:105420000073A3F5FE731B681B6803F00203002BD7
:1054300000F06C81CC4B5B6803F00C03002B0BD0AD
:10544000C94B5B6803F00C03082B6DD1C64B5B683E
:1054500003F48033002B67D10223C7F89031D7F8CB
:10546000903193FAA3F3C7F88C31D7F88C31B3FAA3
:1054700083F3DBB23F2B02D8BB4B1B6813E0022344
:10548000C7F88831D7F8883193FAA3F3C7F8843185
:105490000223C7F88031D7F8803193FAA3F3C7F815
:1054A0007C31B14B5B6A0222C7F87821D7F87821AA
:1054B00092FAA2F2C7F87421D7F87421B2FA82F2F4
:1054C000D2B242F02002D2B202F01F02012101FA50
:1054D00002F21340002B0AD007F50073A3F5FE7308
:1054E0001B681B69012B02D0012300F014BE9E4BE8
:1054F0001B6823F0F80207F50073A3F5FE731B6821
:105500005B69F821C7F87011D7F8701191FAA1F111
:10551000C7F86C11D7F86C11B1FA81F1C9B28B40A0
:10552000914913430B60F1E007F50073A3F5FE7397
:105530001B681B69002B00F083800123C7F86831CA
:10554000D7F8683193FAA3F3C7F86431D7F8643118
:10555000B3FA83F3DBB203F1845303F584139B00A6
:105560001A4601231360FDF751FCC7F8F8010AE061
:10557000FDF74CFC0246D7F8F831D31A022B02D9BA
:10558000032300F0C8BD0223C7F86031D7F86031AB
:1055900093FAA3F3C7F85C31D7F85C31B3FA83F31D
:1055A000DBB23F2B02D8704B1B6813E00223C7F815
:1055B0005831D7F8583193FAA3F3C7F8543102237E
:1055C000C7F85031D7F8503193FAA3F3C7F84C31EC
:1055D000654B5B6A0222C7F84821D7F8482192FA46
:1055E000A2F2C7F84421D7F84421B2FA82F2D2B22B
:1055F00042F02002D2B202F01F02012101FA02F2AF
:105600001340002BB4D0584B1B6823F0F80207F569
:105610000073A3F5FE731B685B69F821C7F840119E
:10562000D7F8401191FAA1F1C7F83C11D7F83C1115
:10563000B1FA81F1C9B28B404B4913430B6065E06D
:105640000123C7F83831D7F8383193FAA3F3C7F8F4
:105650003431D7F83431B3FA83F3DBB203F1845336
:1056600003F584139B001A4600231360FDF7CEFB5D
:10567000C7F8F8010AE0FDF7C9FB0246D7F8F83190
:10568000D31A022B02D9032300F045BD0223C7F829
:105690003031D7F8303193FAA3F3C7F82C31D7F86B
:1056A0002C31B3FA83F3DBB23F2B02D82E4B1B68AD
:1056B00013E00223C7F82831D7F8283193FAA3F36F
:1056C000C7F824310223C7F82031D7F8203193FAE4
:1056D000A3F3C7F81C31244B5B6A0222C7F81821D8
:1056E000D7F8182192FAA2F2C7F81421D7F814219A
:1056F000B2FA82F2D2B242F02002D2B202F01F021B
:10570000012101FA02F21340002BB4D107F5007316
:10571000A3F5FE731B681B6803F00803002B00F061
:10572000158107F50073A3F5FE731B689B69002BB9
:105730007ED00123C7F81031D7F8103193FAA3F3C4
:10574000C7F80C31D7F80C31B3FA83F3DBB21A4641
:10575000064B13449B001A4601231360FDF756FBCA
:10576000C7F8F8010FE000BF001002402081901040
:10577000FDF74CFB0246D7F8F831D31A022B02D9B9
:10578000032300F0C8BC0223C7F80831D7F808315A
:1057900093FAA3F3C7F8043107F50073A3F58073F8
:1057A00002221A6007F50073A3F580731B6893FA51
:1057B000A3F207F50073A3F582731A6007F500736F
:1057C000A3F5847302221A6007F50073A3F58473AE
:1057D0001B6893FAA3F207F50073A3F586731A60AA
:1057E000B04B5A6A07F50073A3F58873022119605C
:1057F00007F50073A3F588731B6893FAA3F107F507
:105800000073A3F58A73196007F50073A3F58A7313
:105810001B68B3FA83F3DBB243F06003DBB203F03F
:105820001F03012101FA03F31340002BA0D08DE0E8
:1058300007F50073A3F58C7301221A6007F5007356
:10584000A3F58C731B6893FAA3F207F50073A3F515
:105850008E731A6007F50073A3F58E731B68B3FA95
:1058600083F3DBB21A46904B13449B001A46002385
:105870001360FDF7CBFAC7F8F8010AE0FDF7C6FAA6
:105880000246D7F8F831D31A022B02D9032300F0CD
:1058900042BC07F50073A3F5907302221A6007F566
:1058A0000073A3F590731B6893FAA3F207F50073D6
:1058B000A3F592731A6007F50073A3F5947302229F
:1058C0001A6007F50073A3F594731B6893FAA3F2AB
:1058D00007F50073A3F596731A6007F50073A3F537
:1058E000987302221A6007F50073A3F598731B687A
:1058F00093FAA3F207F50073A3F59A731A60694B44
:105900005A6A07F50073A3F59C730221196007F525
:105910000073A3F59C731B6893FAA3F107F500735A
:10592000A3F59E73196007F50073A3F59E731B68BA
:10593000B3FA83F3DBB243F06003DBB203F01F037F
:10594000012101FA03F31340002B97D107F50073EF
:10595000A3F5FE731B681B6803F00403002B00F023
:105960009E81002387F8FF314E4BDB6903F08053A3
:10597000002B16D14B4BDB694A4A43F08053D3616D
:10598000484BDB6903F0805207F50073A3F5FC7305
:105990001A6007F50073A3F5FC731B68012387F8F1
:1059A000FF31424B1B6803F48073002B1AD13F4B2D
:1059B0001B683E4A43F480731360FDF727FAC7F86B
:1059C000F80109E0FDF722FA0246D7F8F831D31AB8
:1059D000642B01D903239EE3344B1B6803F48073CB
:1059E000002BEFD007F50073A3F5FE731B68DB688F
:1059F000012B06D12B4B1B6A2A4A43F00103136289
:105A000035E007F50073A3F5FE731B68DB68002B18
:105A10000CD1244B1B6A234A23F001031362214B50
:105A20001B6A204A23F00403136220E007F5007389
:105A3000A3F5FE731B68DB68052B0CD1194B1B6AA1
:105A4000184A43F004031362164B1B6A154A43F0CD
:105A5000010313620BE0134B1B6A124A23F001038C
:105A60001362104B1B6A0F4A23F00403136207F5FD
:105A70000073A3F5FE731B68DB68002B00F08780C2
:105A8000FDF7C4F9C7F8F80112E0FDF7BFF90246C7
:105A9000D7F8F831D31A41F28832934208D9032358
:105AA00039E300BF001002402081901000700040D8
:105AB00007F50073A3F5A07302221A6007F50073BF
:105AC000A3F5A0731B6893FAA3F207F50073A3F57F
:105AD000A2731A6007F50073A3F5A47302221A607B
:105AE00007F50073A3F5A4731B6893FAA3F207F5F7
:105AF0000073A3F5A6731A6007F50073A3F5A673E8
:105B00001B68B3FA83F3DBB223F05F03DBB2002B35
:105B100002D1984B1B6A13E007F50073A3F5A87335
:105B200002221A6007F50073A3F5A8731B6893FAA5
:105B3000A3F207F50073A3F5AA731A608D4B5B6A95
:105B400007F50072A2F5AC720221116007F5007230
:105B5000A2F5AC72126892FAA2F107F50072A2F5F2
:105B6000AE72116007F50072A2F5AE721268B2FA59
:105B700082F2D2B242F04002D2B202F01F02012100
:105B800001FA02F21340002B3FF47FAF7DE0FDF7F6
:105B90003DF9C7F8F8010BE0FDF738F90246D7F8F0
:105BA000F831D31A41F28832934201D90323B2E289
:105BB00007F50073A3F5B07302221A6007F50073AE
:105BC000A3F5B0731B6893FAA3F207F50073A3F56E
:105BD000B2731A6007F50073A3F5B47302221A605A
:105BE00007F50073A3F5B4731B6893FAA3F207F5E6
:105BF0000073A3F5B6731A6007F50073A3F5B673C7
:105C00001B68B3FA83F3DBB223F05F03DBB2002B34
:105C100002D1584B1B6A13E007F50073A3F5B87364
:105C200002221A6007F50073A3F5B8731B6893FA94
:105C3000A3F207F50073A3F5BA731A604D4B5B6AC4
:105C400007F50072A2F5BC720221116007F500721F
:105C5000A2F5BC72126892FAA2F107F50072A2F5E1
:105C6000BE72116007F50072A2F5BE721268B2FA38
:105C700082F2D2B242F04002D2B202F01F020121FF
:105C800001FA02F21340002B86D197F8FF31012B65
:105C900005D1384BDB69374A23F08053D36107F5D0
:105CA0000073A3F5FE731B68DB69002B00F03282E2
:105CB000304B5B6803F00C03082B00F0018207F502
:105CC0000073A3F5FE731B68DB69022B40F057815C
:105CD00007F50073A3F5C0734FF080721A6007F5E3
:105CE0000073A3F5C0731B6893FAA3F207F5007362
:105CF000A3F5C2731A6007F50073A3F5C2731B689E
:105D0000B3FA83F3DBB203F1845303F584139B00EE
:105D10001A4600231360FDF779F8C7F8F80109E087
:105D2000FDF774F80246D7F8F831D31A022B01D9DF
:105D30000323F0E107F50073A3F5C4734FF000727D
:105D40001A6007F50073A3F5C4731B6893FAA3F2F6
:105D500007F50073A3F5C6731A6007F50073A3F582
:105D6000C6731B68B3FA83F3DBB23F2B04D8014B35
:105D70001B6829E00010024007F50073A3F5C87303
:105D80004FF000721A6007F50073A3F5C8731B6823
:105D900093FAA3F207F50073A3F5CA731A6007F527
:105DA0000073A3F5CC734FF000721A6007F500730F
:105DB000A3F5CC731B6893FAA3F207F50073A3F560
:105DC000CE731A60C34B5B6A07F50072A2F5D072FE
:105DD0004FF00071116007F50072A2F5D0721268E1
:105DE00092FAA2F107F50072A2F5D272116007F5DE
:105DF0000072A2F5D2721268B2FA82F2D2B242F006
:105E00002002D2B202F01F02012101FA02F2134075
:105E1000002B85D1AF4B5B6823F4741207F5007338
:105E2000A3F5FE731B68596A07F50073A3F5FE73AB
:105E30001B681B6A0B43A74913434B6007F50073AC
:105E4000A3F5D4734FF080721A6007F50073A3F5C1
:105E5000D4731B6893FAA3F207F50073A3F5D67306
:105E60001A6007F50073A3F5D6731B68B3FA83F3C2
:105E7000DBB203F1845303F584139B001A4601231C
:105E80001360FCF7C3FFC7F8F80109E0FCF7BEFF99
:105E90000246D7F8F831D31A022B01D903233AE18D
:105EA00007F50073A3F5D8734FF000721A6007F579
:105EB0000073A3F5D8731B6893FAA3F207F5007378
:105EC000A3F5DA731A6007F50073A3F5DA731B689C
:105ED000B3FA83F3DBB23F2B02D87E4B1B6827E07B
:105EE00007F50073A3F5DC734FF000721A6007F535
:105EF0000073A3F5DC731B6893FAA3F207F5007334
:105F0000A3F5DE731A6007F50073A3F5E0734FF095
:105F100000721A6007F50073A3F5E0731B6893FA2B
:105F2000A3F207F50073A3F5E2731A60694B5B6A8D
:105F300007F50072A2F5E4724FF00071116007F5E9
:105F40000072A2F5E472126892FAA2F107F50072EB
:105F5000A2F5E672116007F50072A2F5E67212680A
:105F6000B2FA82F2D2B242F02002D2B202F01F02A2
:105F7000012101FA02F21340002B87D0CAE007F595
:105F80000073A3F5E8734FF080721A6007F5007391
:105F9000A3F5E8731B6893FAA3F207F50073A3F562
:105FA000EA731A6007F50073A3F5EA731B68B3FA86
:105FB00083F3DBB203F1845303F584139B001A4689
:105FC00000231360FCF722FFC7F8F80109E0FCF793
:105FD0001DFF0246D7F8F831D31A022B01D903234B
:105FE00099E007F50073A3F5EC734FF000721A60A7
:105FF00007F50073A3F5EC731B6893FAA3F207F59A
:106000000073A3F5EE731A6007F50073A3F5EE7342
:106010001B68B3FA83F3DBB23F2B02D82D4B1B680E
:1060200027E007F50073A3F5F0734FF000721A60D4
:1060300007F50073A3F5F0731B6893FAA3F207F555
:106040000073A3F5F2731A6007F50073A3F5F473F8
:106050004FF000721A6007F50073A3F5F4731B6824
:1060600093FAA3F207F50073A3F5F6731A60194BC0
:106070005B6A07F50072A2F5F8724FF000711160CB
:1060800007F50072A2F5F872126892FAA2F107F50C
:106090000072A2F5FA72116007F50072A2F5FA72A9
:1060A0001268B2FA82F2D2B242F02002D2B202F008
:1060B0001F02012101FA02F21340002B87D129E0CF
:1060C00007F50073A3F5FE731B68DB69012B03D191
:1060D000012320E000100240114B5B68C7F8F43147
:1060E000D7F8F43103F4803207F50073A3F5FE739B
:1060F0001B681B6A9A420BD1D7F8F43103F4701273
:1061000007F50073A3F5FE731B685B6A9A4201D022
:10611000012300E00023184607F50077BD4680BD47
:106120000010024080B59EB000AF78603960002357
:106130007B677B68002B01D1012354E1894B1B68ED
:1061400003F007033A689A4210D9864B1B6823F084
:10615000070284493B6813430B60824B1B6803F0C2
:1061600007033A689A4201D001233CE17B681B682F
:1061700003F00203002B08D07B4B5B6823F0F00296
:106180007B689B68784913434B607B681B6803F00E
:106190000103002B00F0CD807B685B68012B37D1B9
:1061A0004FF40033FB66FB6E93FAA3F33B673B6F40
:1061B000B3FA83F3DBB23F2B02D86B4B1B680FE0C3
:1061C0004FF40033BB66BB6E93FAA3F37B664FF4C8
:1061D00000333B663B6E93FAA3F3FB65624B5B6A4D
:1061E0004FF40032BA65BA6D92FAA2F27A657A6D0E
:1061F000B2FA82F2D2B242F02002D2B202F01F0210
:10620000012101FA02F21340002B71D10123EAE0CF
:106210007B685B68022B37D14FF000733B653B6DA9
:1062200093FAA3F3FB64FB6CB3FA83F3DBB23F2B6B
:1062300002D84D4B1B680FE04FF00073BB64BB6C82
:1062400093FAA3F37B644FF000733B643B6C93FAC7
:10625000A3F3FB63444B5B6A4FF00072BA63BA6B03
:1062600092FAA2F27A637A6BB2FA82F2D2B242F076
:106270002002D2B202F01F02012101FA02F2134001
:10628000002B35D10123AEE002233B633B6B93FA35
:10629000A3F3FB62FB6AB3FA83F3DBB23F2B02D8B2
:1062A000314B1B680DE00223BB62BB6A93FAA3F378
:1062B0007B6202233B623B6A93FAA3F3FB612A4BA6
:1062C0005B6A0222BA61BA6992FAA2F27A617A69C9
:1062D000B2FA82F2D2B242F02002D2B202F01F022F
:1062E000012101FA02F21340002B01D101237AE0CF
:1062F0001D4B5B6823F003027B685B681A491343FC
:106300004B60FCF783FD78670AE0FCF77FFD0246EF
:106310007B6FD31A41F28832934201D9032362E0A2
:10632000114B5B6803F00C027B685B689B009A4230
:10633000EBD10C4B1B6803F007033A689A4215D265
:10634000084B1B6823F0070206493B6813430B60A8
:10635000044B1B6803F007033A689A4206D00123F6
:1063600041E000BF00200240001002407B681B6833
:1063700003F00403002B08D01D4B5B6823F4E0629C
:106380007B68DB681A4913434B607B681B6803F02A
:106390000803002B09D0164B5B6823F460527B681E
:1063A0001B69DB00124913434B6000F029F80146DA
:1063B0000F4B5B6803F0F003F0223A613A6992FAFE
:1063C000A2F2FA60FA68B2FA82F2D2B2D340094A73
:1063D000D35C21FA03F3084A1360084B1B68184684
:1063E000FCF7D0FC002318467837BD4680BD00BFBF
:1063F00000100240BC1B0108800000208400002027
:1064000080B487B000AF0023FB600023BB60002393
:106410007B6100237B6000233B611E4B5B68FB605C
:10642000FB6803F00C03042B02D0082B03D026E0FA
:10643000194B3B6126E0FB689B0C03F00F03174AE6
:10644000D35C7B60134BDB6A03F00F03144AD35C0D
:10645000BB60FB6803F48033002B08D00E4ABB6896
:10646000B2FBF3F27B6802FB03F37B6104E07B6821
:106470000C4A02FB03F37B617B693B6102E0064B44
:106480003B6100BF3B6918461C37BD465DF8047B85
:10649000704700BF0010024000127A00D41B0108B0
:1064A000E41B010800093D0080B400AF034B1B68EA
:1064B0001846BD465DF8047B704700BF8000002091
:1064C00080B582B000AFFFF7EFFF01460B4B5B6872
:1064D00003F4E0634FF4E0627A607A6892FAA2F221
:1064E0003A603A68B2FA82F2D2B2D340044AD35C3C
:1064F00021FA03F318460837BD4680BD001002405C
:10650000CC1B010880B582B000AFFFF7CDFF01467C
:106510000B4B5B6803F460534FF460527A607A6807
:1065200092FAA2F23A603A68B2FA82F2D2B2D34058
:10653000044AD35C21FA03F318460837BD4680BDF0
:1065400000100240CC1B010880B592B000AF78600B
:1065500000233B640023FB63002387F847307B68FC
:106560001B6803F48033002B00F0D2804D4BDB69B5
:1065700003F08053002B0ED14A4BDB69494A43F0AC
:106580008053D361474BDB6903F08053BB60BB682A
:10659000012387F84730444B1B6803F48073002BBA
:1065A00018D1414B1B68404A43F480731360FCF7D9
:1065B0002DFC386408E0FCF729FC02463B6CD31A3A
:1065C000642B01D9032367E1374B1B6803F4807305
:1065D000002BF0D0334B1B6A03F44073FB63FB6B5F
:1065E000002B00F082807B685B6803F44073FA6BD9
:1065F0009A427AD02B4B1B6A23F44073FB634FF40F
:1066000080333B633B6B93FAA3F3FB62FB6AB3FA01
:1066100083F3DBB21A46254B13449B001A46012331
:1066200013604FF48033BB63BB6B93FAA3F37B63BC
:106630007B6BB3FA83F3DBB21A461C4B13449B000B
:106640001A4600231360174AFB6B1362FB6B03F0BF
:106650000103002B49D0FCF7D9FB38640AE0FCF7B2
:10666000D5FB02463B6CD31A41F28832934201D9E2
:10667000032311E10223BB62BB6A93FAA3F37B629B
:1066800002233B623B6A93FAA3F3FB61FB69B3FA13
:1066900083F3DBB223F05F03DBB2002B08D1014BA5
:1066A0001B6A0DE000100240007000400081901055
:1066B0000223BB61BB6993FAA3F37B61784B5B6AEE
:1066C00002223A613A6992FAA2F2FA60FA68B2FAE0
:1066D00082F2D2B242F04002D2B202F01F02012195
:1066E00001FA02F21340002BB9D06D4B1B6A23F460
:1066F00040727B685B686A4913430B6297F84730C6
:10670000012B05D1664BDB69654A23F08053D361C9
:106710007B681B6803F00103002B08D0604B1B6BE8
:1067200023F003027B689B685D4913430B637B681E
:106730001B6803F00203002B08D0594B1B6B23F49A
:1067400040327B68DB68564913430B637B681B68E8
:1067500003F00403002B08D0514B1B6B23F44022A1
:106760007B681B694E4913430B637B681B6803F00E
:106770002003002B08D04A4B1B6B23F010027B68D0
:10678000DB69474913430B637B681B6803F40033E1
:10679000002B08D0424B5B6823F480027B689B6B24
:1067A0003F4913434B607B681B6803F04003002B99
:1067B00008D03B4B1B6B23F020027B681B6A3849D7
:1067C00013430B637B681B6803F00803002B08D09E
:1067D000334B1B6B23F440127B685B6930491343D6
:1067E0000B637B681B6803F01003002B08D02C4B55
:1067F0001B6B23F440027B689B69294913430B639D
:106800007B681B6803F40073002B08D0244B5B6883
:1068100023F400027B68DB6A214913434B607B68E9
:106820001B6803F08003002B08D01D4BDB6A23F4A8
:10683000F8727B685B6A1A491343CB627B681B68FA
:1068400003F48073002B08D0154BDB6A23F47852D5
:106850007B689B6A12491343CB627B681B6803F415
:106860008053002B08D00E4B1B6B23F480727B6887
:106870001B6B0B4913430B637B681B6803F40053CA
:10688000002B08D0064B1B6B23F400727B685B6BFC
:10689000034913430B63002318464837BD4680BDA8
:1068A0000010024080B584B000AF78607B68002B98
:1068B00001D101239DE07B685B6A002B08D17B68D6
:1068C0005B68B3F5827F09D07B680022DA6105E05E
:1068D0007B6800221A617B6800225A617B68002273
:1068E0009A627B6893F85D30DBB2002B06D17B683F
:1068F000002283F85C207868FCF70CF87B680222A1
:1069000083F85D207B681B681A687B681B6822F02F
:1069100040021A607B68DB68B3F5E06F02D90023A0
:10692000FB6002E04FF48053FB607B68DB68B3F5EB
:10693000706F07D07B68DB68B3F5E06F02D07B68CF
:1069400000229A627B685B6803F482727B689B68B2
:1069500003F404431A437B681B6903F002031A43E0
:106960007B685B6903F001031A437B689B6903F44E
:1069700000731A437B68DB6903F038031A437B68B2
:106980001B6A03F0800342EA03017B689B6A03F4FD
:1069900000527B681B680A431A607B689B691B0C6A
:1069A00003F004027B685B6A03F010031A437B6800
:1069B0005B6B03F008031A437B68DB6803F47063C6
:1069C00042EA0301FB6803F480527B681B680A43B8
:1069D0005A607B681B68DA697B681B6822F4006276
:1069E000DA617B6800221A667B68012283F85D20E9
:1069F000002318461037BD4680BD80B588B000AF73
:106A0000F860B9603B601346FB800023FB77FB68AE
:106A100093F85C30012B01D102235FE1FB68012276
:106A200083F85C20FCF7F2F9B861FB88FB82FB6815
:106A300093F85D30DBB2012B02D00223FB7748E1F3
:106A4000BB68002B02D0FB88002B02D10123FB770F
:106A50003FE1FB68032283F85D20FB6800221A6691
:106A6000FB68BA689A63FB68FA889A87FB68FA88B9
:106A7000DA87FB6800221A64FB680022A3F844202E
:106A8000FB680022A3F84620FB6800221A65FB6819
:106A90000022DA64FB689B68B3F5004F0FD1FB68F6
:106AA0001B681A68FB681B6822F040021A60FB68CA
:106AB0001B681A68FB681B6842F480421A60FB6816
:106AC0001B681B6803F04003402B07D0FB681B6862
:106AD0001A68FB681B6842F040021A60FB68DB68BA
:106AE000B3F5E06F4FD9FB685B68002B02D0FB8ADF
:106AF000012B42D1FB689B6B1A88FB681B68DA602C
:106B0000FB689B6B9A1CFB689A63FB68DB8F9BB2EC
:106B1000013B9AB2FB68DA872FE0FB681B689B6831
:106B200003F00203022B12D1FB689B6B1A88FB68EF
:106B30001B68DA60FB689B6B9A1CFB689A63FB68B6
:106B4000DB8F9BB2013B9AB2FB68DA8715E0FCF75A
:106B50005DF90246BB69D31A3A689A4203D83B688A
:106B6000B3F1FF3F02D13B68002B06D10323FB7733
:106B7000FB68012283F85D20ABE0FB68DB8F9BB2F2
:106B8000002BCAD180E0FB685B68002B02D0FB8A37
:106B9000012B74D1FB68DB8F9BB2012B12D9FB68F0
:106BA0009B6B1A88FB681B68DA60FB689B6B9A1CFE
:106BB000FB689A63FB68DB8F9BB2023B9AB2FB686F
:106BC000DA875CE0FB689A6BFB681B680C33127811
:106BD0001A70FB689B6B5A1CFB689A63FB68DB8F1F
:106BE0009BB2013B9AB2FB68DA8748E0FB681B68FE
:106BF0009B6803F00203022B2BD1FB68DB8F9BB257
:106C0000012B12D9FB689B6B1A88FB681B68DA6042
:106C1000FB689B6B9A1CFB689A63FB68DB8F9BB2DB
:106C2000023B9AB2FB68DA8729E0FB689A6BFB6843
:106C30001B680C3312781A70FB689B6B5A1CFB683C
:106C40009A63FB68DB8F9BB2013B9AB2FB68DA87E1
:106C500015E0FCF7DBF80246BB69D31A3A689A42A2
:106C600003D83B68B3F1FF3F02D13B68002B06D14C
:106C70000323FB77FB68012283F85D2029E0FB6892
:106C8000DB8F9BB2002BB1D1BA693968F86800F08C
:106C9000F9FC0346002B02D0FB6820221A66FB6831
:106CA0009B68002B0AD100233B61FB681B68DB68F3
:106CB0003B61FB681B689B683B613B69FB681B6E23
:106CC000002B02D00123FB7703E0FB68012283F84D
:106CD0005D20FB68002283F85C20FB7F184620378C
:106CE000BD4680BD80B588B002AFF860B9603B603A
:106CF0001346FB800023FB75FB6893F85D30DBB225
:106D0000012B02D00223FB751AE1FB685B68B3F527
:106D1000827F12D1FB689B68002B0ED1FB68042296
:106D200083F85D20FA883B6800931346BA68B96817
:106D3000F86800F00EF9034607E1FB6893F85C3051
:106D4000012B01D1022300E1FB68012283F85C20C2
:106D5000FCF75CF83861BB68002B02D0FB88002B85
:106D600002D10123FB75EBE0FB68042283F85D2070
:106D7000FB6800221A66FB68BA681A64FB68FA8826
:106D8000A3F84420FB68FA88A3F84620FB68002299
:106D90009A63FB6800229A87FB680022DA87FB6807
:106DA0000022DA64FB6800221A65FB68DB68B3F531
:106DB000E06F08D9FB681B685A68FB681B6822F4FF
:106DC00080525A6007E0FB681B685A68FB681B68C2
:106DD00042F480525A60FB689B68B3F5004F0FD1B4
:106DE000FB681B681A68FB681B6822F040021A6087
:106DF000FB681B681A68FB681B6822F480421A60F3
:106E0000FB681B681B6803F04003402B07D0FB683E
:106E10001B681A68FB681B6842F040021A60FB6836
:106E2000DB68B3F5E06F6FD834E0FB681B689B68E4
:106E300003F00103012B17D1FB681B6803F10C025F
:106E4000FB681B6C1278D2B21A70FB681B6C5A1C60
:106E5000FB681A64FB68B3F846309BB2013B9AB2F8
:106E6000FB68A3F8462015E0FBF7D0FF02463B691C
:106E7000D31A3A689A4203D83B68B3F1FF3F02D174
:106E80003B68002B06D10323FB75FB68012283F8C6
:106E90005D2055E0FB68B3F846309BB2002BC4D1AF
:106EA00038E0FB681B689B6803F00103012B15D1D8
:106EB000FB681B68DA68FB681B6C92B21A80FB687F
:106EC0001B6C9A1CFB681A64FB68B3F846309BB2D3
:106ED000013B9AB2FB68A3F8462015E0FBF796FF4A
:106EE00002463B69D31A3A689A4203D83B68B3F129
:106EF000FF3F02D13B68002B06D10323FB75FB68E3
:106F0000012283F85D201BE0FB68B3F846309BB29A
:106F1000002BC6D13A693968F86800F05BFB03467C
:106F2000002B02D0FB6820221A66FB681B6E002B28
:106F300002D00123FB7503E0FB68012283F85D208A
:106F4000FB68002283F85C20FB7D18461837BD469D
:106F500080BD80B58AB000AFF860B9607A607B8090
:106F600001237B62002387F82330FB6893F85C30B1
:106F7000012B01D102230AE2FB68012283F85C2085
:106F8000FBF744FFF861FB6893F85D30FB76FB6824
:106F90005B687B617B887B827B883B82FB7E012BED
:106FA0000ED07B69B3F5827F06D1FB689B68002B0E
:106FB00002D1FB7E042B03D0022387F82330E0E1CB
:106FC000BB68002B05D07B68002B02D07B88002B90
:106FD00003D1012387F82330D3E1FB6893F85D30B8
:106FE000DBB2042B03D0FB68052283F85D20FB682D
:106FF00000221A66FB687A681A64FB687A88A3F82C
:107000004620FB687A88A3F84420FB68BA689A6334
:10701000FB687A88DA87FB687A889A87FB6800229F
:10702000DA64FB6800221A65FB68DB68B3F5E06F81
:1070300002D83B8A012B08D9FB681B685A68FB6899
:107040001B6822F480525A6007E0FB681B685A688C
:10705000FB681B6842F480525A60FB681B681B681F
:1070600003F04003402B07D0FB681B681A68FB68DD
:107070001B6842F040021A60FB68DB68B3F5E06F02
:1070800040F28180FB685B68002B02D07B8A012B79
:107090006DD1FB689B6B1A88FB681B68DA60FB6824
:1070A0009B6B9A1CFB689A63FB68DB8F9BB2013B6E
:1070B0009AB2FB68DA875AE0FB681B689B6803F0AA
:1070C0000203022B1BD1FB68DB8F9BB2002B16D077
:1070D0007B6A012B13D1FB689B6B1A88FB681B68CA
:1070E000DA60FB689B6B9A1CFB689A63FB68DB8F1A
:1070F0009BB2013B9AB2FB68DA8700237B62FB6894
:107100001B689B6803F00103012B1CD1FB68B3F8DB
:1071100046309BB2002B16D0FB681B68DA68FB6810
:107120001B6C92B21A80FB681B6C9A1CFB681A6479
:10713000FB68B3F846309BB2013B9AB2FB68A3F8F8
:10714000462001237B62FBF761FE0246FB69D31AEE
:107150003A6B9A420BD83B6BB3F1FF3F07D0032346
:1071600087F82330FB68012283F85D2009E1FB6882
:10717000DB8F9BB2002B9FD1FB68B3F846309BB2EC
:10718000002B99D1E3E0FB685B68002B03D07B8A7E
:10719000012B40F0CF80FB68DB8F9BB2012B12D913
:1071A000FB689B6B1A88FB681B68DA60FB689B6B4B
:1071B0009A1CFB689A63FB68DB8F9BB2023B9AB216
:1071C000FB68DA87B6E0FB689A6BFB681B680C33D8
:1071D00012781A70FB689B6B5A1CFB689A63FB68F9
:1071E000DB8F9BB2013B9AB2FB68DA87A2E0FB68B7
:1071F0001B689B6803F00203022B34D1FB68DB8F12
:107200009BB2002B2FD07B6A012B2CD1FB68DB8F2C
:107210009BB2012B12D9FB689B6B1A88FB681B6819
:10722000DA60FB689B6B9A1CFB689A63FB68DB8FD8
:107230009BB2023B9AB2FB68DA8712E0FB689A6B5A
:10724000FB681B680C3312781A70FB689B6B5A1C26
:10725000FB689A63FB68DB8F9BB2013B9AB2FB68C9
:10726000DA8700237B62FB681B689B6803F00103DD
:10727000012B48D1FB68B3F846309BB2002B42D0BB
:10728000FB68B3F846309BB2012B23D9FB681B681F
:10729000DA68FB681B6C92B21A80FB681B6C9A1C44
:1072A000FB681A64FB68B3F846309BB2023B9AB2A3
:1072B000FB68A3F84620FB68B3F846309BB2012B6D
:1072C0001FD8FB681B685A68FB681B6842F4805231
:1072D0005A6016E0FB681B6803F10C02FB681B6C2C
:1072E0001278D2B21A70FB681B6C5A1CFB681A64C5
:1072F000FB68B3F846309BB2013B9AB2FB68A3F837
:10730000462001237B62FBF781FD0246FB69D31A0D
:107310003A6B9A4203D83B6BB3F1FF3F02D13B6B10
:10732000002B07D1032387F82330FB68012283F861
:107330005D2026E0FB68DB8F9BB2002B7FF457AF0C
:10734000FB68B3F846309BB2002B7FF450AFFA696C
:10735000396BF86800F096F90346002B05D001233D
:1073600087F82330FB6820221A66FB681B6E002B0F
:1073700003D0012387F8233003E0FB68012283F860
:107380005D20FB68002283F85C2097F823301846C4
:107390002837BD4680BD000080B588B000AFF860DA
:1073A000B9603B601346FB71FBF730FD0246BB6AD8
:1073B0009B1A3A681344FB61FBF728FDB861394B0F
:1073C0001B685B011B0DFA6902FB03F37B6154E050
:1073D0003B68B3F1FF3F50D0FBF718FD0246BB6995
:1073E000D31AFA699A4202D9FB69002B3DD1FB6896
:1073F0001B685A68FB681B6822F0E0025A60FB6851
:107400005B68B3F5827F11D1FB689B68B3F5004FD1
:1074100004D0FB689B68B3F5806F07D1FB681B68DD
:107420001A68FB681B6822F040021A60FB689B6ABE
:10743000B3F5005F0FD1FB681B681A68FB681B6817
:1074400022F400521A60FB681B681A68FB681B680C
:1074500042F400521A60FB68012283F85D20FB6849
:10746000002283F85C20032317E07B69002B01D105
:107470000023FB617B69013B7B61FB681B689A68A9
:10748000BB681340BA689A420CBF01230023DBB2E9
:107490001A46FB799A429BD1002318462037BD46F5
:1074A00080BD00BF8000002080B58AB000AFF860CA
:1074B000B9607A603B600023FB75FBF7A7FC0246CE
:1074C0003B6B9B1A3A6813447B62FBF79FFC386264
:1074D000FB681B680C33FB613D4B1A6813469B002D
:1074E0001344DA00D31A1B0D7A6A02FB03F3BB6163
:1074F00060E0BB68B3F5C06F07D17B68002B04D197
:10750000FB691B78DBB2FB75FB7D3B68B3F1FF3F8A
:1075100050D0FBF77BFC02463B6AD31A7A6A9A4248
:1075200002D97B6A002B3DD1FB681B685A68FB6857
:107530001B6822F0E0025A60FB685B68B3F5827F4B
:1075400011D1FB689B68B3F5004F04D0FB689B68C2
:10755000B3F5806F07D1FB681B681A68FB681B686E
:1075600022F040021A60FB689B6AB3F5005F0FD1FE
:10757000FB681B681A68FB681B6822F400521A60DB
:10758000FB681B681A68FB681B6842F400521A60AB
:10759000FB68012283F85D20FB68002283F85C20F1
:1075A000032310E0BB69002B01D100237B62BB6980
:1075B000013BBB61FB681B689A68BB6813407A6833
:1075C0009A4296D1002318462837BD4680BD00BF99
:1075D0008000002080B586B002AFF860B9607A60A4
:1075E000FB685B68B3F5827F11D1FB689B68B3F5DC
:1075F000004F04D0FB689B68B3F5806F07D1FB6830
:107600001B681A68FB681B6822F040021A607B68DE
:107610000093BB6800228021F868FFF7BDFE034697
:10762000002B07D0FB681B6E43F02002FB681A6634
:10763000032323E0FB685B68B3F5827F1DD1FB6801
:107640009B68B3F5004F04D0FB689B68B3F5806F6F
:1076500013D17B680093BB6800224FF4C061F868C7
:10766000FFF722FF0346002B07D0FB681B6E43F099
:107670002002FB681A66032300E000231846103737
:10768000BD4680BD80B586B002AFF860B9607A6053
:107690007B680093BB6800224FF4C051F868FFF785
:1076A00003FF0346002B07D0FB681B6E43F020024C
:1076B000FB681A66032327E07B680093BB680022FF
:1076C0008021F868FFF768FE0346002B07D0FB68AF
:1076D0001B6E43F02002FB681A66032314E07B68EC
:1076E0000093BB6800224FF4C061F868FFF7DCFE2E
:1076F0000346002B07D0FB681B6E43F02002FB689B
:107700001A66032300E0002318461037BD4680BDEB
:1077100080B582B000AF78607B68002B01D1012377
:1077200049E07B6893F83D30DBB2002B06D17B68E3
:10773000002283F83C207868FBF72EF97B68022250
:1077400083F83D207B681A687B680433194610462D
:1077500000F0C2FA7B68012283F848207B6801228E
:1077600083F83E207B68012283F83F207B6801225A
:1077700083F840207B68012283F841207B68012246
:1077800083F842207B68012283F843207B68012232
:1077900083F844207B68012283F845207B6801221E
:1077A00083F846207B68012283F847207B6801220A
:1077B00083F83D20002318460837BD4680BD0000F1
:1077C00080B485B000AF78607B6893F83D30DBB261
:1077D000012B01D001234AE07B68022283F83D207F
:1077E0007B681B68DA687B681B6842F00102DA601C
:1077F0007B681B68214A934218D07B681B68B3F1F1
:10780000804F13D07B681B681D4A93420ED07B6863
:107810001B681C4A934209D07B681B681A4A934232
:1078200004D07B681B68194A934215D17B681B689A
:107830009A68174B1340FB60FB68062B15D0FB685A
:10784000B3F5803F11D07B681B681A687B681B68A2
:1078500042F001021A6008E07B681B681A687B68C6
:107860001B6842F001021A6000E000BF00231846C6
:107870001437BD465DF8047B704700BF002C014003
:107880000004004000080040003401400040014076
:107890000700010080B483B000AF78607B681B688C
:1078A000DA687B681B6822F00102DA607B681B687B
:1078B0001A6A41F211131340002B0FD17B681B6829
:1078C0001A6A40F244431340002B07D17B681B68BF
:1078D0001A687B681B6822F001021A607B6801222B
:1078E00083F83D20002318460C37BD465DF8047B25
:1078F000704780B584B000AF78607B681B68DB6838
:10790000FB607B681B681B69BB60BB6803F00203FC
:10791000002B20D0FB6803F00203002B1BD07B68F8
:107920001B686FF002021A617B6801221A777B687C
:107930001B689B6903F00303002B03D0786800F0F9
:10794000ADF905E0786800F09FF9786800F0B0F9CB
:107950007B6800221A77BB6803F00403002B20D059
:10796000FB6803F00403002B1BD07B681B686FF0DF
:1079700004021A617B6802221A777B681B689B6984
:1079800003F44073002B03D0786800F087F905E01A
:10799000786800F079F9786800F08AF97B6800224D
:1079A0001A77BB6803F00803002B20D0FB6803F0B4
:1079B0000803002B1BD07B681B686FF008021A615C
:1079C0007B6804221A777B681B68DB6903F003037A
:1079D000002B03D0786800F061F905E0786800F0CA
:1079E00053F9786800F064F97B6800221A77BB6865
:1079F00003F01003002B20D0FB6803F01003002BD2
:107A00001BD07B681B686FF010021A617B6808222C
:107A10001A777B681B68DB6903F44073002B03D083
:107A2000786800F03BF905E0786800F02DF9786897
:107A300000F03EF97B6800221A77BB6803F001036F
:107A4000002B0CD0FB6803F00103002B07D07B68F0
:107A50001B686FF001021A617868F9F7EDF8BB68EE
:107A600003F08003002B0CD0FB6803F08003002B95
:107A700007D07B681B686FF080021A61786800F09D
:107A8000EBFABB6803F48073002B0CD0FB6803F0A7
:107A90008003002B07D07B681B686FF480721A612B
:107AA000786800F0E3FABB6803F04003002B0CD0C9
:107AB000FB6803F04003002B07D07B681B686FF066
:107AC00040021A61786800F0FDF8BB6803F02003FB
:107AD000002B0CD0FB6803F02003002B07D07B6841
:107AE0001B686FF020021A61786800F0ABFA00BFE3
:107AF0001037BD4680BD80B584B000AF7860396076
:107B00000023FB737B6893F83C30012B01D10223E7
:107B1000B6E07B68012283F83C207B68022283F870
:107B20003D207B681B689B68BB60BB6823F4803387
:107B300023F07703BB60BB6823F47F43BB607B68A3
:107B40001B68BA689A603B681B68B3F5005F3ED05B
:107B5000B3F5005F00F28780B3F5805F00F08680A8
:107B6000B3F5805F7FD8702B1AD0702B7BD8602B39
:107B700050D0602B77D8502B3CD0502B73D8402B53
:107B800058D0402B6FD8302B64D0302B6BD8202BA3
:107B900060D0202B67D8002B5CD0102B5AD062E02D
:107BA0007B6818683B6899683B685A683B68DB6883
:107BB00000F0A8F97B681B689B68BB60BB6843F05A
:107BC0007703BB607B681B68BA689A604FE07B688C
:107BD00018683B6899683B685A683B68DB6800F046
:107BE00091F97B681B689A687B681B6842F4804245
:107BF0009A603CE07B6818683B6859683B68DB68C2
:107C00001A4600F005F97B681B685021184600F001
:107C10005EF92CE07B6818683B6859683B68DB6854
:107C20001A4600F024F97B681B686021184600F0B2
:107C30004EF91CE07B6818683B6859683B68DB6854
:107C40001A4600F0E5F87B681B684021184600F0F2
:107C50003EF90CE07B681A683B681B6819461046C1
:107C600000F035F903E00123FB7300E000BF7B68FF
:107C7000012283F83D207B68002283F83C20FB7BB7
:107C800018461037BD4680BD80B483B000AF786021
:107C900000BF0C37BD465DF8047B704780B483B0ED
:107CA00000AF786000BF0C37BD465DF8047B7047BD
:107CB00080B483B000AF786000BF0C37BD465DF87C
:107CC000047B704780B483B000AF786000BF0C378E
:107CD000BD465DF8047B704780B485B000AF786026
:107CE00039607B681B68FB607B68424A93420FD017
:107CF0007B68B3F1804F0BD07B683F4A934207D03B
:107D00007B683E4A934203D07B683D4A934208D148
:107D1000FB6823F07003FB603B685B68FA68134301
:107D2000FB607B68334A93421BD07B68B3F1804F82
:107D300017D07B68304A934213D07B682F4A934216
:107D40000FD07B682E4A93420BD07B682D4A93421A
:107D500007D07B682C4A934203D07B682B4A93421E
:107D600008D1FB6823F44073FB603B68DB68FA686A
:107D70001343FB60FB6823F080023B685B6913439D
:107D8000FB607B68FA681A603B689A687B68DA6215
:107D90003B681A687B689A627B68164A93420FD0E8
:107DA0007B68174A93420BD07B68164A934207D0F0
:107DB0007B68154A934203D07B68144A934203D1EF
:107DC0003B681A697B681A637B6801225A617B6889
:107DD0001B6903F00103012B05D17B681B6923F0AC
:107DE00001027B681A6100BF1437BD465DF8047B51
:107DF000704700BF002C0140000400400008004014
:107E0000003401400040014000440140004801406E
:107E100080B487B000AFF860B9607A60FB681B6A15
:107E20007B61FB681B6A23F00102FB681A62FB6836
:107E30009B693B613B6923F0F0033B617B681B015D
:107E40003A6913433B617B6923F00A037B617A69DA
:107E5000BB6813437B61FB683A699A61FB687A6986
:107E60001A6200BF1C37BD465DF8047B704780B4C2
:107E700087B000AFF860B9607A60FB681B6A7B610D
:107E8000FB681B6A23F01002FB681A62FB689B699F
:107E90003B613B6923F470433B617B681B033A6998
:107EA00013433B617B6923F0A0037B61BB681B012B
:107EB0007A6913437B61FB683A699A61FB687A6966
:107EC0001A6200BF1C37BD465DF8047B704780B462
:107ED00085B000AF786039607B689B68FB60FB68A9
:107EE00023F07003FB603A68FB68134343F0070319
:107EF000FB607B68FA689A6000BF1437BD465DF886
:107F0000047B704780B487B000AFF860B9607A60D6
:107F10003B60FB689B687B617B6923F47F437B61EB
:107F20003B681A027B681A43BB6813437A691343A0
:107F30007B61FB687A699A6000BF1C37BD465DF8BB
:107F4000047B704780B485B000AF786039607B688F
:107F500093F83C30012B01D1022363E07B680122BE
:107F600083F83C207B68022283F83D207B681B68F5
:107F70005B68FB607B681B689B68BB607B681B68F9
:107F80002B4A934204D07B681B682A4A934208D14B
:107F9000FB6823F47003FB603B685B68FA6813437B
:107FA000FB60FB6823F07003FB603B681B68FA68AA
:107FB0001343FB607B681B68FA685A607B681B6828
:107FC0001B4A934218D07B681B68B3F1804F13D0D3
:107FD0007B681B68184A93420ED07B681B68174A5F
:107FE000934209D07B681B68124A934204D07B6895
:107FF0001B68134A93420CD1BB6823F08003BB601B
:108000003B689B68BA681343BB607B681B68BA68AF
:108010009A607B68012283F83D207B68002283F808
:108020003C20002318461437BD465DF8047B70479A
:10803000002C0140003401400004004000080040D2
:108040000040014080B483B000AF786000BF0C37BF
:10805000BD465DF8047B704780B483B000AF7860A4
:1080600000BF0C37BD465DF8047B704780B483B019
:1080700000AF786000BF0C37BD465DF8047B7047E9
:1080800080B582B000AF78607B68002B01D10123FE
:1080900040E07B68DB6F002B06D17B68002283F811
:1080A00078207868FAF7AAFC7B682422DA677B6874
:1080B0001B681A687B681B6822F001021A607B68E3
:1080C0005B6A002B02D0786800F0D0FD786800F081
:1080D000F9FB0346012B01D101231BE07B681B68E0
:1080E0005A687B681B6822F490425A607B681B6860
:1080F0009A687B681B6822F02A029A607B681B687A
:108100001A687B681B6842F001021A60786800F008
:108110004FFE034618460837BD4680BD80B58AB07D
:1081200002AFF860B9603B601346FB80FB68DB6F11
:10813000202B77D1BB68002B02D0FB88002B01D10C
:10814000012370E0FB680022C3F88420FB68212231
:10815000DA67FAF75BFE7861FB68FA88A3F85020CB
:10816000FB68FA88A3F85220FB689B68B3F5805F30
:1081700008D1FB681B69002B04D10023FB61BB689D
:10818000BB6103E0BB68FB610023BB612FE03B6880
:1081900000937B6900228021F86800F0B1FE03465D
:1081A000002B04D0FB682022DA6703233BE0FB6945
:1081B000002B0BD1BB691A88FB681B68C2F308024D
:1081C00092B21A85BB690233BB6107E0FB691A787A
:1081D000FB681B681A85FB690133FB61FB68B3F818
:1081E00052309BB2013B9AB2FB68A3F85220FB6865
:1081F000B3F852309BB2002BC9D13B6800937B6926
:1082000000224021F86800F07BFE0346002B04D0DA
:10821000FB682022DA67032305E0FB682022DA6787
:10822000002300E0022318462037BD4680BD80B5FC
:108230008AB000AFF860B9601346FB80FB68D3F8E2
:108240008030202B32D1BB68002B02D0FB88002B62
:1082500001D101232BE0FB6800221A66FB681B6832
:108260005B6803F40003002B18D0FB681B687B617C
:108270007B6953E8003F3B613B6943F080637B626D
:10828000FB681B681A467B6A3B62FA61F9693A6AC5
:1082900041E80023BB61BB69002BE6D1FB881A468D
:1082A000B968F86800F09AFE034600E00223184619
:1082B0002837BD4680BD000080B5BAB000AF7860F9
:1082C0007B681B68DB69C7F8E4307B681B681B6848
:1082D000C7F8E0307B681B689B68C7F8DC30D7F8CC
:1082E000E42040F60F031340C7F8D830D7F8D83051
:1082F000002B15D1D7F8E43003F02003002B0FD06A
:10830000D7F8E03003F02003002B09D07B689B6E88
:10831000002B00F0AB827B689B6E78689847A5E2E3
:10832000D7F8D830002B00F01781D7F8DC3003F0F5
:108330000103002B06D1D7F8E020854B1340002B1A
:1083400000F00A81D7F8E43003F00103002B11D0CC
:10835000D7F8E03003F48073002B0BD07B681B68E8
:1083600001221A627B68D3F8843043F001027B68F3
:10837000C3F88420D7F8E43003F00203002B11D0B7
:10838000D7F8DC3003F00103002B0BD07B681B68AF
:1083900002221A627B68D3F8843043F004027B68BF
:1083A000C3F88420D7F8E43003F00403002B11D085
:1083B000D7F8DC3003F00103002B0BD07B681B687F
:1083C00004221A627B68D3F8843043F002027B688F
:1083D000C3F88420D7F8E43003F00803002B17D04B
:1083E000D7F8E03003F02003002B05D1D7F8DC30BC
:1083F00003F00103002B0BD07B681B6808221A6274
:108400007B68D3F8843043F008027B68C3F884208B
:10841000D7F8E43003F40063002B12D0D7F8E03033
:1084200003F08063002B0CD07B681B684FF4006264
:108430001A627B68D3F8843043F020027B68C3F86B
:1084400084207B68D3F88430002B00F01182D7F8A9
:10845000E43003F02003002B0DD0D7F8E03003F018
:108460002003002B07D07B689B6E002B03D07B681A
:108470009B6E786898477B68D3F88430C7F8D4300F
:108480007B681B689B6803F04003402B05D0D7F83E
:10849000D43003F02803002B4FD0786800F052FE50
:1084A0007B681B689B6803F04003402B41D17B68CD
:1084B0001B680833C7F89C30D7F89C3053E8003F5E
:1084C000C7F89830D7F8983023F04003C7F8D03079
:1084D0007B681B680833D7F8D020C7F8A820C7F8F6
:1084E000A430D7F8A410D7F8A82041E80023C7F893
:1084F000A030D7F8A030002BD9D17B685B6F002B60
:1085000013D07B685B6F134A5A637B685B6F1846B6
:10851000FAF7FBFD0346002B17D07B685B6F5B6BA4
:108520007A68526F104698470FE0786800F0B4F907
:108530000BE0786800F0B0F907E0786800F0ACF97B
:108540007B680022C3F8842092E100BF90E100BF65
:10855000200100040D9200087B681B6E012B40F087
:108560004B81D7F8E43003F01003002B00F0448176
:10857000D7F8E03003F01003002B00F03D817B685A
:108580001B6810221A627B681B689B6803F040031B
:10859000402B40F0B5807B685B6F1B685B68A7F879
:1085A000BE30B7F8BE30002B00F064817B68B3F8B2
:1085B0005830B7F8BE209A4280F05C817B68B7F8EB
:1085C000BE20A3F85A207B685B6F9B69202B00F0CC
:1085D00086807B681B68C7F88830D7F8883053E8F6
:1085E000003FC7F88430D7F8843023F48073C7F88D
:1085F000B8307B681B681A46D7F8B830C7F8943093
:10860000C7F89020D7F89010D7F8942041E80023BD
:10861000C7F88C30D7F88C30002BDAD17B681B6818
:1086200008337B677B6F53E8003F3B673B6F23F06A
:108630000103C7F8B4307B681B680833D7F8B4204F
:10864000C7F88020FB67F96FD7F8802041E8002346
:10865000BB67BB6F002BE1D17B681B6808333B66AF
:108660003B6E53E8003FFB65FB6D23F04003C7F80A
:10867000B0307B681B680833D7F8B020FA66BB6659
:10868000B96EFA6E41E800237B667B6E002BE3D166
:108690007B682022C3F880207B6800221A667B68F2
:1086A0001B68FB64FB6C53E8003FBB64BB6C23F0AE
:1086B0001003C7F8AC307B681B681A46D7F8AC309B
:1086C000BB657A65796DBA6D41E800233B653B6D0A
:1086D000002BE4D17B685B6F1846FAF7D8FC7B6807
:1086E00002225A667B68B3F858207B68B3F85A3088
:1086F0009BB2D31A9BB21946786800F0D7F8B9E05C
:108700007B68B3F858207B68B3F85A309BB2D31A11
:10871000A7F8CE307B68B3F85A309BB2002B00F03C
:10872000AB80B7F8CE30002B00F0A6807B681B68CA
:10873000BB63BB6B53E8003F7B637B6B23F490739D
:10874000C7F8C8307B681B681A46D7F8C8307B6406
:108750003A64396C7A6C41E80023FB63FB6B002BB5
:10876000E4D17B681B6808337B627B6A53E8003F77
:108770003B623B6A23F00103C7F8C4307B681B6887
:108780000833D7F8C4203A63FB62F96A3A6B41E8D0
:108790000023BB62BB6A002BE3D17B682022C3F8B5
:1087A00080207B6800221A667B6800229A667B68BC
:1087B0001B683B613B6953E8003FFB60FB6823F0AB
:1087C0001003C7F8C0307B681B681A46D7F8C03062
:1087D000FB61BA61B969FA6941E800237B617B6991
:1087E000002BE4D17B6802225A66B7F8CE301946D6
:1087F000786800F05BF83FE0D7F8E43003F48013CA
:10880000002B0ED0D7F8DC3003F48003002B08D007
:108810007B681B684FF480121A62786800F0DEFEF5
:108820002DE0D7F8E43003F08003002B0ED0D7F80A
:10883000E03003F08003002B08D07B68DB6E002B58
:108840001CD07B68DB6E7868984717E0D7F8E43077
:1088500003F04003002B12D0D7F8E03003F04003C0
:10886000002B0CD0786800F0E7FC08E000BF06E0C1
:1088700000BF04E000BF02E000BF00E000BFE83737
:10888000BD4680BD80B483B000AF786000BF0C37B8
:10889000BD465DF8047B704780B483B000AF78605C
:1088A00000BF0C37BD465DF8047B704780B483B0D1
:1088B00000AF78600B467B8000BF0C37BD465DF88B
:1088C000047B704780B588B000AF78600023BB7729
:1088D0007B689A687B681B691A437B685B691A43EB
:1088E0007B68DB6913437B617B681B681B6823F42F
:1088F000164323F00C037A68126879690B431360FE
:108900007B681B685B6823F440517B68DA687B688E
:108910001B680A435A607B689B697B617B681B6AA2
:108920007A6913437B617B681B689B6823F4306121
:108930007B681B687A690A439A607B681B68A74A50
:10894000934220D1A64B1B6B03F00303032B17D8D4
:1089500001A252F823F000BF698900087589000858
:108960007B8900086F8900080123FB77B5E00223AB
:10897000FB77B2E00423FB77AFE00823FB77ACE0A2
:108980001023FB77A9E07B681B68964A934224D1A9
:10899000934B1B6B03F44033B3F5403F11D0B3F559
:1089A000403F17D8B3F5003F11D0B3F5003F11D8C1
:1089B000002B03D0B3F5803F06D00BE00023FB77FC
:1089C0008BE00223FB7788E00423FB7785E0082314
:1089D000FB7782E01023FB777FE07B681B68824A8D
:1089E000934224D17E4B1B6B03F44023B3F5402FFD
:1089F00011D0B3F5402F17D8B3F5002F11D0B3F530
:108A0000002F11D8002B03D0B3F5802F06D00BE038
:108A10000023FB7761E00223FB775EE00423FB7712
:108A20005BE00823FB7758E01023FB7755E07B6879
:108A30001B686E4A934224D1694B1B6B03F44013AD
:108A4000B3F5401F11D0B3F5401F17D8B3F5001F81
:108A500011D0B3F5001F11D8002B03D0B3F5801F40
:108A600006D00BE00023FB7737E00223FB7734E0EE
:108A70000423FB7731E00823FB772EE01023FB77FC
:108A80002BE07B681B685A4A934224D1544B1B6BE2
:108A900003F44003B3F5400F11D0B3F5400F17D8DE
:108AA000B3F5000F11D0B3F5000F11D8002B03D090
:108AB000B3F5800F06D00BE00023FB770DE0022317
:108AC000FB770AE00423FB7707E00823FB7704E049
:108AD0001023FB7701E01023FB777B68DB69B3F59C
:108AE000004F5BD1FB7F082B27D801A252F823F05F
:108AF000158B00081D8B0008258B00083B8B000898
:108B00002B8B00083B8B00083B8B00083B8B00083D
:108B1000338B0008FDF7D4FCB86113E0FDF7F2FCDD
:108B2000B8610FE0334BBB610CE0FDF769FCB86145
:108B300008E04FF40043BB6104E00023BB61012364
:108B4000BB7700BFBB69002B00F08280BB695A0075
:108B50007B685B685B081A447B685B68B2FBF3F375
:108B60003B613B690F2B16D93B69B3F5803F12D2AD
:108B70003B699BB223F00F03FB813B695B089BB20F
:108B800003F007039AB2FB891343FB817B681B68E0
:108B9000FA89DA605CE00123BB7759E0FB7F082BA0
:108BA00035D801A252F823F0CD8B0008D58B0008F0
:108BB000F98B00080F8C0008FF8B00080F8C000851
:108BC0000F8C00080F8C0008078C0008FDF778FC5C
:108BD000B86121E0FDF796FCB8611DE00038014066
:108BE000001002400044004000480040004C00409B
:108BF0000050004000127A001B4BBB610CE0FDF7F7
:108C0000FFFBB86108E04FF40043BB6104E00023C0
:108C1000BB610123BB7700BFBB69002B18D07B6809
:108C20005B685A08BB691A447B685B68B2FBF3F364
:108C30003B613B690F2B09D93B69B3F5803F05D2F6
:108C40003B699AB27B681B68DA6001E00123BB775D
:108C50007B6800229A667B680022DA66BB7F184632
:108C60002037BD4680BD00BF00127A0080B483B0BB
:108C700000AF78607B685B6A03F00803002B0AD0C2
:108C80007B681B685B6823F400417B685A6B7B68D8
:108C90001B680A435A607B685B6A03F00103002B80
:108CA0000AD07B681B685B6823F400317B689A6A92
:108CB0007B681B680A435A607B685B6A03F00203A7
:108CC000002B0AD07B681B685B6823F480317B68CB
:108CD000DA6A7B681B680A435A607B685B6A03F048
:108CE0000403002B0AD07B681B685B6823F4802197
:108CF0007B681A6B7B681B680A435A607B685B6AF7
:108D000003F01003002B0AD07B681B689B6823F4D8
:108D100080517B689A6B7B681B680A439A607B680A
:108D20005B6A03F02003002B0AD07B681B689B68FA
:108D300023F400517B68DA6B7B681B680A439A60F6
:108D40007B685B6A03F04003002B1AD07B681B68CA
:108D50005B6823F480117B681A6C7B681B680A438C
:108D60005A607B681B6CB3F5801F0AD17B681B6857
:108D70005B6823F4C0017B685A6C7B681B680A43FC
:108D80005A607B685B6A03F08003002B0AD07B6823
:108D90001B685B6823F400217B689A6C7B681B6806
:108DA0000A435A6000BF0C37BD465DF8047B70472C
:108DB00080B598B002AF78607B680022C3F8842049
:108DC000FAF724F878657B681B681B6803F00803D2
:108DD000082B2ED16FF07E4300937B6D00224FF461
:108DE0000011786800F08CF80346002B21D07B68D6
:108DF0001B68BB63BB6B53E8003F7B637B6B23F05B
:108E000080033B657B681B681A463B6D7B643A6454
:108E1000396C7A6C41E80023FB63FB6B002BE6D1D5
:108E20007B682022DA677B68002283F8782003239E
:108E300062E07B681B681B6803F00403042B49D1C4
:108E40006FF07E4300937B6D00224FF480017868C1
:108E500000F056F80346002B3CD07B681B687B6211
:108E60007B6A53E8003F3B623B6A23F49073FB64E8
:108E70007B681B681A46FB6C3B63FA62F96A3A6BC3
:108E800041E80023BB62BB6A002BE6D17B681B680C
:108E900008333B613B6953E8003FFB60FB6823F00C
:108EA0000103BB647B681B680833BA6CFA61BB6161
:108EB000B969FA6941E800237B617B69002BE5D140
:108EC0007B682022C3F880207B68002283F878200A
:108ED000032311E07B682022DA677B682022C3F835
:108EE00080207B6800221A667B6800225A667B68B5
:108EF000002283F87820002318465837BD4680BDED
:108F000080B584B000AFF860B9603B601346FB7178
:108F10004FE0BB69B3F1FF3F4BD0F9F777FF024653
:108F20003B68D31ABA699A4202D3BB69002B01D1BC
:108F300003234EE0FB681B681B6803F00403002B4F
:108F400037D0BB68802B34D0BB68402B31D0FB6856
:108F50001B68DB6903F00803082B10D1FB681B6852
:108F600008221A62F86800F0EDF8FB680822C3F8DE
:108F70008420FB68002283F87820012329E0FB6825
:108F80001B68DB6903F40063B3F5006F11D1FB6864
:108F90001B684FF400621A62F86800F0D3F8FB68AF
:108FA0002022C3F88420FB68002283F87820032362
:108FB0000FE0FB681B68DA69BB681340BA689A4225
:108FC0000CBF01230023DBB21A46FB799A42A0D0E2
:108FD000002318461037BD4680BD000080B497B00E
:108FE00000AFF860B9601346FB80FB68BA685A6549
:108FF000FB68FA88A3F85820FB68FA88A3F85A207F
:10900000FB6800229A66FB689B68B3F5805F0ED10F
:10901000FB681B69002B05D1FB6840F2FF12A3F827
:109020005C201AE0FB68FF22A3F85C2015E0FB68D7
:109030009B68002B0DD1FB681B69002B04D1FB68DA
:10904000FF22A3F85C2008E0FB687F22A3F85C20E5
:1090500003E0FB680022A3F85C20FB680022C3F851
:109060008420FB682222C3F88020FB681B68083339
:10907000FB63FB6B53E8003FBB63BB6B43F0010337
:109080007B65FB681B6808337A6DBA647B64796C16
:10909000BA6C41E800233B643B6C002BE5D1FB68D4
:1090A0009B68B3F5805F07D1FB681B69002B03D178
:1090B000FB68224A9A6602E0FB68214A9A66FB68CE
:1090C0001B69002B19D0FB681B68BB62BB6A53E8A5
:1090D000003F7B627B6A43F49073FB64FB681B6810
:1090E0001A46FB6C7B633A63396B7A6B41E8002369
:1090F000FB62FB6A002BE6D118E0FB681B687B6112
:109100007B6953E8003F3B613B6943F020033B65CB
:10911000FB681B681A463B6D3B62FA61F9693A6A63
:1091200041E80023BB61BB69002BE6D10023184650
:109130005C37BD465DF8047B704700BF359400087E
:109140008D92000880B495B000AF78607B681B6892
:109150007B637B6B53E8003F3B633B6B23F4907373
:10916000FB647B681B681A46FB6C3B64FA63F96B13
:109170003A6C41E80023BB63BB6B002BE6D17B68F4
:109180001B6808333B623B6A53E8003FFB61FB69A5
:1091900023F00103BB647B681B680833BA6CFA6276
:1091A000BB62B96AFA6A41E800237B627B6A002BE2
:1091B000E5D17B681B6E012B18D17B681B68FB60B7
:1091C000FB6853E8003FBB60BB6823F010037B647F
:1091D0007B681B681A467B6CBB617A617969BA69E6
:1091E00041E800233B613B69002BE6D17B682022EC
:1091F000C3F880207B6800221A667B6800229A668A
:1092000000BF5437BD465DF8047B704780B584B01D
:1092100000AF78607B685B6AFB60FB680022A3F8A4
:109220005A20FB680022A3F85220F868FFF734FBAD
:1092300000BF1037BD4680BD80B588B000AF7860F4
:109240007B681B68FB60FB6853E8003FBB60BB6842
:1092500023F04003FB617B681B681A46FB69BB6116
:109260007A617969BA6941E800233B613B69002B67
:10927000E6D17B682022DA677B680022DA667868AC
:10928000FFF700FB00BF2037BD4680BD80B59CB016
:1092900000AF78607B68B3F85C30A7F86E307B680D
:1092A000D3F88030222B40F0B9807B681B689B8C00
:1092B000A7F86C30B7F86C30D9B2B7F86E30DAB2C4
:1092C0007B685B6D0A40D2B21A707B685B6D5A1C7A
:1092D0007B685A657B68B3F85A309BB2013B9AB2FF
:1092E0007B68A3F85A207B68B3F85A309BB2002BF6
:1092F00040F09C807B681B68FB64FB6C53E8003F7C
:10930000BB64BB6C23F49073BB667B681B681A4616
:10931000BB6EBB657A65796DBA6D41E800233B652C
:109320003B6D002BE6D17B681B680833BB63BB6BCE
:1093300053E8003F7B637B6B23F001037B667B6814
:109340001B6808337A6E7A643B64396C7A6C41E846
:109350000023FB63FB6B002BE5D17B682022C3F865
:1093600080207B6800229A667B6800225A667B68B0
:109370001B685B6803F40003002B18D07B681B6834
:109380007B627B6A53E8003F3B623B6A23F0806369
:109390003B667B681B681A463B6E3B63FA62F96A60
:1093A0003A6B41E80023BB62BB6A002BE6D17B68C5
:1093B0001B6E012B2ED17B6800221A667B681B680E
:1093C0003B613B6953E8003FFB60FB6823F01003FF
:1093D000FB657B681B681A46FB6DFB61BA61B96966
:1093E000FA6941E800237B617B69002BE6D17B6849
:1093F0001B68DB6903F01003102B03D17B681B682B
:1094000010221A627B68B3F8583019467868FFF763
:109410004DFA0BE07868F8F753F807E07B681B68B3
:109420009A697B681B6842F008029A6100BF703736
:10943000BD4680BD80B59CB000AF78607B68B3F856
:109440005C30A7F86E307B68D3F88030222B40F078
:10945000B9807B681B689B8CA7F86C307B685B6D60
:10946000BB66B7F86C20B7F86E3013409AB2BB6E8B
:109470001A807B685B6D9A1C7B685A657B68B3F8C1
:109480005A309BB2013B9AB27B68A3F85A207B68A2
:10949000B3F85A309BB2002B40F09C807B681B686D
:1094A000BB64BB6C53E8003F7B647B6C23F490731C
:1094B0007B667B681B681A467B6E7B653A65396DF7
:1094C0007A6D41E80023FB64FB6C002BE6D17B68DE
:1094D0001B6808337B637B6B53E8003F3B633B6B4C
:1094E00023F001033B667B681B6808333A6E3A64DD
:1094F000FB63F96B3A6C41E80023BB63BB6B002B49
:10950000E5D17B682022C3F880207B6800229A6620
:109510007B6800225A667B681B685B6803F4000363
:10952000002B18D07B681B683B623B6A53E8003F06
:10953000FB61FB6923F08063FB657B681B681A464F
:10954000FB6DFB62BA62B96AFA6A41E800237B628A
:109550007B6A002BE6D17B681B6E012B2ED17B68CA
:1095600000221A667B681B68FB60FB6853E8003FBB
:10957000BB60BB6823F01003BB657B681B681A46A1
:10958000BB6DBB617A617969BA6941E800233B61CF
:109590003B69002BE6D17B681B68DB6903F0100395
:1095A000102B03D17B681B6810221A627B68B3F80A
:1095B000583019467868FFF779F90BE07868F7F7C3
:1095C0007FFF07E07B681B689A697B681B6842F035
:1095D00008029A6100BF7037BD4680BD80B483B079
:1095E00000AF786000BF0C37BD465DF8047B704764
:1095F00080B485B000AF78607B680022A3F8442077
:109600004FF43F43FB60FB689AB27B68A3F84020AD
:10961000002318461437BD465DF8047B704780B4BC
:1096200085B000AF78604FF43F43FB607B68B3F8D0
:1096300040309AB2FB689BB2DB439BB213409AB2B4
:109640007B68A3F84020002318461437BD465DF818
:10965000047B704780B485B000AFF8603B1D83E8A1
:109660000600FB680122A3F84020FB680022A3F853
:109670004020FB680022A3F84420FB680022A3F8E6
:109680005020002318461437BD465DF8047B704710
:1096900080B49DB000AF78603960002387F86F30E8
:1096A0007A683B681B789B0013441B889BB223F4A9
:1096B000EC4323F07003A7F86C303B68DB78032B96
:1096C0001FD801A252F823F0D9960008F596000899
:1096D0000B970008E7960008B7F86C3043F4007366
:1096E000A7F86C3012E0B7F86C3043F4C063A7F809
:1096F0006C300BE0B7F86C3043F48063A7F86C3043
:1097000004E0012387F86F3000E000BF7A683B680F
:109710001B789B001A44B7F86C3043F07F4343F446
:109720007F0343F4004343F080039BB213807A68C5
:109730003B681B789B0013441B889BB21BB223F42D
:10974000E04323F070031AB23B681B781BB213434B
:109750001BB2A7F866307A683B681B789B001A44F6
:10976000B7F8663043F07F4343F47F0343F400438C
:1097700043F080039BB213803B681B7B002B40F0BF
:1097800078813B685B78002B00F084807B68BB614C
:109790007B68B3F850309BB21A46BB691344BB6177
:1097A0003B681B781A01BB69134403F580637B6136
:1097B0003B68DB885B089BB25B009AB27B691A80CE
:1097C0007A683B681B789B0013441B887B827B8AEA
:1097D00003F04003002B1BD07A683B681B789B008A
:1097E00013441B889BB223F4E04323F070033B82B5
:1097F0007A683B681B789B001A443B8A43F07F439E
:1098000043F47F0343F4004343F0C0039BB213804F
:109810003B68DB78012B20D07A683B681B789B0083
:1098200013441B889BB223F4E04323F04003BB8125
:10983000BB8983F02003BB817A683B681B789B005F
:109840001A44BB8943F07F4343F47F0343F400434E
:1098500043F080039BB21380D5E27A683B681B78A3
:109860009B0013441B889BB223F4E04323F0400386
:10987000FB817A683B681B789B001A44FB8943F0A4
:109880007F4343F47F0343F4004343F080039BB2E0
:109890001380B8E27B683B637B68B3F850309BB2BF
:1098A0001A463B6B13443B633B681B781A013B6BC6
:1098B000134403F58163FB623B68DB885B089BB262
:1098C0005B009AB2FB6A1A807B68BB627B68B3F864
:1098D00050309BB21A46BB6A1344BB623B681B788C
:1098E0001A01BB6A134403F20C437B627B6A1B8838
:1098F0009BB2C3F309039AB27B6A1A803B681B6967
:10990000002B0AD17B6A1B889BB26FEA43436FEA44
:1099100053439AB27B6A1A8039E03B681B693E2B3D
:1099200018D83B681B695B08BB663B681B6903F082
:109930000103002B02D0BB6E0133BB667B6A1B8820
:109940009AB2BB6E9BB29B029BB213439AB27B6AE4
:109950001A801CE03B681B695B09BB663B681B699E
:1099600003F01F03002B02D1BB6E013BBB667B6A79
:109970001B889AB2BB6E9BB29B029BB213439BB2F5
:109980006FEA43436FEA53439AB27B6A1A807A685C
:109990003B681B789B0013441B887B847B8C03F4FF
:1099A0008043002B1BD07A683B681B789B001344D4
:1099B0001B889BB223F4E04323F070033B847A6856
:1099C0003B681B789B001A443B8C43F07F4343F475
:1099D0007F0343F4404343F080039BB213803B6812
:1099E0001B78002B24D17A683B681B789B001344BA
:1099F0001B889BB223F4804323F07003BB83BB8B93
:109A000083F48053BB83BB8B83F40053BB837A689E
:109A10003B681B789B001A44BB8B43F07F4343F4A5
:109A20007F0343F4004343F080039BB21380EAE1D9
:109A30007A683B681B789B0013441B889BB223F415
:109A4000804323F07003FB83FB8B83F40053FB8381
:109A50007A683B681B789B001A44FB8B43F07F437A
:109A600043F47F0343F4004343F080039BB213802D
:109A7000C9E13B68DB78022B1ED17A683B681B7812
:109A80009B0013441B889BB223F4E04323F0700334
:109A9000A7F862307A683B681B789B001A44B7F8D5
:109AA000623043F07F4343F47F0343F4014343F0C8
:109AB00080039BB213801DE07A683B681B789B0093
:109AC00013441B889BB223F4E24323F07003A7F8EE
:109AD00064307A683B681B789B001A44B7F864309E
:109AE00043F07F4343F47F0343F4004343F0800398
:109AF0009BB213807B68FB657B68B3F850309BB2E8
:109B00001A46FB6D1344FB653B681B781A01FB6D1D
:109B1000134403F58063BB653B681B895B089BB2FC
:109B20005B009AB2BB6D1A807B687B657B68B3F87B
:109B300050309BB21A467B6D13447B653B681B78A3
:109B40001A017B6D134403F581633B653B685B89B8
:109B50005B089BB25B009AB23B6D1A803B685B78F6
:109B6000002B40F093807A683B681B789B0013447D
:109B70001B88A7F84030B7F8403003F48043002B2F
:109B80001BD07A683B681B789B0013441B889BB2F0
:109B900023F4E04323F07003FB877A683B681B786B
:109BA0009B001A44FB8F43F07F4343F47F0343F44D
:109BB000404343F080039BB213807A683B681B7874
:109BC0009B0013441B88BB87BB8F03F04003002B13
:109BD0001BD07A683B681B789B0013441B889BB2A0
:109BE00023F4E04323F070037B877A683B681B789B
:109BF0009B001A447B8F43F07F4343F47F0343F47D
:109C0000004343F0C0039BB213807A683B681B7823
:109C10009B0013441B889BB223F4804323F0700302
:109C20003B873B8F83F480533B873B8F83F4005308
:109C30003B877A683B681B789B001A443B8F43F054
:109C40007F4343F47F0343F4004343F080039BB21C
:109C500013807A683B681B789B0013441B889BB277
:109C600023F4E04323F04003FB867A683B681B78CB
:109C70009B001A44FB8E43F07F4343F47F0343F47D
:109C8000004343F080039BB21380BCE07A683B68DA
:109C90001B789B0013441B88A7F84E30B7F84E3052
:109CA00003F48043002B1DD07A683B681B789B002F
:109CB00013441B889BB223F4E04323F07003A7F8FE
:109CC0004C307A683B681B789B001A44B7F84C30DC
:109CD00043F07F4343F47F0343F4404343F0800366
:109CE0009BB213807A683B681B789B0013441B88E7
:109CF000A7F84A30B7F84A3003F04003002B1DD0D4
:109D00007A683B681B789B0013441B889BB223F442
:109D1000E04323F07003A7F848307A683B681B786B
:109D20009B001A44B7F8483043F07F4343F47F0365
:109D300043F4004343F0C0039BB213803B68DB78DD
:109D4000012B24D07A683B681B789B0013441B8846
:109D50009BB223F4E04323F04003A7F84430B7F864
:109D6000443083F02003A7F844307A683B681B78BE
:109D70009B001A44B7F8443043F07F4343F47F0319
:109D800043F4004343F080039BB213801DE07A68E4
:109D90003B681B789B0013441B889BB223F4E04371
:109DA00023F04003A7F846307A683B681B789B0095
:109DB0001A44B7F8463043F07F4343F47F0343F43B
:109DC000004343F080039BB213807A683B681B78A2
:109DD0009B0013441B889BB223F4804323F0700341
:109DE000A7F842307A683B681B789B001A44B7F8A2
:109DF000423043F07F4343F47F0343F4004343F096
:109E000080039BB2138097F86F3018467437BD46B5
:109E10005DF8047B704700BF80B48DB000AF786000
:109E200039603B681B7B002B40F08E803B685B7881
:109E3000002B44D07A683B681B789B0013441B8836
:109E4000BB81BB8903F04003002B1BD07A683B68C1
:109E50001B789B0013441B889BB223F4E04323F040
:109E600070037B817A683B681B789B001A447B896E
:109E700043F07F4343F47F0343F4004343F0C003C4
:109E80009BB213807A683B681B789B0013441B8845
:109E90009BB223F4E04323F040033B817A683B68A4
:109EA0001B789B001A443B8943F07F4343F47F03B4
:109EB00043F4004343F080039BB2138092E17A683D
:109EC0003B681B789B0013441B887B827B8A03F4CE
:109ED0008043002B1BD07A683B681B789B0013449F
:109EE0001B889BB223F4E04323F070033B827A6823
:109EF0003B681B789B001A443B8A43F07F4343F442
:109F00007F0343F4404343F080039BB213807A689D
:109F10003B681B789B0013441B889BB223F480434F
:109F200023F07003FB817A683B681B789B001A441E
:109F3000FB8943F07F4343F47F0343F4004343F042
:109F400080039BB213804DE13B685B78002B40F0AF
:109F5000A5807A683B681B789B0013441B883B8470
:109F60003B8C03F48043002B1BD07A683B681B7842
:109F70009B0013441B889BB223F4E04323F070033F
:109F8000FB837A683B681B789B001A44FB8B43F089
:109F90007F4343F47F0343F4404343F080039BB289
:109FA00013807A683B681B789B0013441B88BB8333
:109FB000BB8B03F04003002B1BD07A683B681B78F7
:109FC0009B0013441B889BB223F4E04323F07003EF
:109FD0007B837A683B681B789B001A447B8B43F039
:109FE0007F4343F47F0343F4004343F0C0039BB239
:109FF00013807A683B681B789B0013441B889BB2D4
:10A0000023F4E04323F070033B837A683B681B78BA
:10A010009B001A443B8B43F07F4343F47F0343F49C
:10A02000004343F0C0039BB213807A683B681B78FF
:10A030009B0013441B889BB223F4804323F07003DE
:10A04000FB827A683B681B789B001A44FB8A43F0CA
:10A050007F4343F47F0343F4004343F080039BB208
:10A0600013807A683B681B789B0013441B889BB263
:10A0700023F4E04323F04003BB827A683B681B78FB
:10A080009B001A44BB8A43F07F4343F47F0343F4AD
:10A09000004343F080039BB21380A3E07A683B68DF
:10A0A0001B789B0013441B88FB85FB8D03F48043C6
:10A0B000002B1BD07A683B681B789B0013441B88DD
:10A0C0009BB223F4E04323F07003BB857A683B68BE
:10A0D0001B789B001A44BB8D43F07F4343F47F03FE
:10A0E00043F4404343F080039BB213807A683B689B
:10A0F0001B789B0013441B887B857B8D03F04003FA
:10A10000002B1BD07A683B681B789B0013441B888C
:10A110009BB223F4E04323F070033B857A683B68ED
:10A120001B789B001A443B8D43F07F4343F47F032D
:10A1300043F4004343F0C0039BB213807A683B684A
:10A140001B789B0013441B889BB223F4E04323F04D
:10A150007003FB847A683B681B789B001A44FB8C75
:10A1600043F07F4343F47F0343F4404343F08003D1
:10A170009BB213807A683B681B789B0013441B8852
:10A180009BB223F4E04323F04003BB847A683B682E
:10A190001B789B001A44BB8C43F07F4343F47F033E
:10A1A00043F4004343F080039BB213807A683B681A
:10A1B0001B789B0013441B889BB223F4804323F03D
:10A1C00070037B847A683B681B789B001A447B8C05
:10A1D00043F07F4343F47F0343F4004343F08003A1
:10A1E0009BB21380002318463437BD465DF8047BCC
:10A1F000704780B5C2B000AF07F58473A3F58273D2
:10A20000186007F58473A3F58473196007F58473E8
:10A21000A3F584731B685B78012B40F0B78607F5C4
:10A220008473A3F584731B689A6907F58473A3F597
:10A2300084731B681B699A4208D907F58473A3F5D8
:10A2400084731B681B69C7F8043107E007F5847342
:10A25000A3F584731B689B69C7F8043107F5847301
:10A26000A3F584731B681B7B002B3AD107F584731D
:10A27000A3F584731B68596907F58473A3F5847388
:10A280001B68DA88D7F804319BB207F58470A0F513
:10A290008270006801F08DFC07F58473A3F582736A
:10A2A0001B683B6107F58473A3F582731B68B3F8E1
:10A2B00050309BB21A463B6913443B6107F58473E7
:10A2C000A3F584731B681B781A013B69134403F2DE
:10A2D0000443FB60D7F804319AB2FB681A8000F09F
:10A2E0001FBE07F58473A3F584731B68DB78022B0C
:10A2F00040F0628407F58473A3F584731B681A6ABF
:10A3000007F58473A3F584731B681B699A4240F2B6
:10A31000DF8307F58473A3F582731A6807F58473E6
:10A32000A3F584731B681B789B0013441B889BB2A6
:10A3300023F4E04323F07003A7F8563007F5847345
:10A34000A3F582731A6807F58473A3F584731B68F9
:10A350001B789B001A44B7F8563043F07F4343F410
:10A360007F0343F4014343F080039BB2138007F55E
:10A370008473A3F584731B681A6AD7F80431D21A60
:10A3800007F58473A3F584731B681A6207F5847359
:10A39000A3F582731A6807F58473A3F584731B68A9
:10A3A0001B789B0013441B889BB203F04003002BD7
:10A3B00000F0C78107F58473A3F582731B683B63C4
:10A3C00007F58473A3F584731B685B78002B77D142
:10A3D00007F58473A3F582731B68BB6207F584736A
:10A3E000A3F582731B68B3F850309BB21A46BB6A60
:10A3F0001344BB6207F58473A3F584731B681B7851
:10A400001A01BB6A134403F20C437B627B6A1B880C
:10A410009BB2C3F309039AB27B6A1A80D7F804315E
:10A42000002B0AD17B6A1B889BB26FEA43436FEA19
:10A4300053439AB27B6A1A8067E0D7F804313E2B07
:10A440001CD8D7F804315B08C7F80031D7F80431BD
:10A4500003F00103002B04D0D7F800310133C7F813
:10A4600000317B6A1B889AB2D7F800319BB29B02FD
:10A470009BB213439AB27B6A1A8046E0D7F8043144
:10A480005B09C7F80031D7F8043103F01F03002B34
:10A4900004D1D7F80031013BC7F800317B6A1B8833
:10A4A0009AB2D7F800319BB29B029BB213439BB286
:10A4B0006FEA43436FEA53439AB27B6A1A8024E0FF
:10A4C00007F58473A3F584731B685B78012B1CD19B
:10A4D00007F58473A3F582731B68B3F850309BB201
:10A4E0001A463B6B13443B6307F58473A3F58473EF
:10A4F0001B681B781A013B6B134403F20C43FB628D
:10A50000D7F804319AB2FB6A1A8007F58473A3F571
:10A5100084731B685B89A7F8763007F58473A3F50D
:10A5200084731B685969D7F804319BB2B7F8762059
:10A5300007F58470A0F58270006801F03AFB07F51A
:10A540008473A3F584731B685A69D7F804311A44DD
:10A5500007F58473A3F584731B685A6107F5847348
:10A56000A3F584731B681A6A07F58473A3F58473D3
:10A570001B681B699A420FD907F58473A3F584738E
:10A580001B681A6AD7F80431D21A07F58473A3F549
:10A5900084731B681A620EE007F58473A3F5847355
:10A5A0001B681B6AC7F8043107F58473A3F584732D
:10A5B0001B6800221A6207F58473A3F584731B6875
:10A5C0005B78002B77D107F58473A3F582731B6842
:10A5D000BB6107F58473A3F582731B68B3F8503031
:10A5E0009BB21A46BB691344BB6107F58473A3F59C
:10A5F00084731B681B781A01BB69134403F204437C
:10A600007B617B691B889BB2C3F309039AB27B69A8
:10A610001A80D7F80431002B0AD17B691B889BB2C2
:10A620006FEA43436FEA53439AB27B691A806DE045
:10A63000D7F804313E2B1CD8D7F804315B08C7F893
:10A64000FC30D7F8043103F00103002B04D0D7F815
:10A65000FC300133C7F8FC307B691B889AB2D7F80D
:10A66000FC309BB29B029BB213439AB27B691A8067
:10A670004CE0D7F804315B09C7F8FC30D7F8043157
:10A6800003F01F03002B04D1D7F8FC30013BC7F8BF
:10A69000FC307B691B889AB2D7F8FC309BB29B02D6
:10A6A0009BB213439BB26FEA43436FEA53439AB2A0
:10A6B0007B691A802AE007F58473A3F584731B680D
:10A6C0005B78012B22D107F58473A3F582731B6895
:10A6D0003B6207F58473A3F582731B68B3F85030AF
:10A6E0009BB21A463B6A13443B6207F58473A3F599
:10A6F00084731B681B781A013B6A134403F20443FA
:10A70000FB61D7F804319AB2FB691A8007F58473AC
:10A71000A3F584731B681B89A7F8763007F584734B
:10A72000A3F584731B685969D7F804319BB2B7F855
:10A73000762007F58470A0F58270006801F039FA80
:10A74000EEE307F58473A3F584731B685B78002B35
:10A7500077D107F58473A3F582731B68BB6407F593
:10A760008473A3F582731B68B3F850309BB21A460A
:10A77000BB6C1344BB6407F58473A3F584731B6837
:10A780001B781A01BB6C134403F204437B647B6C9B
:10A790001B889BB2C3F309039AB27B6C1A80D7F86B
:10A7A0000431002B0AD17B6C1B889BB26FEA4343B8
:10A7B0006FEA53439AB27B6C1A806DE0D7F804318C
:10A7C0003E2B1CD8D7F804315B08C7F8F830D7F80F
:10A7D000043103F00103002B04D0D7F8F830013323
:10A7E000C7F8F8307B6C1B889AB2D7F8F8309BB268
:10A7F0009B029BB213439AB27B6C1A804CE0D7F851
:10A8000004315B09C7F8F830D7F8043103F01F03AF
:10A81000002B04D1D7F8F830013BC7F8F8307B6C37
:10A820001B889AB2D7F8F8309BB29B029BB21343B5
:10A830009BB26FEA43436FEA53439AB27B6C1A8030
:10A840002AE007F58473A3F584731B685B78012BFA
:10A8500022D107F58473A3F582731B683B6507F566
:10A860008473A3F582731B68B3F850309BB21A4609
:10A870003B6D13443B6507F58473A3F584731B6834
:10A880001B781A013B6D134403F20443FB64D7F8B1
:10A8900004319AB2FB6C1A8007F58473A3F58473B4
:10A8A0001B681B89A7F8763007F58473A3F58473BA
:10A8B0001B685969D7F804319BB2B7F8762007F5C1
:10A8C0008470A0F58270006801F073F907F5847355
:10A8D000A3F584731B685A69D7F804311A4407F545
:10A8E0008473A3F584731B685A6107F58473A3F519
:10A8F00084731B681A6A07F58473A3F584731B6855
:10A900001B699A420FD907F58473A3F584731B68FA
:10A910001A6AD7F80431D21A07F58473A3F5847341
:10A920001B681A620EE007F58473A3F584731B6835
:10A930001B6AC7F8043107F58473A3F584731B6899
:10A9400000221A6207F58473A3F582731B683B64C7
:10A9500007F58473A3F584731B685B78002B77D1AC
:10A9600007F58473A3F582731B68BB6307F58473D3
:10A97000A3F582731B68B3F850309BB21A46BB6BC9
:10A980001344BB6307F58473A3F584731B681B78BA
:10A990001A01BB6B134403F20C437B637B6B1B8874
:10A9A0009BB2C3F309039AB27B6B1A80D7F80431C8
:10A9B000002B0AD17B6B1B889BB26FEA43436FEA83
:10A9C00053439AB27B6B1A8067E0D7F804313E2B71
:10A9D0001CD8D7F804315B08C7F8F430D7F8043135
:10A9E00003F00103002B04D0D7F8F4300133C7F88B
:10A9F000F4307B6B1B889AB2D7F8F4309BB29B0281
:10AA00009BB213439AB27B6B1A8046E0D7F80431AD
:10AA10005B09C7F8F430D7F8043103F01F03002BAB
:10AA200004D1D7F8F430013BC7F8F4307B6B1B88B6
:10AA30009AB2D7F8F4309BB29B029BB213439BB2FD
:10AA40006FEA43436FEA53439AB27B6B1A8024E068
:10AA500007F58473A3F584731B685B78012B1CD105
:10AA600007F58473A3F582731B68B3F850309BB26B
:10AA70001A463B6C13443B6407F58473A3F5847357
:10AA80001B681B781A013B6C134403F20C43FB63F5
:10AA9000D7F804319AB2FB6B1A8007F58473A3F5DB
:10AAA00084731B685B89A7F8763007F58473A3F578
:10AAB00084731B685969D7F804319BB2B7F87620C4
:10AAC00007F58470A0F58270006801F072F827E243
:10AAD00007F58473A3F584731B681B6AC7F80431F8
:10AAE00007F58473A3F582731A6807F58473A3F5D9
:10AAF00084731B681B789B0013441B889BB223F450
:10AB0000E24323F07003A7F8623007F58473A3F5DE
:10AB100082731A6807F58473A3F584731B681B7826
:10AB20009B001A44B7F8623043F07F4343F47F033D
:10AB300043F4004343F080039BB2138007F5847312
:10AB4000A3F582731B68FB6507F58473A3F5827315
:10AB50001B68B3F850309BB21A46FB6D1344FB657B
:10AB600007F58473A3F584731B681B781A01FB6DCA
:10AB7000134403F20443BB65D7F804319AB2BB6DAA
:10AB80001A8007F58473A3F584731B681B89A7F8E3
:10AB9000763007F58473A3F584731B685969D7F879
:10ABA00004319BB2B7F8762007F58470A0F5827067
:10ABB000006800F0FEFFB3E107F58473A3F584732A
:10ABC0001B681A6AD7F80431D21A07F58473A3F503
:10ABD00084731B681A6207F58473A3F582731A687D
:10ABE00007F58473A3F584731B681B789B001344DB
:10ABF0001B889BB203F04003002B00F0C68007F5D2
:10AC00008473A3F582731B683B6707F58473A3F510
:10AC100084731B685B78002B77D107F58473A3F5E9
:10AC200082731B68BB6607F58473A3F582731B6888
:10AC3000B3F850309BB21A46BB6E1344BB6607F59F
:10AC40008473A3F584731B681B781A01BB6E1344CD
:10AC500003F20C437B667B6E1B889BB2C3F3090334
:10AC60009AB27B6E1A80D7F80431002B0AD17B6E22
:10AC70001B889BB26FEA43436FEA53439AB27B6EE1
:10AC80001A8067E0D7F804313E2B1CD8D7F804317E
:10AC90005B08C7F8F030D7F8043103F00103002B4C
:10ACA00004D0D7F8F0300133C7F8F0307B6E1B8842
:10ACB0009AB2D7F8F0309BB29B029BB213439AB280
:10ACC0007B6E1A8046E0D7F804315B09C7F8F03094
:10ACD000D7F8043103F01F03002B04D1D7F8F0306C
:10ACE000013BC7F8F0307B6E1B889AB2D7F8F03082
:10ACF0009BB29B029BB213439BB26FEA43436FEA42
:10AD000053439AB27B6E1A8024E007F58473A3F54F
:10AD100084731B685B78012B1CD107F58473A3F542
:10AD200082731B68B3F850309BB21A463B6F1344D2
:10AD30003B6707F58473A3F584731B681B781A01BE
:10AD40003B6F134403F20C43FB66D7F804319AB20D
:10AD5000FB6E1A8007F58473A3F584731B685B8907
:10AD6000A7F8763007F58473A3F584731B685969D7
:10AD7000D7F804319BB2B7F8762007F58470A0F5B8
:10AD80008270006800F015FFCAE007F58473A3F530
:10AD900084731B685B78002B77D107F58473A3F568
:10ADA00082731B68FB6707F58473A3F582731B68C6
:10ADB000B3F850309BB21A46FB6F1344FB6707F59C
:10ADC0008473A3F584731B681B781A01FB6F13440B
:10ADD00003F20443BB67BB6F1B889BB2C3F3090339
:10ADE0009AB2BB6F1A80D7F80431002B0AD1BB6F1F
:10ADF0001B889BB26FEA43436FEA53439AB2BB6F1F
:10AE00001A8073E0D7F804313E2B1CD8D7F80431F0
:10AE10005B08C7F8EC30D7F8043103F00103002BCE
:10AE200004D0D7F8EC300133C7F8EC30BB6F1B8887
:10AE30009AB2D7F8EC309BB29B029BB213439AB202
:10AE4000BB6F1A8052E0D7F804315B09C7F8EC30C9
:10AE5000D7F8043103F01F03002B04D1D7F8EC30EE
:10AE6000013BC7F8EC30BB6F1B889AB2D7F8EC30C7
:10AE70009BB29B029BB213439BB26FEA43436FEAC0
:10AE800053439AB2BB6F1A8030E007F58473A3F581
:10AE900084731B685B78012B28D107F58473A3F5B5
:10AEA00082731B68C7F8843007F58473A3F5827337
:10AEB0001B68B3F850309BB21A46D7F8843013445D
:10AEC000C7F8843007F58473A3F584731B681B7877
:10AED0001A01D7F88430134403F20443C7F88030D2
:10AEE000D7F804319AB2D7F880301A8007F5847306
:10AEF000A3F584731B681B89A7F8763007F5847364
:10AF0000A3F584731B685969D7F804319BB2B7F86D
:10AF1000762007F58470A0F58270006800F049FE85
:10AF200007F58473A3F582731A6807F58473A3F594
:10AF300084731B681B789B0013441B889BB223F40B
:10AF4000E04323F040037B817B8983F010037B8106
:10AF50007B8983F020037B8107F58473A3F58273DB
:10AF60001A6807F58473A3F584731B681B789B002C
:10AF70001A447B8943F07F4343F47F0343F4004347
:10AF800043F080039BB2138000F0DFBC07F58473AD
:10AF9000A3F584731B681B7B002B40F0BC8007F576
:10AFA0008473A3F584731B689A6907F58473A3F50A
:10AFB00084731B681B699A4217D907F58473A3F53C
:10AFC00084731B681B69C7F8043107F58473A3F504
:10AFD00084731B689A69D7F80431D21A07F5847311
:10AFE000A3F584731B689A610EE007F58473A3F5DB
:10AFF00084731B689B69C7F8043107F58473A3F554
:10B0000084731B6800229A6107F58473A3F5827329
:10B010001B68C7F8903007F58473A3F582731B682B
:10B02000B3F850309BB21A46D7F890301344C7F8A3
:10B03000903007F58473A3F584731B681B781A019D
:10B04000D7F89030134403F20C43C7F88C30D7F88C
:10B050008C301B889BB2C3F309039AB2D7F88C30AB
:10B060001A80D7F80431002B0DD1D7F88C301B880B
:10B070009BB26FEA43436FEA53439AB2D7F88C30DE
:10B080001A8000F028BCD7F804313E2B1FD8D7F81F
:10B0900004315B08C7F8E830D7F8043103F0010346
:10B0A000002B04D0D7F8E8300133C7F8E830D7F8E0
:10B0B0008C301B889AB2D7F8E8309BB29B029BB2C7
:10B0C00013439AB2D7F88C301A8000F004BCD7F83A
:10B0D00004315B09C7F8E830D7F8043103F01F03E7
:10B0E000002B04D1D7F8E830013BC7F8E830D7F897
:10B0F0008C301B889AB2D7F8E8309BB29B029BB287
:10B1000013439BB26FEA43436FEA53439AB2D7F8B3
:10B110008C301A80DFE307F58473A3F584731B6812
:10B12000DB78022B40F0188207F58473A3F5847353
:10B130001B685B78002B40F09D8007F58473A3F5B6
:10B1400082731B68C7F8AC3007F58473A3F582736C
:10B150001B68B3F850309BB21A46D7F8AC30134492
:10B16000C7F8AC3007F58473A3F584731B681B78AC
:10B170001A01D7F8AC30134403F20443C7F8A830DF
:10B18000D7F8A8301B889BB2C3F309039AB2D7F84B
:10B19000A8301A8007F58473A3F584731B681B69B4
:10B1A000002B0CD1D7F8A8301B889BB26FEA434321
:10B1B0006FEA53439AB2D7F8A8301A808FE007F5A8
:10B1C0008473A3F584731B681B693E2B26D807F58F
:10B1D0008473A3F584731B681B695B08C7F8E430AC
:10B1E00007F58473A3F584731B681B6903F00103DF
:10B1F000002B04D0D7F8E4300133C7F8E430D7F897
:10B20000A8301B889AB2D7F8E4309BB29B029BB25D
:10B2100013439AB2D7F8A8301A8060E007F5847318
:10B22000A3F584731B681B695B09C7F8E43007F555
:10B230008473A3F584731B681B6903F01F03002B41
:10B2400004D1D7F8E430013BC7F8E430D7F8A83090
:10B250001B889AB2D7F8E4309BB29B029BB213438F
:10B260009BB26FEA43436FEA53439AB2D7F8A830D0
:10B270001A8034E007F58473A3F584731B685B7848
:10B28000012B2CD107F58473A3F582731B68C7F8D3
:10B29000B43007F58473A3F582731B68B3F850309C
:10B2A0009BB21A46D7F8B4301344C7F8B43007F548
:10B2B0008473A3F584731B681B781A01D7F8B43024
:10B2C000134403F20443C7F8B03007F58473A3F5C1
:10B2D00084731B681B699AB2D7F8B0301A8007F5DF
:10B2E0008473A3F582731B68C7F8A43007F58473D1
:10B2F000A3F584731B685B78002B40F09D8007F5F5
:10B300008473A3F582731B68C7F89C3007F58473B8
:10B31000A3F582731B68B3F850309BB21A46D7F876
:10B320009C301344C7F89C3007F58473A3F58473ED
:10B330001B681B781A01D7F89C30134403F20C43A6
:10B34000C7F89830D7F898301B889BB2C3F309032D
:10B350009AB2D7F898301A8007F58473A3F58473EE
:10B360001B681B69002B0CD1D7F898301B889BB247
:10B370006FEA43436FEA53439AB2D7F898301A8082
:10B3800088E007F58473A3F584731B681B693E2B63
:10B3900026D807F58473A3F584731B681B695B08C3
:10B3A000C7F8E03007F58473A3F584731B681B6945
:10B3B00003F00103002B04D0D7F8E0300133C7F8C5
:10B3C000E030D7F898301B889AB2D7F8E0309BB2BB
:10B3D0009B029BB213439AB2D7F898301A8059E077
:10B3E00007F58473A3F584731B681B695B09C7F8B1
:10B3F000E03007F58473A3F584731B681B6903F0C1
:10B400001F03002B04D1D7F8E030013BC7F8E03030
:10B41000D7F898301B889AB2D7F8E0309BB29B02DD
:10B420009BB213439BB26FEA43436FEA53439AB212
:10B43000D7F898301A802DE007F58473A3F584734C
:10B440001B685B78012B25D107F58473A3F5827304
:10B450001B68B3F850309BB21A46D7F8A430134497
:10B46000C7F8A43007F58473A3F584731B681B78B1
:10B470001A01D7F8A430134403F20C43C7F8A030E4
:10B4800007F58473A3F584731B681B699AB2D7F818
:10B49000A0301A8007F58473A3F584731B68DB69F9
:10B4A000002B00F0188207F58473A3F582731A68E5
:10B4B00007F58473A3F584731B681B789B00134402
:10B4C0001B88A7F89630B7F8963003F48043002B1A
:10B4D00005D0B7F8963003F04003002B0DD1B7F834
:10B4E000963003F48043002B40F0F581B7F8963096
:10B4F00003F04003002B40F0EE8107F58473A3F5C1
:10B5000082731A6807F58473A3F584731B681B782C
:10B510009B0013441B889BB223F4E04323F0700389
:10B52000A7F8943007F58473A3F582731A6807F5BA
:10B530008473A3F584731B681B789B001A44B7F8C7
:10B54000943043F07F4343F47F0343F4004343F0DC
:10B55000C0039BB21380BEE107F58473A3F5847327
:10B560001B68DB78012B40F0B48107F58473A3F5E9
:10B5700084731B689A6907F58473A3F584731B6849
:10B580001B699A4217D907F58473A3F584731B6866
:10B590001B69C7F8043107F58473A3F584731B682E
:10B5A0009A69D7F80431D21A07F58473A3F5847326
:10B5B0001B689A610EE007F58473A3F584731B681A
:10B5C0009B69C7F8043107F58473A3F584731B687E
:10B5D00000229A6107F58473A3F584731B685B7876
:10B5E000002B40F0858007F58473A3F582731B68F8
:10B5F000C7F8CC3007F58473A3F582731B68B3F8E2
:10B6000050309BB21A46D7F8CC301344C7F8CC3030
:10B6100007F58473A3F584731B681B781A01D7F8A8
:10B62000CC30134403F20443C7F8C830D7F8C8300D
:10B630001B889BB2C3F309039AB2D7F8C8301A80AB
:10B64000D7F80431002B0CD1D7F8C8301B889BB237
:10B650006FEA43436FEA53439AB2D7F8C8301A806F
:10B6600077E0D7F804313E2B1ED8D7F804315B08B9
:10B67000C7F8DC30D7F8043103F00103002B04D005
:10B68000D7F8DC300133C7F8DC30D7F8C8301B8876
:10B690009AB2D7F8DC309BB29B029BB213439AB2AA
:10B6A000D7F8C8301A8054E0D7F804315B09C7F8DE
:10B6B000DC30D7F8043103F01F03002B04D1D7F896
:10B6C000DC30013BC7F8DC30D7F8C8301B889AB2B1
:10B6D000D7F8DC309BB29B029BB213439BB26FEA5C
:10B6E00043436FEA53439AB2D7F8C8301A8030E028
:10B6F00007F58473A3F584731B685B78012B28D14D
:10B7000007F58473A3F582731B68C7F8D43007F577
:10B710008473A3F582731B68B3F850309BB21A464A
:10B72000D7F8D4301344C7F8D43007F58473A3F5A1
:10B7300084731B681B781A01D7F8D430134403F2C2
:10B740000443C7F8D030D7F804319AB2D7F8D030D4
:10B750001A8007F58473A3F582731B68C7F8C43099
:10B7600007F58473A3F584731B685B78002B40F0A6
:10B77000858007F58473A3F582731B68C7F8BC3016
:10B7800007F58473A3F582731B68B3F850309BB23E
:10B790001A46D7F8BC301344C7F8BC3007F5847399
:10B7A000A3F584731B681B781A01D7F8BC301344C7
:10B7B00003F20C43C7F8B830D7F8B8301B889BB2F7
:10B7C000C3F309039AB2D7F8B8301A80D7F8043116
:10B7D000002B0CD1D7F8B8301B889BB26FEA4343DB
:10B7E0006FEA53439AB2D7F8B8301A8073E0D7F8AB
:10B7F00004313E2B1ED8D7F804315B08C7F8D83087
:10B80000D7F8043103F00103002B04D0D7F8D83067
:10B810000133C7F8D830D7F8B8301B889AB2D7F8B8
:10B82000D8309BB29B029BB213439AB2D7F8B83080
:10B830001A8050E0D7F804315B09C7F8D830D7F840
:10B84000043103F01F03002B04D1D7F8D830013B9B
:10B85000C7F8D830D7F8B8301B889AB2D7F8D830A4
:10B860009BB29B029BB213439BB26FEA43436FEAC6
:10B8700053439AB2D7F8B8301A802CE007F5847396
:10B88000A3F584731B685B78012B24D107F58473BF
:10B89000A3F582731B68B3F850309BB21A46D7F8F1
:10B8A000C4301344C7F8C43007F58473A3F5847318
:10B8B0001B681B781A01D7F8C430134403F20C43F9
:10B8C000C7F8C030D7F804319AB2D7F8C0301A8020
:10B8D00001E001233AE007F58473A3F582731A6847
:10B8E00007F58473A3F584731B681B789B001344CE
:10B8F0001B889BB223F4804323F07003A7F88A309F
:10B90000B7F88A3083F48053A7F88A30B7F88A30C2
:10B9100083F40053A7F88A3007F58473A3F5827384
:10B920001A6807F58473A3F584731B681B789B0062
:10B930001A44B7F88A3043F07F4343F47F0343F45B
:10B94000004343F080039BB213800023184607F5A1
:10B950008477BD4680BD80B485B000AF7860396023
:10B960003B685B78002B20D07A683B681B789B0093
:10B9700013441B889BB223F4E04323F04003BB81B4
:10B98000BB8983F01003BB817A683B681B789B00FE
:10B990001A44BB8943F07F4343F47F0343F40043DD
:10B9A00043F080039BB213801FE07A683B681B78EA
:10B9B0009B0013441B889BB223F4804323F0700345
:10B9C000FB81FB8983F48053FB817A683B681B7899
:10B9D0009B001A44FB8943F07F4343F47F0343F405
:10B9E000004343F080039BB21380002318461437B2
:10B9F000BD465DF8047B704780B487B000AF7860C7
:10BA000039603B681B7B002B40F09D803B685B7876
:10BA1000002B4CD07A683B681B789B0013441B8832
:10BA20003B823B8A03F04003002B1BD07A683B68C3
:10BA30001B789B0013441B889BB223F4E04323F044
:10BA40007003FB817A683B681B789B001A44FB8972
:10BA500043F07F4343F47F0343F4004343F0C003C8
:10BA60009BB213803B68DB78012B6CD07A683B6813
:10BA70001B789B0013441B889BB223F4E04323F004
:10BA80004003BB81BB8983F02003BB817A683B689C
:10BA90001B789B001A44BB8943F07F4343F47F0328
:10BAA00043F4004343F080039BB213804BE07A6879
:10BAB0003B681B789B0013441B88FB82FB8A03F4C2
:10BAC0008043002B1BD07A683B681B789B00134493
:10BAD0001B889BB223F4E04323F07003BB827A6897
:10BAE0003B681B789B001A44BB8A43F07F4343F4B6
:10BAF0007F0343F4404343F080039BB213807A6892
:10BB00003B681B789B0013441B889BB223F4804343
:10BB100023F070037B827B8A83F480537B827B8A51
:10BB200083F400537B827A683B681B789B001A443D
:10BB30007B8A43F07F4343F47F0343F4004343F0A5
:10BB400080039BB21380002318461C37BD465DF866
:10BB5000047B704780B483B000AF78600B46FB7005
:10BB6000FB78002B03D17B688022A3F84C200023B4
:10BB700018460C37BD465DF8047B704780B483B02F
:10BB800000AF7860002318460C37BD465DF8047B93
:10BB9000704780B485B000AF78607B68B3F84430FC
:10BBA0009BB2FB60FB6818461437BD465DF8047B0A
:10BBB000704780B48BB000AFF860B96011461A4688
:10BBC0000B46FB801346BB80BB8801335B08BB611F
:10BBD000FB687B61BB68FB61FB885A007B6913448F
:10BBE00003F580633B62BB697B621FE0FB691B78E6
:10BBF0007B82FB6901331B781BB21B021AB2B7F9B7
:10BC0000123013431BB27B823B6A7A8A1A803B6AEA
:10BC100002333B623B6A02333B62FB690133FB61E7
:10BC2000FB690133FB617B6A013B7B627B6A002B12
:10BC3000DCD100BF00BF2C37BD465DF8047B7047E8
:10BC400080B48BB000AFF860B96011461A460B465D
:10BC5000FB801346BB80BB885B089BB2BB61FB6863
:10BC60007B61BB68FB61FB885A007B69134403F569
:10BC700080633B62BB697B621BE03B6A1B889BB2B3
:10BC80003B613B6A02333B623B69DAB2FB691A7083
:10BC9000FB690133FB613B691B0ADAB2FB691A706D
:10BCA000FB690133FB613B6A02333B627B6A013B08
:10BCB0007B627B6A002BE0D1BB8803F001039BB25F
:10BCC000002B07D03B6A1B889BB23B613B69DAB211
:10BCD000FB691A7000BF2C37BD465DF8047B7047C6
:10BCE00080B584B000AF78600B46FB700023FB7317
:10BCF0007B681B7C002B15D14FF40073022281213D
:10BD0000786801F01EFF7B680122DA624FF400734D
:10BD100002220121786801F014FF7B680122C3F838
:10BD20006C2112E0402302228121786801F009FF92
:10BD30007B680122DA62402302220121786801F047
:10BD400000FF7B680122C3F86C21082303228221B3
:10BD5000786801F0F6FE7B6801221A644FF40770E0
:10BD600002F016F802467B68C3F8B8227B68D3F865
:10BD7000B832002B02D10123FB7326E07B68D3F895
:10BD8000B832BB607B68D3F8BC321B689847BB688D
:10BD90000022C3F81422BB680022C3F818227B6873
:10BDA0001B7C002B09D1BB68D3F804224FF400732D
:10BDB0000121786801F0B6FF07E0BB68D3F80422E0
:10BDC00040230121786801F0ADFFFB7B1846103756
:10BDD000BD4680BD80B584B000AF78600B46FB7077
:10BDE0000023FB738121786801F0D1FE7B6800227B
:10BDF000DA620121786801F0CAFE7B680022C3F88C
:10BE00006C218221786801F0C2FE7B6800221A64EE
:10BE10007B68D3F8B832002B0ED07B68D3F8BC32E5
:10BE20005B6898477B68D3F8B832184601F0BEFFCC
:10BE30007B680022C3F8B822FB7B18461037BD464A
:10BE400080BD80B586B000AF786039607B68D3F87C
:10BE5000B8323B610023FB730023BB810023FB75D9
:10BE60003B681B7803F06003002B39D0202B7FD177
:10BE70003B68DB88002B29D03B681B785BB2002B2A
:10BE800011DA7B68D3F8BC329B683A68507839691C
:10BE90003A68D288984739693B68DB881A467868DF
:10BEA00001F010FA6BE03B685A783B6983F8002296
:10BEB0003B68DB88DAB23B6983F8012239693B6869
:10BEC000DB881A46786801F02BFA58E07B68D3F8D3
:10BED000BC329B683A6850780022396898474EE037
:10BEE0003B685B780B2B2ED00B2B38DC002B02D061
:10BEF0000A2B14D033E07B6893F89C32032B07D1D4
:10BF000007F10C0302221946786801F0DBF92EE0F4
:10BF10003968786801F06BF90223FB7527E07B68CC
:10BF200093F89C32032B07D107F10F030122194626
:10BF3000786801F0C7F91AE03968786801F057F9B4
:10BF40000223FB7513E07B6893F89C32032B0DD022
:10BF50003968786801F04BF90223FB7506E039680F
:10BF6000786801F044F90223FB7500E000BF06E0A9
:10BF70003968786801F03BF90223FB7500BFFB7D4F
:10BF800018461837BD4680BD80B584B000AF7860D4
:10BF90000B46FB707B68D3F8B832FB607B68D3F844
:10BFA000C032BB607B68D3F8B832002B3AD0FA7845
:10BFB000796813469B0013449B000B441C331B6899
:10BFC000002B29D0FA78796813469B0013449B0014
:10BFD0000B441C331A68F978B8680B469B000B4475
:10BFE000DB00034420331B68B2FBF3F101FB03F3D6
:10BFF000D31A002B10D1FA78796813469B001344AA
:10C000009B000B441C3300221A60F97800230022A5
:10C01000786801F064FE03E0FB680022C3F8142294
:10C02000002300E0022318461037BD4680BD80B5CE
:10C0300084B000AF78600B46FB707B68D3F8B832F1
:10C04000FB60FB781946786801F08FFE0246FB68BA
:10C05000C3F80C227B68D3F8B832002B0DD07B6874
:10C06000D3F8BC32DB68FA68D2F80402FA6802F549
:10C07000037211469847002300E002231846103748
:10C08000BD4680BD80B584B000AF78607B68D3F8D2
:10C09000B832FB607B68D3F8BC32002B14D0FB684D
:10C0A00093F80032FF2B0FD07B68D3F8BC329B682B
:10C0B000FA6892F80002F968FA6892F80122984743
:10C0C000FB68FF2283F80022002318461037BD4684
:10C0D00080BD000080B483B000AF78607B684322ED
:10C0E0001A80034B18460C37BD465DF8047B704739
:10C0F0001401002080B483B000AF78607B684322D5
:10C100001A80034B18460C37BD465DF8047B704718
:10C11000D000002080B483B000AF78607B684322F9
:10C120001A80034B18460C37BD465DF8047B7047F8
:10C130005801002080B483B000AF78607B680A2289
:10C140001A80034B18460C37BD465DF8047B7047D8
:10C150008C00002080B485B000AF78603960022385
:10C16000FB733B68002B05D07B683A68C3F8BC22A0
:10C170000023FB73FB7B18461437BD465DF8047B38
:10C18000704780B487B000AFF860B9601346FB8099
:10C19000FB68D3F8B8327B617B69BA68C3F80822C0
:10C1A000FA887B69C3F81022002318461C37BD4665
:10C1B0005DF8047B704780B485B000AF786039606B
:10C1C0007B68D3F8B832FB60FB683A68C3F8042296
:10C1D000002318461437BD465DF8047B704780B5D0
:10C1E00084B000AF78607B68D3F8B832FB607B68BE
:10C1F000D3F8B832002B1CD0FB68D3F81432002BD4
:10C2000015D1FB680122C3F81422FB68D3F8102271
:10C210007B681A63FB68D3F80822FB68D3F81032F6
:10C220009BB28121786801F05AFD002302E00123CE
:10C2300000E0022318461037BD4680BD80B584B0AB
:10C2400000AF78607B68D3F8B832FB607B68D3F8C6
:10C25000B832002B17D07B681B7C002B09D1FB6800
:10C26000D3F804224FF400730121786801F05AFDDD
:10C2700007E0FB68D3F8042240230121786801F02D
:10C2800051FD002300E0022318461037BD4680BD53
:10C2900080B584B000AFF860B9601346FB71FB68ED
:10C2A000002B01D102231AE0FB68D3F8B432002B33
:10C2B00003D0FB680022C3F8B422BB68002B03D074
:10C2C000FB68BA68C3F8B022FB68012283F89C229D
:10C2D000FB68FA791A70F86801F0BEFB0023184673
:10C2E0001037BD4680BD80B485B000AF786039603E
:10C2F0000023FB733B68002B06D07B683A68C3F8C9
:10C30000B4220023FB7301E00223FB73FB7B18467E
:10C310001437BD465DF8047B704780B582B000AF2E
:10C320007860786801F0F2FB002318460837BD46B4
:10C3300080BD80B483B000AF7860002318460C370E
:10C34000BD465DF8047B704780B584B000AF78606F
:10C350000B46FB700223FB737B68D3F8B432002BCF
:10C360000CD07B68D3F8B4321B68FA781146786831
:10C3700098470346002B01D10023FB73FB7B184633
:10C380001037BD4680BD80B582B000AF78600B46E7
:10C39000FB707B68D3F8B4325B68FA781146786832
:10C3A0009847002318460837BD4680BD80B582B047
:10C3B00000AF786039607B6803F52A7339681846E6
:10C3C00000F0DBFE7B680122C3F894227B68B3F89F
:10C3D000AE321A467B68C3F898227B6893F8A8327D
:10C3E00003F01F03022B16D0022B1CD8002B02D007
:10C3F000012B08D017E07B6803F52A73194678688B
:10C4000000F0CEF91AE07B6803F52A7319467868C4
:10C4100000F030FA12E07B6803F52A731946786859
:10C4200000F070FA0AE07B6893F8A83223F07F03EB
:10C43000DBB21946786801F0C9FB00BF002318463B
:10C440000837BD4680BD80B586B000AFF8600B46AA
:10C450007A60FB72FB7A002B4BD1FB6803F5AA7361
:10C460007B61FB68D3F89432032B34D17B69DA68A3
:10C470007B691B699A4219D97B69DA687B691B69F8
:10C48000D21A7B69DA607B69DA687B691B699A4238
:10C4900003D27B69DB689BB202E07B691B699BB2BC
:10C4A0001A467968F86800F059FF38E0FB68D3F85D
:10C4B000B4321B69002B0AD0FB6893F89C32032B23
:10C4C00005D1FB68D3F8B4321B69F8689847F8685F
:10C4D00000F056FF23E0FB68D3F89432052B1ED101
:10C4E000FB680022C3F894220021F86801F06EFB7B
:10C4F00015E0FB68D3F8B4329B69002B0DD0FB68C4
:10C5000093F89C32032B08D1FB68D3F8B4329B69B3
:10C51000FA7A1146F868984701E0022300E0002308
:10C5200018461837BD4680BD80B586B000AFF860AC
:10C530000B467A60FB72FB7A002B7FD1FB681433C9
:10C540007B61FB68D3F89432022B5CD17B69DA689B
:10C550007B691B699A4215D97B69DA687B691B691B
:10C56000D21A7B69DA607B69DB689BB21A4679680C
:10C57000F86800F0C3FE002300220021F86801F0F3
:10C58000D1FB4EE07B699B687A691269B3FBF2F1DB
:10C5900001FB02F29B1A002B1CD17B699A687B6914
:10C5A0001B699A4216D37B699A68FB68D3F8983264
:10C5B0009A420FD200220021F86800F09FFEFB682B
:10C5C0000022C3F89822002300220021F86801F01D
:10C5D000A9FB26E0FB68D3F8B432DB68002B0AD055
:10C5E000FB6893F89C32032B05D1FB68D3F8B43277
:10C5F000DB68F86898478021F86801F0E7FAF86886
:10C6000000F0D1FE0DE0FB68D3F89432042B04D087
:10C61000FB68D3F89432002B03D18021F86801F035
:10C62000D5FAFB6893F8A032012B1DD1F868FFF70B
:10C6300080FEFB68002283F8A02215E0FB68D3F897
:10C64000B4325B69002B0DD0FB6893F89C32032B4E
:10C6500008D1FB68D3F8B4325B69FA7A1146F868FE
:10C66000984701E0022300E0002318461837BD4632
:10C6700080BD80B582B000AF7860402300220021E9
:10C68000786801F05EFA7B680122C3F858217B6864
:10C690004022C3F86421402300228021786801F001
:10C6A00050FA7B6801229A617B6840225A627B685B
:10C6B000012283F89C227B680022C3F894227B68C5
:10C6C00000225A607B680022C3F8A4227B68D3F85A
:10C6D000B832002B09D07B68D3F8B4325B687A6833
:10C6E0005268D2B211467868984700231846083736
:10C6F000BD4680BD80B483B000AF78600B46FB7050
:10C700007B68FA781A74002318460C37BD465DF82A
:10C71000047B704780B483B000AF78607B6893F887
:10C720009C227B6883F89D227B68042283F89C22EC
:10C73000002318460C37BD465DF8047B704780B473
:10C7400083B000AF78607B6893F89C32042B05D1EE
:10C750007B6893F89D227B6883F89C22002318460F
:10C760000C37BD465DF8047B704780B582B000AFE2
:10C7700078607B6893F89C32032B0BD17B68D3F8ED
:10C78000B432DB69002B05D07B68D3F8B432DB69A7
:10C7900078689847002318460837BD4680BD0000DA
:10C7A00080B584B000AF786039600023FB733B68CC
:10C7B0001B7803F06003402B05D0402B4FD8002B93
:10C7C00009D0202B4BD17B68D3F8B4329B683968F1
:10C7D0007868984748E03B685B78092B39D801A214
:10C7E00052F823F035C8000849C8000853C80008AB
:10C7F0003FC8000853C8000817C800080DC8000843
:10C8000053C800082BC8000821C800083968786898
:10C8100000F0DCF922E03968786800F03FFB1DE0A9
:10C820003968786800F07EFB18E03968786800F0B5
:10C8300007FC13E03968786800F037FC0EE03968CF
:10C84000786800F065FC09E03968786800F074FCED
:10C8500004E03968786800F0CAFC00BF04E0396879
:10C86000786800F0C4FC00BFFB7B18461037BD465B
:10C8700080BD00BF80B584B000AF78603960002310
:10C88000FB733B681B7803F06003402B05D0402B03
:10C890002ED8002B01D0202B2AD17B6893F89C3214
:10C8A000013B022B1DD83B689B88DBB2012B13D8C0
:10C8B0007B68D3F8B4329B68396878689847034638
:10C8C000FB733B68DB88002B10D1FB7B002B0DD169
:10C8D000786800F055FD09E03968786800F087FC59
:10C8E00004E03968786800F082FC00E000BF04E0F2
:10C8F0003968786800F07BFC00BF002318461037C9
:10C90000BD4680BD80B584B000AF7860396000233B
:10C91000FB733B689B88BB733B681B7803F0600329
:10C92000402B07D0402B00F24681002B0AD0202B51
:10C9300040F041817B68D3F8B4329B6839687868ED
:10C9400098473DE13B681B7803F06003202B0AD138
:10C950007B68D3F8B4329B68396878689847034697
:10C96000FB73FB7B2DE13B685B78032B07D0032B2C
:10C9700000F31B81002B72D0012B3AD015E17B68AC
:10C9800093F89C32022B02D0032B15D02BE0BB7BFB
:10C99000002B0CD0BB7B802B09D0BB7B1946786861
:10C9A00001F014F98021786801F010F920E039686D
:10C9B000786800F01CFC1BE03B685B88002B0ED104
:10C9C000BB7B002B0BD0BB7B802B08D03B68DB886C
:10C9D000002B04D1BB7B1946786801F0F7F8786822
:10C9E00000F0CEFC04E03968786800F000FC00BF7D
:10C9F000E0E07B6893F89C32022B02D0032B15D029
:10CA000026E0BB7B002B0CD0BB7B802B09D0BB7BF3
:10CA10001946786801F0DAF88021786801F0D6F8D4
:10CA20001CE03968786800F0E2FB17E03B685B883F
:10CA3000002B12D1BB7B03F07F03002B04D0BB7B08
:10CA40001946786801F0E1F8786800F099FC04E094
:10CA50003968786800F0CBFB00E000BFAAE07B6893
:10CA600093F89C32022B02D0032B32D097E0BB7B91
:10CA7000002B07D0BB7B802B04D03968786800F08E
:10CA8000B6FB91E097F90E30002B0BDABB7B03F07D
:10CA90007F0213469B0013449B0010337A681344B3
:10CAA00004330BE0BB7B03F07F0213469B0013446F
:10CAB0009B0003F5A8737A6813440433BB60BB681A
:10CAC00000221A60BB6802221946786800F0FAFB5F
:10CAD0006AE097F90E30002B11DABB7B03F00F02EE
:10CAE000796813469B0013449B000B4418331B6862
:10CAF000002B17D13968786800F079FB54E0BB7BD4
:10CB000003F00F02796813469B0013449B000B440B
:10CB100003F5AC731B68002B04D13968786800F00A
:10CB200066FB41E097F90E30002B0BDABB7B03F07C
:10CB30007F0213469B0013449B0010337A68134412
:10CB400004330BE0BB7B03F07F0213469B001344CE
:10CB50009B0003F5A8737A6813440433BB60BB7B66
:10CB6000002B02D0BB7B802B03D1BB6800221A6054
:10CB70000EE0BB7B1946786801F066F80346002B8F
:10CB800003D0BB6801221A6002E0BB6800221A6071
:10CB9000BB6802221946786800F094FB04E039680B
:10CBA000786800F024FB00BF04E03968786800F082
:10CBB0001EFB00BF04E03968786800F018FB00BF76
:10CBC000FB7B18461037BD4680BD000080B584B0A1
:10CBD00000AF7860396000233B810023FB600023B5
:10CBE000FB723B685B881B0A9BB2013B062B00F281
:10CBF000288101A252F823F015CC00082DCC0008A2
:10CC00006DCC000843CE000843CE0008E3CD0008F9
:10CC10000FCE00087B68D3F8B0321B687A68127CAC
:10CC200007F1080110469847F86012E17B681B7C09
:10CC3000002B0DD17B68D3F8B4329B6A07F1080250
:10CC400010469847F860FB68013302221A7000E131
:10CC50007B68D3F8B432DB6A07F1080210469847C4
:10CC6000F860FB68013302221A70F2E03B685B88CF
:10CC7000DBB2052B00F2AC8001A252F823F000BF1A
:10CC800099CC0008CDCC000801CD000835CD0008B6
:10CC900069CD00089DCD00087B68D3F8B0325B6891
:10CCA000002B0BD07B68D3F8B0325B687A68127CBB
:10CCB00007F1080110469847F86091E039687868F4
:10CCC00000F095FAFB7A0133FB7289E07B68D3F8B8
:10CCD000B0329B68002B0BD07B68D3F8B0329B68D6
:10CCE0007A68127C07F1080110469847F86077E0EF
:10CCF0003968786800F07BFAFB7A0133FB726FE0E9
:10CD00007B68D3F8B032DB68002B0BD07B68D3F89C
:10CD1000B032DB687A68127C07F108011046984748
:10CD2000F8605DE03968786800F061FAFB7A0133F9
:10CD3000FB7255E07B68D3F8B0321B69002B0BD037
:10CD40007B68D3F8B0321B697A68127C07F108015E
:10CD500010469847F86043E03968786800F047FA71
:10CD6000FB7A0133FB723BE07B68D3F8B0325B693E
:10CD7000002B0BD07B68D3F8B0325B697A68127CE9
:10CD800007F1080110469847F86029E0396878688B
:10CD900000F02DFAFB7A0133FB7221E07B68D3F8B7
:10CDA000B0329B69002B0BD07B68D3F8B0329B6903
:10CDB0007A68127C07F1080110469847F8600FE086
:10CDC0003968786800F013FAFB7A0133FB7207E0E8
:10CDD0003968786800F00BFAFB7A0133FB7238E0AF
:10CDE00037E07B681B7C002B09D17B68D3F8B43219
:10CDF0005B6B07F1080210469847F86029E0396834
:10CE0000786800F0F4F9FB7A0133FB7221E07B686B
:10CE10001B7C002B0DD17B68D3F8B4321B6B07F160
:10CE2000080210469847F860FB68013307221A7021
:10CE30000FE03968786800F0DAF9FB7A0133FB72A9
:10CE400007E03968786800F0D2F9FB7A0133FB72A9
:10CE500000BFFB7A002B1CD13B89002B11D03B6813
:10CE6000DB88002B0DD03B68DA883B89934228BFD2
:10CE700013469BB23B813B891A46F968786800F0FB
:10CE800021FA3B68DB88002B04D1786800F078FA3F
:10CE900000E000BF1037BD4680BD00BF80B584B044
:10CEA00000AF786039603B689B88002B30D13B68CD
:10CEB000DB88002B2CD13B685B887F2B28D83B6814
:10CEC0005B88DBB203F07F03FB737B6893F89C32D3
:10CED000032B04D13968786800F089F91DE07B687C
:10CEE000FA7B83F89E22FB7B1946786800F0D8FE17
:10CEF000786800F045FAFB7B002B04D07B680222A7
:10CF000083F89C2209E07B68012283F89C2204E0DC
:10CF10003968786800F06BF900BF00BF1037BD4674
:10CF200080BD000080B582B000AF786039603B689A
:10CF30005B88DAB2414B1A70404B1B78012B04D945
:10CF40003968786800F053F975E07B6893F89C3293
:10CF5000022B02D0032B23D062E0384B1B78002B2E
:10CF60001AD0364B1B781A467B685A607B680322BE
:10CF700083F89C22314B1B7819467868FFF7E4F957
:10CF80000346022B04D13968786800F030F952E08A
:10CF9000786800F0F5F94EE0786800F0F1F94AE0C1
:10CFA000264B1B78002B12D17B68022283F89C222F
:10CFB000224B1B781A467B685A60204B1B78194617
:10CFC0007868FFF7E0F9786800F0DAF933E01B4B96
:10CFD0001B781A467B685B689A421DD07B685B6849
:10CFE000DBB219467868FFF7CEF9144B1B781A4666
:10CFF0007B685A60114B1B7819467868FFF7A4F9D3
:10D000000346022B04D13968786800F0F0F812E08A
:10D01000786800F0B5F90EE0786800F0B1F90AE040
:10D020003968786800F0E3F8044B1B781946786893
:10D03000FFF7A9F900BF0837BD4680BD9C16002048
:10D0400080B582B000AF786039603B68DB88012B27
:10D0500004D03968786800F0CAF822E07B6893F859
:10D060009C32022B02DC002B03DC15E0032B0BD0DF
:10D0700012E07B6800229A607B680833012219461F
:10D08000786800F01FF90CE07B6804330122194630
:10D09000786800F017F904E03968786800F0A7F8BC
:10D0A00000BF00BF0837BD4680BD80B582B000AF6D
:10D0B000786039607B6893F89C32013B022B1ED864
:10D0C0003B68DB88022B04D03968786800F08FF861
:10D0D0001AE07B680122DA607B68D3F8A432002B67
:10D0E00005D07B68DB6843F002027B68DA607B680E
:10D0F0000C3302221946786800F0E4F804E039683D
:10D10000786800F074F800BF00BF0837BD4680BDE6
:10D1100080B582B000AF786039603B685B88012BD6
:10D1200006D17B680122C3F8A422786800F028F9B0
:10D1300000BF0837BD4680BD80B582B000AF7860C3
:10D1400039607B6893F89C32013B022B0BD83B681B
:10D150005B88012B0CD17B680022C3F8A42278687D
:10D1600000F00EF904E03968786800F040F800E05B
:10D1700000BF00BF0837BD4680BD80B483B000AF9C
:10D18000786039603B681A787B681A703B685A7817
:10D190007B685A703B6802331B781A463B6803333E
:10D1A0001B781B029BB213449AB27B685A803B687F
:10D1B00004331B781A463B6805331B781B029BB26D
:10D1C00013449AB27B689A803B6806331B781A46F0
:10D1D0003B6807331B781B029BB213449AB27B68EF
:10D1E000DA8000BF0C37BD465DF8047B704780B520
:10D1F00082B000AF786039608021786800F0E6FC8A
:10D200000021786800F0E2FC00BF0837BD4680BD11
:10D2100080B586B000AFF860B9607A600023FB7516
:10D22000FB68002B32D0F86800F034F80346013375
:10D230009BB25B009AB27B681A80FB7D5A1CFA7520
:10D240001A46BB6813447A6812781A70FB7D5A1C20
:10D25000FA751A46BB68134403221A7012E0FB6881
:10D260005A1CFA60FA7D511CF9751146BA680A44D5
:10D270001B781370FB7D5A1CFA751A46BB68134461
:10D2800000221A70FB681B78002BE8D100BF18370A
:10D29000BD4680BD80B485B000AF78600023FB73CD
:10D2A00005E0FB7B0133FB737B6801337B607B68AC
:10D2B0001B78002BF5D1FB7B18461437BD465DF873
:10D2C000047B704780B584B000AFF860B960134646
:10D2D000FB80FB680222C3F89422FA88FB68DA61BB
:10D2E000FA88FB681A62FB88BA680021F86800F0C7
:10D2F000F6FC002318461037BD4680BD80B584B0CB
:10D3000000AFF860B9601346FB80FB88BA68002163
:10D31000F86800F0E4FC002318461037BD4680BDD5
:10D3200080B584B000AFF860B9601346FB80FB683D
:10D330000322C3F89422FA88FB68C3F85C21FA88B8
:10D34000FB68C3F86021FB88BA680021F86800F028
:10D35000E9FC002318461037BD4680BD80B584B077
:10D3600000AFF860B9601346FB80FB88BA68002103
:10D37000F86800F0D7FC002318461037BD4680BD82
:10D3800080B582B000AF78607B680422C3F8942235
:10D39000002300220021786800F0A1FC0023184639
:10D3A0000837BD4680BD80B582B000AF78607B682D
:10D3B0000522C3F89422002300220021786800F09F
:10D3C000B1FC002318460837BD4680BD80B500AFCC
:10D3D000002212491248FEF75BFF0346002B01D0E2
:10D3E000F5F72AFA0F490E48FEF77DFF0346002B9A
:10D3F00001D0F5F721FA0C490948FEF7ABFE0346C8
:10D40000002B01D0F5F718FA0548FEF786FF034612
:10D41000002B01D0F5F710FA00BF80BDAC01002051
:10D42000A0160020980000209C01002080B500AFCD
:10D43000002205490548FEF7A4FE05490348FEF70A
:10D44000BAFE0023184680BDD01D0020A016002083
:10D45000D019002080B400AF00231846BD465DF807
:10D46000047B704780B483B000AF03463960FB7122
:10D470001346BB80FB79232B4AD801A252F823F034
:10D4800011D5000811D5000811D5000811D50008E4
:10D4900011D5000811D5000811D5000811D50008D4
:10D4A00011D5000811D5000811D5000811D50008C4
:10D4B00011D5000811D5000811D5000811D50008B4
:10D4C00011D5000811D5000811D5000811D50008A4
:10D4D00011D5000811D5000811D5000811D5000894
:10D4E00011D5000811D5000811D5000811D5000884
:10D4F00011D5000811D5000811D5000811D5000874
:10D5000011D5000811D5000811D5000811D5000863
:10D5100000BF002318460C37BD465DF8047B7047FA
:10D5200080B586B000AF7860396000237B6155E03C
:10D530007A687B6913441B78FB74FB7C0D2B49D004
:10D54000FB7C0A2B30D12E4B1B68632B04D82C4B51
:10D550001B682C4A0021D1542B4B1B78DBB2002BCB
:10D560001ED12A492748F2F733FE0346002B13D178
:10D57000254B01221A70264A07F1080392E803009E
:10D5800083E8030000BF07F108030721184600F0F5
:10D5900045F80346012BF6D0194B00221A6022E011
:10D5A0001C4B01221A701EE0154B1B68622B08D819
:10D5B000134B1B685A1C12490A601249FA7CCA5460
:10D5C00009E00F4B1B680F4A0021D154114B012277
:10D5D0001A7008E000BF7B6901337B613B681B6800
:10D5E0007A699A42A4D379680B48FEF7E4FD0A48A9
:10D5F000FEF724FE002318461837BD4680BD00BF45
:10D60000681900206C19002064190020581B0108BB
:10D61000601B010865190020A016002080B584B0A9
:10D6200000AF78600B467B800023FB730D4BD3F873
:10D63000B832BB60BB68D3F81432002B01D0012391
:10D640000BE07B881A4679680648FEF79AFD054884
:10D65000FEF7C5FD0346FB73FB7B18461037BD463E
:10D6600080BD00BFA016002080B483B000AF034689
:10D670003960FB713B6812221A80034B18460C3745
:10D68000BD465DF8047B7047C801002080B483B0BC
:10D6900000AF03463960FB713B6804221A80034BDC
:10D6A00018460C37BD465DF8047B7047DC0100204E
:10D6B00080B582B000AF03463960FB71FB79002B67
:10D6C00005D13A6807490848FFF7A2FD04E03A6827
:10D6D00004490548FFF79CFD024B18460837BD4634
:10D6E00080BD00BFD0210020681B010880B582B03A
:10D6F00000AF03463960FB713A6804490448FFF7FC
:10D7000087FD024B18460837BD4680BDD02100205A
:10D71000801B010880B582B000AF03463960FB7101
:10D720003B681A221A8000F043F8024B184608376B
:10D73000BD4680BDE001002080B582B000AF034649
:10D740003960FB71FB79002B05D13A68074908481D
:10D75000FFF75EFD04E03A6804490548FFF758FD0D
:10D76000024B18460837BD4680BD00BFD0210020BF
:10D77000941B010880B582B000AF03463960FB718D
:10D78000FB79002B05D13A6807490848FFF740FDAF
:10D7900004E03A6804490548FFF73AFD024B184691
:10D7A0000837BD4680BD00BFD0210020A01B010866
:10D7B00080B584B000AF0F4B1B68FB600E4B1B683D
:10D7C000BB600E4B1B687B60FA687B681344FB6090
:10D7D000FB68002B09D008220949F86800F014F80A
:10D7E00004220849B86800F00FF800BF1037BD46A2
:10D7F00080BD00BFACF7FF1FB0F7FF1FB4F7FF1FDE
:10D80000E2010020F201002080B487B000AFF86090
:10D81000B9601346FB710023FB750023FB7527E0FD
:10D82000FB681B0F092B0BD8FB681B0FDAB2FB7DC3
:10D830005B001946BB680B443032D2B21A700AE062
:10D84000FB681B0FDAB2FB7D5B001946BB680B441B
:10D850003732D2B21A70FB681B01FB60FB7D5B00A4
:10D860000133BA68134400221A70FB7D0133FB7543
:10D87000FA7DFB799A42D3D300BF00BF1C37BD4667
:10D880005DF8047B7047000080B58AB000AF786017
:10D8900007F1140300221A605A609A60DA601A6174
:10D8A0007B681B681C4A934231D11C4B5B691B4A45
:10D8B00043F400335361194B5B6903F400333B615C
:10D8C0003B694FF4C0537B610223BB610023FB61C2
:10D8D00003233B620E237B6207F1140319464FF0CA
:10D8E0009040F5F751FC0D4BDB690C4A43F4000303
:10D8F000D3610A4BDB6903F40003FB60FB68002281
:10D9000000211420F5F78DFB1420F5F7A6FB00BFCE
:10D910002837BD4680BD00BF005C004000100240BB
:10D9200080B582B000AF78607B68D3F8D0227B6886
:10D9300003F5267319461046FEF738FD00BF083779
:10D94000BD4680BD80B582B000AF78600B46FB70ED
:10D950007B68D3F8D002FA78796813469B001344A9
:10D96000DB000B4403F5B2731A68FB781946FEF727
:10D970006AFD00BF0837BD4680BD80B582B000AFEC
:10D9800078600B46FB707B68D3F8D002FA78796830
:10D9900013469B001344DB000B4424331A68FB78C6
:10D9A0001946FEF7C1FD00BF0837BD4680BD80B5F2
:10D9B00082B000AF78607B68D3F8D0321846FEF7AB
:10D9C000D4FE00BF0837BD4680BD80B584B000AF2F
:10D9D00078600123FB737B685B79022B01D0F4F73D
:10D9E0002BFF7B68D3F8D032FA7B11461846FEF73E
:10D9F00081FE7B68D3F8D0321846FEF73AFE00BFAE
:10DA00001037BD4680BD000080B582B000AF7860A1
:10DA10007B68D3F8D0321846FEF77CFE7B685B7AD1
:10DA2000002B05D0044B1B69034A43F00603136126
:10DA300000BF0837BD4680BD00ED00E080B582B074
:10DA400000AF78607B68D3F8D0321846FEF777FED7
:10DA500000BF0837BD4680BD80B582B000AF78609A
:10DA6000284A7B68C2F8D0327B68264AC3F8C022B5
:10DA7000244B254A1A60234B08221A71214B02229B
:10DA80005A71204B0222DA711E4B00225A721D4B32
:10DA90000022DA721B48F5F76DFE0346002B01D019
:10DAA000F4F7CAFE7B68D3F8C002182300220021D5
:10DAB000F7F7E6FA7B68D3F8C002582300228021EA
:10DAC000F7F7DEFA7B68D3F8C002C0230022812179
:10DAD000F7F7D6FA7B68D3F8C0024FF488730022B8
:10DAE0000121F7F7CDFA7B68D3F8C0024FF48073B9
:10DAF00000228221F7F7C4FA002318460837BD46F2
:10DB000080BD00BFD0230020005C004080B584B001
:10DB100000AF78600023FB730023BB737B68D3F8EE
:10DB2000C0321846F5F7EDFE0346FB73FB7B184643
:10DB300000F052F90346BB73BB7B18461037BD4655
:10DB400080BD80B584B000AF7860084611461A46A3
:10DB50000346FB700B46BB7013463B800023FB73F0
:10DB60000023BB737B68D3F8C002BB783A88F9788E
:10DB7000F5F7E5FF0346FB73FB7B184600F02CF935
:10DB80000346BB73BB7B18461037BD4680BD80B5CE
:10DB900084B000AF78600B46FB700023FB7300235A
:10DBA000BB737B68D3F8C032FA7811461846F6F793
:10DBB00023F80346FB73FB7B184600F00DF9034680
:10DBC000BB73BB7B18461037BD4680BD80B584B0A3
:10DBD00000AF78600B46FB700023FB730023BB7320
:10DBE0007B68D3F8C032FA7811461846F6F7CCF8BD
:10DBF0000346FB73FB7B184600F0EEF80346BB734D
:10DC0000BB7B18461037BD4680BD80B584B000AFE1
:10DC100078600B46FB700023FB730023BB737B68AB
:10DC2000D3F8C032FA7811461846F6F7FFF80346E3
:10DC3000FB73FB7B184600F0CFF80346BB73BB7B3E
:10DC400018461037BD4680BD80B485B000AF7860FF
:10DC50000B46FB707B68D3F8C032FB6097F903304A
:10DC6000002B0BDAFB7803F07F02F96813469B0068
:10DC70001344DB000B4412331B780BE0FB7803F0FA
:10DC80007F02F96813469B001344DB000B4403F545
:10DC9000A9731B7818461437BD465DF8047B70479E
:10DCA00080B584B000AF78600B46FB700023FB7337
:10DCB0000023BB737B68D3F8C032FA78114618464C
:10DCC000F5F719FF0346FB73FB7B184600F084F859
:10DCD0000346BB73BB7B18461037BD4680BD80B57D
:10DCE00086B000AFF8607A601A460B46FB721346A6
:10DCF0003B810023FB750023BB75FB68D3F8C00292
:10DD00003B89F97A7A68F6F708F80346FB75FB7DDC
:10DD1000184600F061F80346BB75BB7D18461837FE
:10DD2000BD4680BD80B586B000AFF8607A601A4607
:10DD30000B46FB7213463B810023FB750023BB752A
:10DD4000FB68D3F8C0023B89F97A7A68F5F79CFF43
:10DD50000346FB75FB7D184600F03EF80346BB7595
:10DD6000BB7D18461837BD4680BD80B582B000AF78
:10DD700078600B46FB707B68D3F8C032FA781146A6
:10DD80001846F5F7B2FF034618460837BD4680BD72
:10DD900080B483B000AF7860034B18460C37BD46A3
:10DDA0005DF8047B704700BFA426002080B483B0D8
:10DDB00000AF786000BF0C37BD465DF8047B70474C
:10DDC00080B483B000AF78600B46FB7000BF0C37A7
:10DDD000BD465DF8047B704780B485B000AF034654
:10DDE000FB710023FB73FB79032B17D801A252F8B8
:10DDF00023F000BF05DE00080BDE000811DE00087E
:10DE000017DE00080023FB730BE00223FB7308E01E
:10DE10000123FB7305E00223FB7302E00223FB7383
:10DE200000BFFB7B18461437BD465DF8047B704786
:10DE30002DE9FF4757EC106B002F0C4619463B4667
:10DE4000BBBF07F100431F4600232D230B700D9B22
:10DE5000DDF830A0914623F02008BCBF32461646BC
:10DE6000B8F1460F05D0B8F1450F00D101340221B9
:10DE700000E0032103AB019302AB009347EC106B6E
:10DE80005346224600F01CFFB8F1470F054619D152
:10DE900019F0010F0ED000EB0409002200233046D8
:10DEA0003946F2F721FE08B1CDF80C903022039BE1
:10DEB0004B451ED3039B0E9A5B1B2846136004B090
:10DEC000BDE8F087B8F1460F00EB0409E5D103780F
:10DED000302B0AD10022002330463946F2F704FEE7
:10DEE00018B9C4F10104CAF80040DAF800309944C6
:10DEF000D3E7591C03911A70D9E7F7B50029BABFC7
:10DF000049422D232B2309290270437029DD0DF18D
:10DF100007031D460A271A46B1FBF7F607FB16143E
:10DF2000303402F8014C0C46632C03F1FF333146C8
:10DF3000F1DC3031941E03F8011C411C2346AB4236
:10DF40000AD30DF109039B1AAC4288BF00230233A8
:10DF50000344181A03B0F0BD13F8016B01F8016F08
:10DF6000EDE7302330318370C170031DF1E700000D
:10DF70002DE9F04F8DB00C46DDF8588016461F464F
:10DF8000054600F08FFD036804931846F2F780F908
:10DF900000230A93D8F800300590073323F00703D5
:10DFA00003F1080294F818A0D4F800B0C8F80020D3
:10DFB000D3E9008929F000430793CDF81880C4E91C
:10DFC0001289DDE906019C4B4FF0FF32F2F7BEFDEE
:10DFD00070BBDDE90601984B4FF0FF32F2F798FD78
:10DFE00030BB0022002340464946F2F787FD10B1BE
:10DFF0002D2384F84330914A914BBAF1470F8CBFDF
:10E0000090469846032323612BF0040323604FF0CE
:10E010000009009733460BAA2146284600F0D2F9A2
:10E02000013040F08D804FF0FF300DB0BDE8F08F33
:10E0300042464B4640464946F2F788FD40B14B46C2
:10E04000002BBCBF2D2384F843307E4A7E4BD4E79F
:10E0500063680AF0DF0206925A1C3BD10623636014
:10E060004BF480620023226003930AABCDE901A345
:10E0700009AB0093616849EC108B0DF1230328462E
:10E08000FFF7D6FE069B0999472B804629D1C81C6D
:10E0900002DB6368994241DDAAF1020A5FFA8AFA5B
:10E0A0000139524604F150000991FFF726FF0A9A00
:10E0B0001318012A8146236102DC2268D20701D5A8
:10E0C000013323619DF82330002BA2D02D2384F847
:10E0D00043309EE7069A472AC2D1002BC0D10123C4
:10E0E000BDE7BAF1650FDBD9BAF1660F18D1002987
:10E0F00063680BDD216113B92268D00702D50133B3
:10E100000B442361A1654FF00009DBE713B92268D6
:10E11000D20701D50233F4E70123F2E74FF0670A93
:10E120000A9B994205DB23682161D807EAD54B1C7D
:10E13000E7E70029D4BFC1F1020201221344E0E75E
:10E1400023685A0507D42369424631462846B84712
:10E1500001302BD167E7BAF1650F40F2DD80D4E9D9
:10E16000120100220023F2F7BFFC002833D0374A07
:10E17000012331462846B84701303FF454AFDDE96A
:10E180000938434502DB2368D8070FD5DDE90423AE
:10E1900031462846B84701303FF445AF4FF00009FB
:10E1A00008F1FF3804F11A0AC84509DC23689B0707
:10E1B00000F10381E0680B9B9842B8BF184634E732
:10E1C0000123524631462846B84701303FF42BAF71
:10E1D00009F10109E8E7099B002B39DC1B4A0123FF
:10E1E00031462846B84701303FF41DAFDDE9093913
:10E1F00059EA030302D12368D907D7D5DDE90423FF
:10E2000031462846B84701303FF40DAF4FF0000AC1
:10E2100004F11A0B099B5B42534501DC4B4693E723
:10E2200001235A4631462846B84701303FF4FBAE39
:10E230000AF1010AEEE700BFFFFFEF7FF81B0108BC
:10E24000F41B0108001C0108FC1B0108331D010818
:10E25000A36DDDF828A05345A8BF5346002B99466F
:10E2600036DC4FF0000B29EAE97904F11A02A36DBC
:10E270000693A3EB09035B4531DC099B9A453ADC25
:10E280002368DA0737D4099BAAEB0309069BAAEB9C
:10E2900003039945A8BF9946B9F1000F33DC4FF04D
:10E2A000000829EAE97904F11A0B099BAAEB030398
:10E2B000A3EB090343457FF779AF01235A46314663
:10E2C0002846B84701303FF4AEAE08F10108ECE74C
:10E2D000424631462846B8470130C2D1A3E6012361
:10E2E000314628460692B84701303FF49CAE069A64
:10E2F0000BF1010BBBE7DDE9042331462846B847A3
:10E300000130C0D18FE6069A4B464244314628463A
:10E31000B8470130C3D186E6DDF828A0BAF1010F75
:10E3200001DCDB0736D50123424631462846B84793
:10E3300001303FF478AEDDE9042331462846B84782
:10E3400001303FF470AED4E91201002200230AF13B
:10E35000FF3AF2F7C9FBC0B9534608F10102314652
:10E360002846B84701300CD15DE601235A463146B4
:10E370002846B84701303FF456AE08F10108D045B1
:10E38000F3DB4B4604F15002DFE64FF0000804F1E6
:10E390001A0BF4E701234246E1E701234A463146DE
:10E3A0002846B84701303FF43EAE08F10108E36863
:10E3B0000B995B1A4345F0DCFCE64FF0000804F1D2
:10E3C0001909F4E72DE9F047164698468A680B6963
:10E3D000DDF820909342B8BF1346336091F8432094
:10E3E00007460C460AB1013333602368990642BFE1
:10E3F000336802333360256815F0060506D104F151
:10E40000190AE36832689B1AAB4226DC94F8433061
:10E410002268003B18BF012392062BD404F143026B
:10E4200041463846C84701301ED02368226903F0B0
:10E430000603042B02BFE5683368ED1AA3680CBF1E
:10E4400025EAE57500259342C4BF9B1AED18002606
:10E450001A34B5421AD1002008E001235246414641
:10E460003846C847013003D14FF0FF30BDE8F08790
:10E470000135C6E7E1185A1C302081F843002244D8
:10E4800094F8451082F843100233C7E7012322466F
:10E4900041463846C8470130E6D00136D9E700008A
:10E4A0002DE9FF470F7E0C9E782F914680460C4643
:10E4B0009A4601F1430207D8622F0AD8002F00F0D4
:10E4C000D180582F00F0B88004F1420684F84270E1
:10E4D0003AE0A7F16303152BF6D801A151F823F018
:10E4E00039E500084DE50008C9E40008C9E4000862
:10E4F000C9E40008C9E400084DE50008C9E40008C3
:10E50000C9E40008C9E40008C9E400084BE60008B3
:10E5100077E5000805E60008C9E40008C9E400083A
:10E520006DE60008C9E4000877E50008C9E40008C2
:10E53000C9E400080DE6000833681A1D1B68326044
:10E5400004F1420684F8423001239CE033682068DD
:10E55000191D3160060601D51D6803E04506FBD58F
:10E56000B3F90050002D03DA2D236D4284F84330B7
:10E5700058480A2311E021683368080653F8045B01
:10E5800002D4490648BFADB26F2F5248336014BF62
:10E590000A230823002184F843106668A660002E31
:10E5A00005DB21682E4321F0040121604BD0164683
:10E5B000B5FBF3F103FB1157C75D06F8017D2F464C
:10E5C000BB420D46F4D9082B0BD12368DF0708D5D1
:10E5D000236961689942DEBF302306F8013C06F1E9
:10E5E000FF36921B2261CDF800A04B4603AA2146BC
:10E5F0004046FFF7E7FE01304AD14FF0FF3004B04C
:10E60000BDE8F087236843F0200323603248782771
:10E6100084F84570236831681F0651F8045B02D402
:10E620005F0648BFADB23160D90744BF43F0200355
:10E6300023601DB11023ADE72648E9E7236823F0E6
:10E6400020032360F6E71646BDE733682568616955
:10E65000181D30602E061B6801D5196002E068069F
:10E66000FBD51980002323611646BCE733681A1DC9
:10E6700032601E68626800213046F1F7B9FD08B1CA
:10E68000801B606063682361002384F84330AAE73D
:10E690002369324649464046D0470130ADD0236811
:10E6A0009B0713D4E068039B9842B8BF1846A6E7BF
:10E6B0000123324649464046D04701309DD00135BE
:10E6C000E36803995B1AAB42F2DCEBE7002504F147
:10E6D0001906F5E7041C0108151C0108002310B5F4
:10E6E0000446C0E90033C0E9043383608181436696
:10E6F000C2818361194608225C3000F058F90D4B45
:10E7000063620D4BA3620D4BE3620D4B23630D4B14
:10E7100024629C4206D003F16802944202D0D033B6
:10E720009C4205D104F15800BDE8104000F02EBA1B
:10E7300010BD00BF25E900084BE9000883E9000887
:10E74000A7E90008C4280020024A0349034800F052
:10E7500069B800BFFC010020490B01080C02002031
:10E7600041680C4B994210B5044601D002F0ECF917
:10E77000A168094B994202D0204602F0E5F9E16810
:10E78000064B994204D02046BDE8104002F0DCB9A7
:10E7900010BD00BFC42800202C290020942900208F
:10E7A00010B50B4B0B4C0C4A1A602046002204217A
:10E7B000FFF794FF04F1680001220921FFF78EFFA3
:10E7C00004F1D0000222BDE810401221FFF786BFFD
:10E7D000FC290020C428002049E70008014800F077
:10E7E000D6B900BF052A0020014800F0D1B900BF0A
:10E7F000052A002010B50446FFF7F0FF236A1BB17D
:10E80000BDE81040FFF7F0BF044B2362044B1B68C8
:10E81000002BF5D1FFF7C4FFF2E700BF61E7000866
:10E82000FC2900202DE9F8430746884614460026B7
:10E83000D4E90195B9F1010905D52468002CF7D177
:10E840003046BDE8F883AB89012B07D9B5F90E3006
:10E85000013303D029463846C04706436835E9E707
:10E860000CB430B5184B0C1E1D689DB008DA8B2314
:10E870002B604FF0FF301DB0BDE8304002B0704754
:10E880004FF40273ADF814304FF000031B9314BF24
:10E8900004F1FF332346049307934FF6FF7302906E
:10E8A0000690ADF81630209A21AB02A928460193B4
:10E8B00001F0ACFC431CBCBF8B232B60002CDAD0D6
:10E8C000029B00221A70D6E7080200200EB470B531
:10E8D0009DB021AC00254FF4017254F8046BADF8E3
:10E8E00014201B9502900690F1F7D2FC0B4B03907D
:10E8F00007900B480B934FF6FF73ADF81630324676
:10E90000234602A900680F951495019401F0D4FDE7
:10E910001DB0BDE8704003B0704700BF47E9000874
:10E920000802002010B50C46B1F90E1000F0E0F816
:10E930000028ABBF636DA3891B1823F48053ACBFC1
:10E940006365A38110BD002070472DE9F0411F468B
:10E950008B89DB0505460C46164605D5B1F90E1028
:10E960000223002200F0B2F8A389B4F90E1023F4B8
:10E970008053A38132463B462846BDE8F04100F073
:10E98000C9B810B50C46B1F90E1000F09FF8431C41
:10E99000A38915BF606523F4805343F48053A3819A
:10E9A00018BFA38110BDB1F90E1000F07FB802446A
:10E9B0000346934200D1704703F8011BF9E7C9B23F
:10E9C0000346184613F8012B12B18A42F9D1704759
:10E9D000002918BF0020704710B56AB101398418AA
:10E9E00010F8012B11F8013F9A4203D1A04201D047
:10E9F000002AF5D1D01A10BD1046FCE710B5013938
:10EA0000034632B111F8014F03F8014B013A002CD3
:10EA1000F7D11A440021934200D110BD03F8011B25
:10EA2000F9E7F0B5044608B9146844B1204614F873
:10EA3000015B0F4617F8016B1EB965B91560002020
:10EA400005E0B542F6D1002BF0D114600370F0BDA3
:10EA50001C460CE01DB9274614F8013B0E4616F87B
:10EA6000015BAB42F6D1002BF2D000233B70146067
:10EA7000EDE70123FFF7D5BF0A7870B56AB970BD1D
:10EA80009A4209D10C46054614F8013F002BF6D0F6
:10EA900015F8016F9E42F7D001300378002BEFD1BB
:10EAA0001846ECE7004870474803002038B5064D8B
:10EAB0000023044608462B60F4F7A8F8431C02D153
:10EAC0002B6803B1236038BD002A002038B5074DFC
:10EAD00004460846114600222A601A46F4F7BDF89B
:10EAE000431C02D12B6803B1236038BD002A0020EB
:10EAF00038B5074D04460846114600222A601A46DA
:10EB0000F4F74BF8431C02D12B6803B1236038BDE6
:10EB1000002A002038B5074D044608461146002259
:10EB20002A601A46F4F756F8431C02D12B6803B149
:10EB3000236038BD002A0020014B1868704700BFD1
:10EB40000802002070B50D4D0D4C641BA41000266A
:10EB5000A64209D10B4D0C4C02F0E6FC641BA4103C
:10EB60000026A64205D170BD55F8043B98470136F2
:10EB7000EEE755F8043B98470136F2E78C1F010891
:10EB80008C1F01088C1F0108901F010870477047F7
:10EB900070470A44914200F1FF3300D1704710B52D
:10EBA00011F8014B03F8014F9142F9D110BD2DE945
:10EBB000F74F03690C69A34207467EDB013C01F174
:10EBC0001408A30000F11405009305EB84030193DE
:10EBD00058F8243055F8242001339A4208EB840970
:10EBE000B2FBF3F62ED34FF0000AC446AE46D3462E
:10EBF0005CF8043B98B206FB00A0020C1B0C06FB61
:10EC00000323DEF8002080B292B2121A5A44DEF8D2
:10EC100000004FEA134A9BB2C3EB224303EB1043BD
:10EC200092B242EA0342E1454EF8042B4FEA234BED
:10EC3000DED2009BEB582BB9019B043B9D421A4648
:10EC40002FD33C61384601F07DF9002825DB2946A9
:10EC5000002058F8042BD1F800C01FFA82FE1FFADA
:10EC60008CF3A3EB0E030344120CC2EB234202EB22
:10EC70001C429BB243EA0243C14541F8043B4FEAC0
:10EC80002240E6D255F8242005EB840322B9043B48
:10EC90009D421A460BD33C610136304603B0BDE8B5
:10ECA000F08F1268043B002ACBD1013CC6E7126802
:10ECB000043B002AEFD1013CEAE70020EEE7000028
:10ECC0002DE9F04FC76997B08DED040B55EC104B53
:10ECD000209E079181460C9211937FB9102000F07D
:10ECE00009FE0246C9F81C0020B9A94BEF21A9482A
:10ECF00001F0F0FFC0E901770760C760D9F81C3068
:10ED0000196859B15A684A60012393408B6048469C
:10ED100000F0E6FED9F81C3000221A602B1EB9BFA5
:10ED200023F00043059300233360059F9A4BBCBF3B
:10ED300001223260BB4312D1119A42F20F73136069
:10ED4000C7F31303234300F05A85219BDFF85CA22D
:10ED5000002B00F05C850AF1030300F056BD9DED29
:10ED6000047B002251EC170B00238DED0A7BF1F799
:10ED7000BBFE804658B1119A01231360219B13B149
:10ED8000219A864B1360DFF828A200F040BD9DED6C
:10ED90000A0B14AA15A9484601F084F9C7F30A56CC
:10EDA0000290002E78D00B9BCDF84880C3F313035C
:10EDB000DDE90A0143F07F5343F44013A6F2FF3626
:10EDC00019460022764BF1F76FFA6BA3D3E90023C3
:10EDD000F1F722FC6AA3D3E90023F1F767FA0446AE
:10EDE00030460D46F1F7AEFB67A3D3E90023F1F7F8
:10EDF00013FC02460B4620462946F1F757FA044613
:10EE00000D46F1F7B9FE00220746002320462946A9
:10EE1000F1F774FE40B13846F1F794FB22462B46D9
:10EE2000F1F762FE00B9013F162F52D85D4B03EB9C
:10EE3000C703D3E90023DDE90A01F1F75FFE0028EB
:10EE400049D0013F00231093149B9B1B5A1E45BFC2
:10EE5000C3F10103009300230023069254BF0093E3
:10EE60000693002F39DB069B0D973B440693002346
:10EE70000893079B092B63D8052BC4BF043B07935A
:10EE8000079BA3F10203CCBF00240124032B63D80A
:10EE9000DFE803F05254372BDDE914631E4406F219
:10EEA0003243202BC1BFC3F140039F4006F21243FF
:10EEB00024FA03F3D6BFC3F1200347EA030004FAA0
:10EEC00003F0F1F72FFB0122A1F1F873013E12923A
:10EED00076E70123B7E71090B6E7009BDB1B0093B2
:10EEE0007B42089300230D93C3E7012309930C9BF6
:10EEF00007EB030B0BF10103012B0393B8BF0123B5
:10EF000006E0012309930C9B002B28DD9B4603930D
:10EF1000D9F81C000021042202F114059D4226D9D3
:10EF20004160484600F09CFD8246002842D11E4BBD
:10EF3000024640F2AF11DAE60023E3E70023D5E70B
:10EF400001240023079309944FF0FF3B0022CDF8E2
:10EF50000CB012230C92DBE701230993F4E74FF086
:10EF6000010BCDF80CB05B46CDF830B0D0E70131E5
:10EF70005200D1E7AFF3008061436F63A787D23FB0
:10EF8000B3C8608B288AC63FFB799F501344D33F98
:10EF9000331C01084A1C01080000F07F341D0108E1
:10EFA0000000F83FB81D0108A21C01082F1C010831
:10EFB000331D0108D9F81C301860039B0E2B00F29A
:10EFC000A180002C00F09E80002F33DD9C4B07F0C9
:10EFD0000F0203EBC20393ED007BF8058DED0E7B72
:10EFE0004FEA271416D5974BDDE90A01D3E9082328
:10EFF000F1F73CFCCDE9040104F00F040326914D28
:10F0000054B9DDE90E23DDE90401F1F72FFCCDE968
:10F01000040128E00226F2E7E10708D5DDE90E0148
:10F02000D5E90023F1F7F8FACDE90E0101366410B5
:10F030000835E5E700F0AF807C42814B814D04F05C
:10F040000F0203EBC203D3E90023DDE90A01F1F764
:10F05000E3FACDE90401241100230226002C40F03C
:10F060008F80002BD3D1109BDDE90445002B00F0ED
:10F070009480754B002220462946F1F73FFD002879
:10F0800000F08B80039B002B00F08780BBF1000F0A
:10F0900034DD20466D4B00222946F1F7BDFACDE95B
:10F0A000040107F1FF3801365C463046F1F74AFAB1
:10F0B000DDE90423F1F7B0FA654B0022F1F7F6F829
:10F0C0000546A1F15076002C6AD1DDE90401614BBF
:10F0D0000022F1F7E9F802460B46CDE904232A465F
:10F0E0003346F1F729FD002840F09882DDE904015C
:10F0F0002A4606F10043F1F701FD38BBDDE90A3489
:10F10000CDE90434159B002BC0F257810E2F00F37C
:10F1100054814B4B03EBC70393ED007B0C9B002BFF
:10F120008DED007B80F2E580039B002B00F3E180F6
:10F130000CD1484B002251EC170BF1F76DFADDE9C9
:10F140000423F1F7EFFC002800F066820024254636
:10F150000C9B56466FEA030800272146484600F0FC
:10F16000BFFC002D00F0BD802FB1AF4203D0394667
:10F17000484600F0B5FC2946484600F0B1FCB0E036
:10F18000E20705D5D5E90023F1F746FA0136012358
:10F190006410083562E7022665E7039CB84684E7F9
:10F1A000274B099903EBC40353E902235444002974
:10F1B00054D029490020F1F759FB33462A46F1F78C
:10F1C00073F8CDE90E015646DDE90401F1F7D4FCF0
:10F1D0000546F1F7B7F902460B46DDE90401F1F700
:10F1E00063F8303502460B46CDE9042306F8015B8F
:10F1F000DDE90E23F1F782FC002872D1DDE904235A
:10F2000011490020F1F750F8DDE90E23F1F776FC03
:10F21000002840F0B480A6423FF470AFDDE90E0153
:10F220000A4B0022F1F7F8F9084BCDE90E01002254
:10F23000DDE90401F1F7F0F9CDE90401C4E700BF0D
:10F24000B81D0108901D01080000F03F0000244097
:10F2500000001C40000014400000E03F31462846FA
:10F26000F1F7DAF9CDE90E0113945646DDE9040110
:10F27000F1F782FC0546F1F765F902460B46DDE938
:10F280000401F1F711F8303506F8015B02460B4630
:10F29000A642CDE904234FF0000224D1AF4BDDE9B3
:10F2A0000E01F1F703F802460B46DDE90401F1F720
:10F2B00043FC002863D1DDE90E23A8490020F0F7C4
:10F2C000F3FF02460B46DDE90401F1F717FC0028C5
:10F2D0003FF414AF139E731E139316F8013C302BAA
:10F2E000F8D047463BE09E4BF1F796F9CDE9040193
:10F2F000BCE7DDE904455646DDE900232046294602
:10F30000F1F7B4FAF1F738FC8046F1F71BF9DDE9C3
:10F310000023F1F781F902460B462046294608F101
:10F320003004F0F7C1FF06F8014B039DA6EB0A0479
:10F33000A54202460B4633D1F0F7B8FFDDE90023C2
:10F3400004460D46F1F7F8FBC0B9DDE9002320467D
:10F350002946F1F7C9FB10B118F0010F0ED102993F
:10F36000484600F0BDFB00233370119B01371F603E
:10F37000219B002B00F04B821E6048E2B8463346CA
:10F380001E4613F8012D392A06D19A45F8D13022AC
:10F3900008F101088AF800201A7801321A70A0E7F3
:10F3A0006F4B0022F1F738F90022002304460D4686
:10F3B000F1F79AFB00289FD0D1E7099A002A00F0C4
:10F3C000EA80079A012A00F3CD80129A002A00F001
:10F3D000C18003F23343089C009E009A1A440092B5
:10F3E000069A01211A444846069200F02DFC054673
:10F3F00066B1069B002B09DDB342009AA8BF3346D5
:10F40000D21A0092069AF61AD31A0693089B0BB3E7
:10F41000099B002B00F0C680002C00F0C08029461C
:10F420002246484600F0C8FC029A01460546484676
:10F4300000F020FC02998046484600F051FB089BF2
:10F440001B1B089300F0B180089A4146484600F023
:10F45000B3FC02900121484600F0F6FB0D9B0446E8
:10F46000002B00F0D8811A460146484600F0A4FC63
:10F47000079B012B044600F39F80049B002B40F068
:10F480009780059BC3F31303002B40F09380059BEB
:10F4900023F000431B0D1B0533B1009B0133009388
:10F4A000069B01330693012308930D9B002B00F06C
:10F4B000B881236904EB8303186900F079FBC0F17C
:10F4C0002000069B184410F01F0000F08280C0F15D
:10F4D0002003042B73DD009BC0F11C000344009348
:10F4E000069B034406440693009B002B05DD02990E
:10F4F0001A46484600F0BAFC0290069B002B05DD38
:10F5000021461A46484600F0B1FC0446109B002BE9
:10F5100061D00298214600F015FD00285BDA002337
:10F5200002990A22484600F0FDFA099B029007F171
:10F53000FF38002B00F07781294600230A22484635
:10F5400000F0F0FABBF1000F05466FDC079B022BC1
:10F5500049DC6BE0149BC3F136033CE70000E03F5D
:10F5600000002440039B5C1E089BA34209DB1C1B7C
:10F57000039B002BBFF630AF009B039A9E1A00231B
:10F580002BE7089B0D9A0894E31A1A44009E039BEC
:10F590000D92002421E7089C009E099D28E7DDF8D4
:10F5A000088051E7089A029950E7CDF8088051E7A2
:10F5B000002379E7049B77E70023089379E793D04A
:10F5C000009A1C331A440092069A1A441E4406926A
:10F5D0008AE70346F4E7039B002BB84620DC9B46F2
:10F5E000079B022B1EDDBBF1000F7FF4B1AD21465E
:10F5F0005B460522484600F095FA0146044602980B
:10F6000000F0A0FC00287FF7A3AD5646312306F892
:10F61000013B08F101089FE5039CB8462546F4E745
:10F62000DDF80CB0099B002B00F00181002E05DDF8
:10F6300029463246484600F019FC0546089B002B37
:10F640005CD06968484600F00BFA064628B9824B40
:10F65000024640F2EF21FFF74ABB2A6902329200CC
:10F6600005F10C010C30FFF794FA012231464846AF
:10F6700000F0FCFB0AF1010300930AEB0B03089373
:10F68000049B03F001032F4606930546009B029856
:10F69000214603F1FF3BFFF78AFA0346303303901C
:10F6A00039460298099300F04DFC2A460490214601
:10F6B000484600F063FCC268099B064602BB01464F
:10F6C000029800F03FFC099B0246314648460C92E6
:10F6D000099300F005FA079B0C9A009E42EA030189
:10F6E000069B1943099B0DD1392B27D0049A002A78
:10F6F00001DD039B31338BF800302EE52846B9E756
:10F700000122E2E70499002904DB079801430698E7
:10F71000014320D1002AEEDD0299009301224846E0
:10F7200000F0A4FB2146029000F00CFC0028009B96
:10F7300002DCE0D1DA07DED5392BDAD139238BF8B8
:10F74000003033461E46013B16F8012C392A4ED0B4
:10F7500001321A7001E5002A03DD392BEED00133A6
:10F76000C9E7009A089902F8013C8A4228D0029918
:10F7700000230A22484600F0D5F9AF4202904FF02C
:10F7800000034FF00A023946484607D100F0CAF993
:10F7900007460546009B0133009377E700F0C2F966
:10F7A0002946074600230A22484600F0BBF90546D1
:10F7B000F0E7BBF1000FCCBF5E46012656440027A0
:10F7C000029900930122484600F050FB2146029026
:10F7D00000F0B8FB0028B4DC02D1009BDB07B0D4FA
:10F7E00033461E4613F8012D302AFAD0B5E49A4567
:10F7F000A8D1312308F101088AF80030ADE4219B3B
:10F80000DFF858A01BB10AF10803219A1360504693
:10F8100017B0BDE8F08F079B012B7FF72EAE0D9B35
:10F82000089301204DE6BBF1000F7FF7D9AE564695
:10F8300002982146FFF7BBF900F1300306F8013BBF
:10F84000A6EB0A029345B4DD029900230A2248463A
:10F8500000F068F90290EBE7A21C0108261C0108E1
:10F8600038B50546002941D051F8043C0C1F002B47
:10F87000B8BFE41800F0E8F81D4A136833B96360B4
:10F8800014602846BDE8384000F0E4B8A34208D927
:10F89000206821188B4201BF19685B680918216034
:10F8A000EDE71A465B680BB1A342FAD9116850180C
:10F8B000A0420BD120680144501883421160E0D16E
:10F8C00018685B68536008441060DAE702D90C23BB
:10F8D0002B60D6E7206821188B4204BF19685B684B
:10F8E000636004BF091821605460CAE738BD00BFD7
:10F8F0000C2A0020024B0146186800F025B800BF12
:10F900000802002070B50F4E0C463168054611B94B
:10F9100001F0D0F930602146284601F0CBF9431CB4
:10F9200003D14FF0FF34204670BDC41C24F0030403
:10F93000A042F8D0211A284601F0BCF90130F2D1DA
:10F94000EFE700BF082A00202DE9F843CD1C25F081
:10F95000030508350C2D38BF0C25002D064601DBAC
:10F96000A94204D90C2333600020BDE8F883DFF8F6
:10F97000D48000F069F8D8F800301C4644BB294612
:10F980003046FFF7BFFF431C044658D1D8F800406B
:10F990002746002F43D1002C4BD0236839463046F0
:10F9A00004EB030901F086F9814542D121686D1A03
:10F9B00029463046FFF7A6FF01303AD023682B4492
:10F9C0002360D8F800305A6862BBC8F800700FE0B6
:10F9D0002268521B20D40B2A17D96119A342256033
:10F9E00018BF5960636808BFC8F8001062514B60C7
:10F9F000304600F02FF804F10B00231D20F0070023
:10FA0000C21A1CBF1B1AA350AFE76268A3420CBF07
:10FA1000C8F800205A60EBE723466468AEE73C462E
:10FA20007F68B6E71A465B68A342FBD100235360A8
:10FA3000DEE70C233360304600F00CF894E70560F5
:10FA4000D6E700BF0C2A00200148FFF7A0B800BF8E
:10FA5000042A00200148FFF79BB800BF042A0020B9
:10FA600070B5C66904460D4676B91020FFF742FF0F
:10FA70000246E06120B9184B18486B2101F02AF9C1
:10FA8000C0E901660660C660E669F36883B1E369B0
:10FA9000DB6853F82500B8B9012101FA05F6721D9B
:10FAA0009200204601F034F960B1C0E901560EE041
:10FAB00021220421204601F02BF9E369F060DB6884
:10FAC000002BE4D1002070BD026843F825200023FC
:10FAD000C0E90333F7E700BF331C0108B31C01087A
:10FAE00070B5C66905460C4676B91020FFF702FFCF
:10FAF0000246E86120B9094B09488F2101F0EAF874
:10FB0000C0E901660660C6603CB1EB696268DB680B
:10FB100053F82210216043F8224070BD331C0108C5
:10FB2000B31C01082DE9F0410D6907460C461E463D
:10FB300001F1140C0020DCF8003099B202FB0161E5
:10FB40001E0C0B0C02FB063389B2013001EB0341A2
:10FB500085424CF8041B4FEA1346ECDC0EB3A36855
:10FB6000AB4219DC616838460131FFF779FF804606
:10FB700028B902460C4B0D48BA2101F0ABF82269B6
:10FB8000023204F10C0192000C30FFF702F821461A
:10FB90003846FFF7A5FF444604EB850301355E6157
:10FBA00025612046BDE8F081A21C0108B31C0108B4
:10FBB000B0F5803F034636BF030400201020B3F1A8
:10FBC000807F3CBF1B020830B3F1805F3CBF1B014C
:10FBD0000430B3F1804F3CBF9B000230002B05DBAB
:10FBE00013F0804F00F1010008BF20207047036828
:10FBF000024613F007000BD0D90721D4980749BF5C
:10FC00005B089B08012013605CBF136002207047F3
:10FC100099B209B91B0C1020D9B209B908301B0AD6
:10FC2000190704BF1B090430990704BF9B08023061
:10FC3000D90703D45B0800F1010003D013607047BB
:10FC4000002070472020704710B50C460121FFF7B7
:10FC500007FF024628B9054B054840F2451101F05F
:10FC600039F801234461036110BD00BFA21C0108E3
:10FC7000B31C01082DE9F04F17460A693B699A4207
:10FC8000A8BF3B468946A4BF0F4699463D69D9F8AF
:10FC900010A0BB68796805EB0A06B34285B0B8BF0F
:10FCA0000131FFF7DDFE30B90246414B41484FF4C8
:10FCB000B17101F00FF800F1140404EB860E234635
:10FCC0000022734520D307F1140809F1140108EB51
:10FCD000850501EB8A030293EB1B153B23F003031D
:10FCE00004331537BD4238BF04230193029B0391AF
:10FCF0008B420CD8002E03DD5EF8043D002B55D05E
:10FD0000066105B0BDE8F08F43F8042BD9E7B1F8E0
:10FD100000A0BAF1000F1FD0C446A14600275CF82E
:10FD2000042BD9F800301FFA82FB9BB20AFB0B337D
:10FD30003B44D9F80070120C3F0C0AFB027202EB34
:10FD400013429BB243EA0243654549F8043B4FEA3C
:10FD50001247E4D8019BE750039BB3F802900431AB
:10FD6000B9F1000F20D023684746A4464FF0000A9F
:10FD7000B7F800B0BCF8022009FB0B2252449BB23A
:10FD800043EA02434CF8043B57F8043B4FEA134A5A
:10FD9000BCF8003009FB0A3303EB1243BD424FEAC3
:10FDA000134AE5D8019AA35004349FE7013EA1E726
:10FDB000A21C0108B31C01082DE9F843154612F0F6
:10FDC000030207460E4607D0254C013A002354F89B
:10FDD0002220FFF7A7FE0646AD103DD0FC697CB996
:10FDE0001020FFF787FD0246F86128B91D4B1E4819
:10FDF00040F2B31100F06EFFC0E901440460C4603A
:10FE0000D7F81C80D8F808404CB940F27121384628
:10FE1000FFF71AFF0023C8F80800044603604FF0FC
:10FE20000009EB070AD5314622463846FFF722FF84
:10FE3000314680463846FFF753FE46466D100BD0DC
:10FE4000206838B9224621463846FFF713FF206064
:10FE5000C0F800900446E4E73046BDE8F88300BFF0
:10FE6000801D0108331C0108B31C01082DE9F0476F
:10FE70000C464968236903EB6218A368074691465C
:10FE80004FEA621A08F10106B3420BDB3846FFF76E
:10FE9000E7FD054648B90246284B29484FF4EF7163
:10FEA00000F018FF01315B00EEE7002300F11401C0
:10FEB00000F110021846534533DB20692AEAEA7A3A
:10FEC00004F1140319F01F0901EB8A0103EB800C04
:10FED0002BD0C9F1200E8A460022186800FA09F0DA
:10FEE00010434AF8040B53F8042B9C4522FA0EF2F7
:10FEF000F3D8ACEB0403153B23F00303043304F104
:10FF00001500604588BF0423CA500AB108F10206F3
:10FF1000013E38462E612146FFF7E2FD2846BDE846
:10FF2000F08742F8040F0133C5E7043953F8042B76
:10FF300041F8042F9C45F9D8EAE700BFA21C01084C
:10FF4000B31C01080A6903460069801A30B50ED156
:10FF50001433143103EB820401EB820154F8045D85
:10FF600051F8042D954203D005D24FF0FF3030BD3B
:10FF7000A342F3D3FBE70120F9E700002DE9F74F97
:10FF800089460646114648461446FFF7DBFF051E24
:10FF900012D129463046FFF763FD024628B93F4B90
:10FFA00040F237213E4800F095FE0123C0E90435B8
:10FFB000104603B0BDE8F08FBCBF4B46A1463046AB
:10FFC000D9F80410BABF1C4601250025FFF748FDEB
:10FFD000024618B9314B40F24521E3E7D9F81070D9
:10FFE0002669C56009F1100309F1140504F1140E26
:10FFF00000F1140B05EB87080EEB86060193D9463A
:020000040801F1
:100000004FF0000C019B5EF8040B53F804AF019312
:100010001FFA8AF3194683B2CB1A000C6344C0EB73
:100020001A4000EB23409BB243EA0043764549F86F
:10003000043B4FEA204CE5D8331B153B23F0030368
:1000400015340433A64238BF04231D445B441E46C6
:100050002C4644450ED308F10301491B21F003014E
:10006000033DA84538BF00210B4453F8041D91B14E
:1000700017619DE754F8041BE646080C1CFA81FC46
:10008000714400EB2C4089B241EA004146F8041B60
:100090004FEA204CDDE7013FE7E700BFA21C010863
:1000A000B31C01082DE9F7430F46012159EC108BD1
:1000B0001646FFF7D5FC044630B90246234B2448C8
:1000C00040F20F3100F006FEC9F30A55C9F31303DD
:1000D0000DB143F480130193B8F1000323D06846B7
:1000E0000093FFF784FDDDE90012D0B1C0F12003D9
:1000F00002FA03F30B43C24063610192019BA361C7
:10010000002B0CBF012202222261A5B1A5F23345CA
:1001100005443D60C0F135003060204603B0BDE8C5
:10012000F0836161EAE701A8FFF761FD019B63616C
:1001300020300122E8E704EB8203A0F2324038606D
:100140001869FFF735FDC0EB4210E5E7A21C010876
:10015000B31C01082DE9F0478E681F46BE420B68AC
:1001600082460C4690462DD8B1F90C2012F4906FBF
:1001700026D06569096905EB4505A3EB010905EB87
:10018000D5757B1C4B446D109D4238BF1D465305F1
:1001900027D52946FFF7D8FB064660B321694A46B2
:1001A000FEF7F7FCA38923F4906343F08003A38157
:1001B000266165614E44A5EB09052660A5603E46B3
:1001C000BE4200D93E4620683246414600F057FD07
:1001D000A3689B1BA3602368334423600020BDE811
:1001E000F0872A4600F0BAFD06460028E0D12169D2
:1001F0005046FFF735FB0C23CAF80030A38943F0C3
:100200004003A3814FF0FF30E9E700002DE9F04FF4
:1002100098468B891B069DB007460D46144610D59F
:100220000B6973B94021FFF78FFB2860286130B953
:100230000C233B604FF0FF301DB0BDE8F08F402332
:100240006B610023099320238DF82930CDF80C80B1
:100250003023DFF89C818DF82A304FF001092346C6
:100260009A4613F8012B0AB1252AF9D1BAEB040BEF
:100270000BD05B46224629463846FFF76BFF01301C
:1002800000F0A780099A5A4409929AF80030002B8E
:1002900000F09F8000234FF0FF32CDE905230AF1E3
:1002A000010A049307938DF853301A93544605229C
:1002B00014F8011B4E48EFF79BFF049AD8B9D006FB
:1002C00044BF20238DF85330110744BF2B238DF8F2
:1002D00053309AF800302A2B15D0079A5446002044
:1002E0004FF00A0C214611F8013B303B092B4BD94A
:1002F000B0B1079214E0A0EB080309FA03F313432B
:100300000493A246D2E7039B191D1B680391002B9F
:10031000BBBF5B4242F0020207930793B8BF04924F
:1003200023782E2B0AD163782A2B32D1039B1A1DF6
:100330001B68039243EAE37302340593DFF8C0A01D
:10034000217803225046EFF753FF38B1049BA0EB0E
:100350000A004022824013430134049314F8011B25
:1003600024488DF828100622EFF742FF002836D0E7
:10037000214B1BBB039B073323F007030833039375
:10038000099B334409936AE70CFB02320C460120B7
:10039000A8E700230134059319464FF00A0C2046C4
:1003A00010F8012B303A092A03D9002BC6D0059149
:1003B000C4E70CFB012104460123F0E703AB0093E3
:1003C0002A460E4B04A93846FDF7D2FD421C0646CC
:1003D000D6D1AB895B063FF52DAF09982CE703AB6F
:1003E00000932A46054B04A93846FEF759F8EDE775
:1003F0000C1D0108161D010871DF000855010108D8
:10040000121D010838B54B1C144603D14FF0FF35BF
:10041000284638BD938923F020039381636B52688B
:10042000CDB28BB1A36B934208DD23685A1E2260C4
:1004300003F8015C636801336360E9E7214600F07B
:10044000E4FB0028F1D0E1E72169236851B199422A
:1004500008D213F8011CA94204D1013B01322360E8
:100460006260D5E7C4E90F3204F1440363630323F8
:10047000A363234603F8465F23600123DCE710B53E
:100480000C46496B69B104F14403994201D0FFF76E
:10049000E7F9236C63600020606313B1E36B2360B2
:1004A00010BD2369236000236360A38943F0200308
:1004B000A3814FF0FF30F3E72DE9F04F0C46ADF587
:1004C000237D0021CDE94411A649A0910DF1040836
:1004D000A549A64FCDF818810646A191009392F840
:1004E0000090B9F1000F00F0588117F8093013F0AF
:1004F000080302F1010519D06368002B0FDD2368A2
:100500001A78BA5C120701D42A46E8E7459A013204
:10051000459262680133013A62602360ECE7A19B77
:100520002146304698470028E9D0EDE7B9F1250F7C
:1005300040F085804193439353782A2B02BF1023C8
:10054000951C41930A22AA461AF8011BA1F1300317
:10055000092B1ED9DFF818B203225846EFF748FEE0
:1005600038B1419AA0EB0B00012383401343419320
:10057000554615F8013B782B06D8572B10D8252B5C
:100580005DD057D8002B75D0032347930A2342939D
:1005900088E0439B02FB0311303943915546D2E773
:1005A000A3F15802202AEFD801A151F822F000BF90
:1005B000830601088905010889050108DD0601088F
:1005C00089050108890501088905010889050108CF
:1005D000890501088905010889050108F306010854
:1005E000D90601083B0601083B0601083B06010845
:1005F0008905010895060108890501088905010892
:100600008905010889050108030701089D060108FD
:100610007B0601088905010889050108FF06010814
:1006200089050108D906010889050108890501081D
:1006300083060108453B022BA6D8052331E06368F9
:10064000002B0DDD23681A784A4540F0A68001335F
:1006500062682360459B013A01336260459353E72A
:10066000A19B2146304698470028EBD044980028AB
:1006700040F08B804FF0FF308BE0419A42F0200237
:100680004192419A42F40072419210226E2B4292A2
:1006900002D905E000234293032302E0082342939A
:1006A000042347936368002B39DD419B590604D42A
:1006B00023681A78BA5C120738D4479B022B47DCB0
:1006C0006B46224641A9304600F06CF8012864D000
:1006D00002287FF419AFC9E70A22D7E72946404626
:1006E00000F05AFA419B43F0400341930546012331
:1006F000D7E7419B43F0400341930023D1E7022316
:10070000CFE74198C3063FF5FFAE009B459A191D00
:1007100000911B68C0074CBF1A801A60F4E6A19BC9
:100720002146304698470028BFD09FE7459A0132BE
:1007300045926268013A002A626002DD013323605B
:10074000B6E7A19B2146304698470028B0D08DE7F8
:10075000042B0FDC6B46224641A9304600F07CF8A2
:10076000B4E700BF050401087F040108811E0108E9
:10077000121D01080A4B002B3FF4C6AE6B46224601
:1007800041A93046AFF30080A0E7A3895B063FF59F
:1007900071AF0DF5237DBDE8F08F4498F9E700BFF8
:1007A000000000002DE9F84315468A6880460C4693
:1007B00032B98A69002A14BF4FF0FF3201228A60E1
:1007C0002268DFF89090D1065FBF1A68111D19608A
:1007D00016680027A06988B1012807D12B681A780C
:1007E00063699B5C53B9002F31D022E0022820D1ED
:1007F0002B681B7819F803301B071AD42368DA0614
:100800005EBF2B681B7806F8013B2A686B680132D3
:100810002A60A268013B013A6B600137A26042B1D5
:10082000002BD7DCD4F88031294640469847002871
:10083000D0D0236813F0100305D1E2680132E260E2
:10084000A26902B1337023693B4423610020BDE8F3
:10085000F88300BF811E01082DE9F04F9846744BC4
:100860000C468246164693E8070087B003AB83E840
:100870000700704BA169704A032908BF1A46A36894
:1008800001925A1EB2F5AE7F88BF6FF4AE7527464F
:1008900082BF03EB050940F25D13A36057F81C3BD0
:1008A00043F4506398BF4FF0000923603D464FF07A
:1008B000000B316803AB097853F82B000222EFF7E5
:1008C00097FC28B3BBF1010F59D162682AB922689D
:1008D000082142F4007261602260226822F4A06262
:1008E0002260A268511EA16092B13268511C316031
:1008F000127805F8012B7268013A002A726007DC51
:10090000D4F88021314650469047002840F0858039
:100910000BF1010BBBF1030FCBD163680BB90A23B9
:100920006360636845496069C91A00F035F94FF0A2
:10093000000BA3682268002B3DD03168606991F8F4
:1009400000C010F80C00002835D0BCF1300F24D1C5
:10095000100522D50BF1010BB9F1000F03D00133C3
:1009600009F1FF39A3607368013B002B73601BDD45
:10097000336801333360A368013BA360D9E7BBF15F
:10098000020FAED1226802F4C061B1F5007FC4D17C
:100990001021616042F48072A2E722F410622260AA
:1009A0000B7805F8013BDEE7D4F88031314650463C
:1009B00098470028DFD02368D9050DD5BD4209D955
:1009C00015F8011CD4F87C3132465046984705F1A1
:1009D000FF394D46BD4228D0226812F0100213D1D3
:1009E0002A706368019E39465046B047D8F80030F7
:1009F00021681A1DC8F8002011F0200F1B680FD0C5
:100A00001860E3680133E3602369ED1B5D442B4408
:100A10002361002007B0BDE8F08F4FF0000BCAE75C
:100A2000CA074CBF18801860EBE70120F2E700BF4F
:100A3000B01B0108AD0E01088D0F01082D1D010826
:100A4000B1F90C202DE9F041160705460C4654D4A7
:100A50004B68002B02DC0B6C002B48DDE66A002E95
:100A600045D0002312F480522F68216A2B6030D0C9
:100A7000626DA389590705D56368D21A636B0BB100
:100A8000236CD21A0023E66A216A2846B047431C29
:100A9000A38906D129681D292BD82A4ACA40D6071E
:100AA00027D500226260D9042269226004D5421C45
:100AB00001D12B6803B96065616B2F60B9B104F196
:100AC0004403994202D02846FEF7CAFE002363631E
:100AD0000DE001232846B0470246501CC9D12B68BF
:100AE000002BC6D01D2B01D0162B1ED12F6000204D
:100AF00022E043F040031BB21BE00F69002FF6D049
:100B000093070E6808BF4B690F6018BF0023A6EB60
:100B100007088B60B8F1000FE9DD216AA66A434639
:100B20003A462846B047002808DCB4F90C3043F0B8
:100B30004003A3814FF0FF30BDE8F0810744A8EBEC
:100B40000008E7E70100402038B50B6905460C4670
:100B500013B90025284638BD18B1036A0BB9FDF753
:100B600049FEB4F90C30002BF3D0626ED00704D4E8
:100B7000990502D4A06DFEF70AF828462146FFF732
:100B80005FFF636EDA070546E4D4A3899B05E1D4D1
:100B9000A06DFDF7FDFFDDE770B50B7804465E2B19
:100BA0000BBF4B784A1C8A1C002108BF0121013869
:100BB00004F1FF0500F8011FA842FBD10BB9501E3C
:100BC00070BD81F00101E1541046024612F8015B4C
:100BD0002D2D05D05D2D16D0002DF1D02B46F2E73E
:100BE00046785D2EFAD0B342F8DC02301A46013264
:100BF0009642A154FBDCF21A013A5D1CB342A8BF35
:100C00000022AB18E1E71046DAE72DE9F0410C4687
:100C1000496B04F1440399421DD14FF48061FEF702
:100C200093FE18B94FF0FF30BDE8F0814FF48063B8
:100C3000A36394F84630606380F8FF3394F845303E
:100C400080F8FE3394F8443080F8FD3300F2FD3034
:100C500020600020E8E7A66B77003A4600F07EF8B7
:100C600005460028DED000EB060801463246404625
:100C7000FDF78FFFC4E90D57C4F80080E9E788420B
:100C800010B501EB020402D98442234607D8431E63
:100C9000A14208D011F8012B03F8012FF8E7024414
:100CA00001468A4200D110BD13F8014D02F8014DF2
:100CB000F7E7000038B5064D0023044608462B60D0
:100CC000F1F7D8FF431C02D12B6803B1236038BD74
:100CD000002A00201FB514461A46094B1B6805461A
:100CE000D8684CB1074B0091CDE9013406492B4639
:100CF00000F05CF900F06CF9044B1C46F3E700BF10
:100D000008020020421D01084F1D01087D1D010839
:100D100070B5A1FB025434B92946FEF715FE06460C
:100D200028B9304670BD0C2202600026F9E72A4639
:100D30002146FDF73CFEF4E782B001B901A942B1BA
:100D40004BB113780B601278101E18BF012002B04F
:100D500070471046FBE76FF00100F8E72DE9F0411E
:100D6000074614460D4621B9BDE8F0411146FEF78D
:100D7000EBBD2AB9FEF774FD25462846BDE8F08193
:100D800000F02DF98442064602D8B4EB500FF4D897
:100D900021463846FEF7D8FD804608B94546ECE7BF
:100DA000B4422246294628BF3246FDF7F2FE2946C4
:100DB0003846FEF755FDF1E7242B2DE9F04786462E
:100DC000904601D8012B06D1FDF7B6FE162303602D
:100DD0000020BDE8F08734480D462A4615F8014B3F
:100DE000065D16F00806F8D12D2C10D12C780126BE
:100DF000951C33F0100215D1302C0DD12A7802F059
:100E0000DF02582A08D16C78023510230AE02B2C17
:100E100004BF2C78951CECE7002BF6D1302C14BFC6
:100E20000A23082306F1004C0CF1FF3C0022BCFB16
:100E3000F3F9104603FB19CAA4F13007092F0FD8A4
:100E40003C46A3421BDD571C07D0814514D301D17A
:100E5000A24511DB00FB0340012215F8014BEBE733
:100E6000A4F14107192F01D8373CEAE7A4F1610743
:100E7000192F04D8573CE4E74FF0FF32EDE7531C3D
:100E800008D12223CEF800306046B8F1000FA0D080
:100E9000691E06E006B14042B8F1000F99D0002A61
:100EA000F6D1C8F8001094E7811E0108FFF784BF4F
:100EB0002DE9F043344E86460D46284615F8014B81
:100EC000375D17F00807F8D12D2C10D12C780127A9
:100ED000851C33F0100015D1302C0DD1287800F08E
:100EE000DF00582808D16C78023510230AE02B2C3B
:100EF00004BF2C78851CECE7002BF6D1302C14BFF6
:100F00000A2308234FF0FF380026B8FBF3F803FB51
:100F100008F96FEA09093046A4F1300CBCF1090F59
:100F200010D86446A3421EDDB6F1FF3F07D08045CE
:100F300016D301D1A14513DB00FB0340012615F8B0
:100F4000014BE9E7A4F1410CBCF1190F01D8373C82
:100F5000E8E7A4F1610CBCF1190F04D8573CE1E7B4
:100F60004FF0FF36EBE7731C06D12223CEF800309A
:100F7000304632B9BDE8F08307B14042002AF9D0CB
:100F800006B1691E1160F5E7811E0108FFF790BFE9
:100F90000346084641B1FF2A04D98A221A604FF05D
:100FA000FF3070470A700120704700000EB403B58F
:100FB000014603AB054853F8042B0068019300F089
:100FC0003FF802B05DF804EB03B070470802002060
:100FD00008B5062000F008FA0120F1F7D3FD51F81A
:100FE000043C181F002BBCBF0B58C01870479368F7
:100FF000013B002B10B4936008DA9469A34201DB33
:101000000A2903D15DF8044B00F032B91368581C6B
:101010001060197008465DF8044B7047F8B5064635
:101020000F461446D518AC4201D1002007E014F851
:10103000011B3A463046FFF7DAFF431CF3D1F8BDF7
:101040002DE9F04F0D469DB014469846064618B15E
:10105000036A0BB9FDF7CEFB6B6ED90705D4AB89DC
:101060009A0502D4A86DFDF792FDAB891B0701D547
:101070002B699BB92946304600F038F970B16B6E88
:10108000DC0704D54FF0FF301DB0BDE8F08FAB8911
:101090009805F7D4A86DFDF77BFDF3E700230993CE
:1010A00020238DF82930CDF80C803023DFF8AC8177
:1010B0008DF82A304FF0010923469A4613F8012B88
:1010C0000AB1252AF9D1BAEB040B0BD05B462246B4
:1010D00029463046FFF7A2FF013000F0A780099AA9
:1010E0005A4409929AF80030002B00F09F800023A8
:1010F0004FF0FF32CDE905230AF1010A049307936B
:101100008DF853301A935446052214F8011B5348A6
:10111000EFF76EF8049AD8B9D10644BF20238DF8B2
:101120005330130744BF2B238DF853309AF8003007
:101130002A2B15D0079A544600204FF00A0C21465E
:1011400011F8013B303B092B4BD9B0B1079214E0A9
:10115000A0EB080309FA03F313430493A246D2E772
:10116000039B191D1B680391002BBBBF5B4242F020
:10117000020207930793B8BF049223782E2B0AD15B
:1011800063782A2B32D1039B1A1D1B68039243EA12
:10119000E37302340593DFF8D4A02178032250468C
:1011A000EFF726F838B1049BA0EB0A0040228240FA
:1011B00013430134049314F8011B29488DF82810B7
:1011C0000622EFF715F800283FD0264B1BBB039BE8
:1011D000073323F0070308330393099B3B44099328
:1011E0006AE70CFB02320C460120A8E70023013419
:1011F000059319464FF00A0C204610F8012B303A9F
:10120000092A03D9002BC6D00591C4E70CFB0121A4
:1012100004460123F0E703AB00932A46124B04A9CE
:101220003046FCF7A5FE0746781CD6D16B6ED90771
:1012300005D4AB899A0502D4A86DFDF7A9FCAB894A
:101240005B063FF51FAF09981EE703AB00932A46E4
:10125000054B04A93046FDF723F9E4E70C1D01080E
:10126000161D010871DF00081D100108121D01087C
:10127000F8B50E461446054618B1036A0BB9FDF7DA
:10128000B9FAA369A360A3891A0701D5236943B9F1
:101290002146284600F02AF818B14FF0FF373846AB
:1012A000F8BD23682269981A6369F6B2834237460B
:1012B00005DC21462846FFF747FC0028EDD1A3684E
:1012C000013BA36023685A1C22601E706269431CA4
:1012D0009A4204D0A389DB07E1D50A2EDFD121464B
:1012E0002846FFF731FC0028D9D0D6E738B5294B7E
:1012F000054618680C4618B1036A0BB9FDF77AFA6F
:10130000B4F90C30190722D4DA0607D409222A606E
:1013100043F04003A3814FF0FF3033E0580712D56C
:10132000616B41B104F14403994202D02846FEF7B3
:1013300097FA00236363A38923F02403A381002386
:10134000636023692360A38943F00803A3812369B1
:101350004BB9A38903F42073B3F5007F03D0214672
:10136000284600F083F8B4F90C3013F001020AD0DB
:101370000022A26062695242A261226942B913F05E
:101380008000C5D138BD990758BF6269A260F4E7F3
:101390000020F7E7080200201F2938B505460C4653
:1013A00004D9162303604FF0FF3038BDC26B12B171
:1013B00052F821304BB9284600F030F82246014659
:1013C0002846BDE8384000F017B8012B0AD0591C58
:1013D00003D1162303600120E7E7002142F824101F
:1013E000204698470020E0E7024B01461868FFF7C7
:1013F000D3BF00BF0802002038B5074D00230446C4
:10140000084611462B60F1F7ADFB431C02D12B6857
:1014100003B1236038BD00BF002A0020F1F79ABB5A
:1014200070B50C46B1F90E10002996B015461E464F
:101430000DDAA38913F0800F4FF0000114BF402391
:101440004FF48063002031602B6016B070BD6A4697
:1014500000F048F80028ECDB019901F47041A1F597
:101460000053594259414FF48063EBE78B89F7B53C
:101470009D0706460C4607D504F147032360236108
:101480000123636103B0F0BD01AB6A46FFF7C8FFFB
:10149000009F054639463046FEF756FA48B9B4F97A
:1014A0000C309A05EED423F0030343F00203A3812A
:1014B000E2E7A389206043F08003A381019BC4E994
:1014C00004075BB1B4F90E10304600F01DF828B1E6
:1014D000A38923F0030343F00103A381A3891D43E0
:1014E000A581CFE738B5074D0023044608461146CD
:1014F0002B60F1F797FB431C02D12B6803B12360EB
:1015000038BD00BF002A002038B5064D0023044630
:1015100008462B60F1F796FB431C02D12B6803B100
:10152000236038BD002A0020F8B500BFF8BC08BC15
:101530009E467047F8B500BFF8BC08BC9E46704791
:1015400025730D0A000000004552524F5200000062
:101550004F4B000041540000415445300000000052
:1015600041542B43574D4F44453D310041542B438B
:10157000574A41503D222573222C22257322000018
:101580004641494C000000005354414950000000BE
:1015900041542B43494653520000000041542B4311
:1015A000494653520D0A000053544149502C220021
:1015B0000D0A0000455350204950206E6F74206181
:1015C0007661696C61626C65207965740D0A000052
:1015D0005374617274696E672077656220736572F7
:1015E0007665722E2E2E0D0A0000000041542B430A
:1015F00049504D4F44453D300000000041542B43BD
:101600004950524543564D4F44453D30000000007F
:1016100041542B43495044494E464F3D3100000050
:1016200041542B43495053544F3D36300000000085
:1016300041542B4349505345525645523D300000CA
:1016400041542B4349504D55583D310041542B4393
:1016500049505345525645523D312C383000000018
:10166000576562207365727665722072756E6E6959
:101670006E67206F6E20706F72742038300D0A0014
:101680002B4950442C00000041542B4349505345F2
:101690004E443D25752C2564000000003E000000EE
:1016A0004E4F203E2C205258207761733A0D0A008D
:1016B00053454E44204F4B002B4950442C25642C5D
:1016C00000000000474554202F7365743F00000060
:1016D0005245513A0D0A000020485454502F000042
:1016E00050415253453A206E6F20656E64206D6103
:1016F000726B6572207965740D0A00005155455270
:10170000593A0D0A000000004E45572053534944F2
:101710003A2000004E455720504153533A200000D4
:101720003C21444F43545950452068746D6C3E3CF5
:1017300068746D6C3E3C626F64793E3C68323E5327
:10174000617665643C2F68323E3C703E5265636F43
:101750006E6E656374696E672E2E2E3C2F703E3C54
:101760002F626F64793E3C2F68746D6C3E00000000
:10177000485454502F312E3120323030204F4B0DF1
:101780000A436F6E74656E742D547970653A2074D7
:101790006578742F68746D6C0D0A436F6E6E6563A7
:1017A00074696F6E3A20636C6F73650D0A436F6ED8
:1017B00074656E742D4C656E6774683A2025640DEF
:1017C0000A0D0A257300000041542B434950434C35
:1017D0004F53453D25640D0A000000004745542045
:1017E0002F204854545000003C21444F435459503A
:1017F000452068746D6C3E3C68746D6C3E3C626F55
:1018000064793E3C68323E57694669205365747579
:10181000703C2F68323E3C666F726D206163746964
:101820006F6E3D222F73657422206D6574686F643E
:101830003D22676574223E535349443A3C62723EEE
:101840003C696E707574206E616D653D22737369BD
:1018500064223E3C62723E504153533A3C62723EB7
:101860003C696E70757420747970653D2270617387
:1018700073776F726422206E616D653D22706173B3
:1018800073223E3C62723E3C62723E3C696E7075F1
:101890007420747970653D227375626D69742220BD
:1018A00076616C75653D2253617665223E3C2F66FC
:1018B0006F726D3E3C2F626F64793E3C2F68746D91
:1018C0006C3E000026000000737369643D00000058
:1018D000706173733D000000627573790000000051
:1018E000434C4F5345440000414C5245414459201C
:1018F000434F4E4E4543544544000000434F4E4E27
:101900004543540041542B4349505354415455537B
:101910000D0A00005354415455533A33000000005F
:101920005354415455533A340000000041542B4362
:10193000495053544152543D25752C2253534C2247
:101940002C222573222C25750D0A0000504F53546C
:1019500020257320485454502F312E310D0A486FE2
:1019600073743A2025730D0A436F6E74656E742D7F
:10197000547970653A206170706C69636174696F45
:101980006E2F6A736F6E0D0A436F6E74656E742DE1
:101990004C656E6774683A2025640D0A436F6E6E5D
:1019A000656374696F6E3A206B6565702D616C6953
:1019B00076650D0A0D0A2573000000004854545046
:1019C0002F312E31000000007B226465766963654B
:1019D0004964223A2265737033322D3031222C2033
:1019E00022475952223A256C752C202258223A253A
:1019F0002E33662C202259223A252E33662C2022A3
:101A00005A223A252E33667D0D0A00000D0A3D3D0F
:101A10003D2045535020494E49542053544152547F
:101A2000203D3D3D0D0A000045535020494E49548C
:101A3000204641494C45443A200000004E6F204169
:101A40005420726573706F6E73650D0A000000009C
:101A50004661696C656420746F20736574205769F2
:101A60004669206D6F64650D0A0000004661696C6F
:101A7000656420746F206A6F696E2041500D0A0002
:101A8000436F6E6E656374656420627574206E6F5B
:101A90002049500D0A000000556E6B6E6F776E2066
:101AA0006572726F720D0A003D3D3D3D3D3D3D3D0D
:101AB0003D3D3D3D3D3D3D3D3D3D3D3D3D3D0D0AB9
:101AC0000000000054696D65723220737461727495
:101AD0002E2E2E0D0A000000636F6E6E6563746912
:101AE0006E6700006D616E64612D756E7472616960
:101AF0006C65642D6465626272612E6E67726F6BD5
:101B00002D667265652E6465760000002F67797218
:101B10006F2F6C61746573740000000073656E64F0
:101B2000696E670041542B434950434C4F53453D28
:101B3000340D0A005265636F6E6669677572696E6F
:101B40006720576946692E2E2E0D0A0041542B43FB
:101B50005751415000000000323934353300000045
:101B600032393435340D0A0053544D33322056691E
:101B7000727475616C20436F6D506F727400000059
:101B800053544D6963726F656C656374726F6E69EF
:101B90006373000043444320436F6E66696700002F
:101BA00043444320496E74657266616365000000BA
:101BB0002F1D0108321D0108351D0108000000001D
:101BC00000000000010203040607080900000000ED
:101BD0000102030402030405060708090A0B0C0DA1
:101BE0000E0F10100102030405060708090A0B0C6A
:101BF0000D0E0F10494E4600696E66004E414E00B4
:101C00006E616E0030313233343536373839414207
:101C10004344454600303132333435363738396144
:101C2000626364656600496E66696E697479004E28
:101C3000614E005245454E54206D616C6C6F6320BF
:101C4000737563636565646564002F6275696C64B0
:101C50002F676E752D746F6F6C732D666F722D7399
:101C6000746D33325F31332E332E72656C312E3208
:101C7000303234303932362D313731352F7372638B
:101C80002F6E65776C69622F6E65776C69622F6C59
:101C90006962632F7374646C69622F64746F612E60
:101CA000630042616C6C6F63207375636365656488
:101CB0006564002F6275696C642F676E752D746F93
:101CC0006F6C732D666F722D73746D33325F3133A9
:101CD0002E332E72656C312E32303234303932363A
:101CE0002D313731352F7372632F6E65776C6962D2
:101CF0002F6E65776C69622F6C6962632F737464F1
:101D00006C69622F6D707265632E6300232D302B1A
:101D10002000686C4C0065666745464700412D46CB
:101D2000612D66383930313233343536375D002B2A
:101D30002D003030007858004300504F5349580070
:101D40002E002C2066756E6374696F6E3A200061F8
:101D50007373657274696F6E202225732220666129
:101D6000696C65643A2066696C6520222573222CB3
:101D7000206C696E65202564257325730A000000B8
:101D800005000000190000007D00000000000000B8
:101D90000080E03779C34143176E05B5B5B8934667
:101DA000F5F93FE9034F384D321D30F94877825A33
:101DB0003CBF737FDD4F1575000000000000F03F51
:101DC0000000000000002440000000000000594016
:101DD0000000000000408F40000000000088C34069
:101DE00000000000006AF8400000000080842E41DE
:101DF00000000000D01263410000000084D797412A
:101E00000000000065CDCD41000000205FA002422F
:101E1000000000E876483742000000A2941A6D42A4
:101E2000000040E59C30A2420000901EC4BCD64297
:101E300000003426F56B0C430080E03779C3414342
:101E400000A0D8855734764300C84E676DC1AB43B8
:101E5000003D9160E458E143408CB5781DAF1544D6
:101E600050EFE2D6E41A4B4492D54D06CFF08044B1
:101E7000F64AE1C7022DB544B49DD9794378EA44C6
:101E8000002020202020202020202828282828204A
:101E90002020202020202020202020202020202042
:101EA00020881010101010101010101010101010AA
:101EB000100404040404040404040410101010109A
:101EC0001010414141414141010101010101010164
:101ED00001010101010101010101010110101010B6
:101EE0001010424242424242020202020202020236
:101EF000020202020202020202020202101010108A
:101F000020000000000000000000000000000000B1
:101F100000000000000000000000000000000000C1
:101F200000000000000000000000000000000000B1
:101F300000000000000000000000000000000000A1
:101F40000000000000000000000000000000000091
:101F50000000000000000000000000000000000081
:101F60000000000000000000000000000000000071
:101F70000000000000000000000000000000000061
:041F8000000000005D
:081F84004CE2FE7F01000000A9
:041F8C00B501000893
:041F900091010008B3
:101F94006950686F6E657300000000000000000067
:101FA400000000000000000000000000000000002D
:101FB400000000000000000000000000000000001D
:101FC400000000000000000000000000000000000D
:101FD400706963696D696B69313233343536000079
:101FE40000000000000000000000000000000000ED
:101FF40000000000000000000000000000000000DD
:1020040000000000000000000000000000000000CC
:1020140000127A0010000000010000000A0600020D
:102024000000004001000000E1BC0008D5BD00082C
:1020340043BE00080000000085C0000889BF0008F6
:102044002FC0000800000000000000000000000095
:10205400F5C00008D5C0000815C1000835C1000846
:1020640009024300020100C0320904000001020217
:1020740001000524001001052401000104240202CA
:102084000524060001070582030800100904010065
:10209400020A000000070501020002000705810290
:1020A4000002000009024300020100C032090400DA
:1020B40000010202010005240010010524010001B1
:1020C4000424020205240600010705820308001007
:1020D40009040100020A0000000705010240000093
:1020E400070581024000000009074300020104C003
:1020F4003209040000010202010005240010010558
:1021040024010001042402020524060001070582BB
:102114000308001009040100020A00000007050179
:102124000240000007058102400000002DD4000891
:1021340055D4000865D4000821D5000869D60008E4
:102144008DD60008EDD60008B1D6000815D70008D2
:1021540039D7000875D700081201000202020040B6
:102164008304405700020102030100000403090430
:102174001A0300000000000000000000000000003E
:10218400000000000000000000000000000000004B
:1021940003000000C42800200C02002000000000FE
:1021A400C42800202C2900209429002000000000CD
:1021B400000000000000000000000000000000001B
:1021C400000000000000000000000000000000000B
:1021D40000000000000000000000000000000000FB
:1021E40000000000000000004300000000000000A8
:1021F40000000000000000000000000000000000DB
:102204000000000000000000430000000000000087
:1022140000000000000000000000000000000000BA
:102224000000000000000000430000000000000067
:10223400000000000000000000000000000000009A
:102244000000000000000000430000000000000047
:10225400000000000000000000000000000000007A
:102264000000000000000000430000000000000027
:10227400000000000000000000000000000000005A
:102284000000000000000000430000000000000007
:10229400000000000000000000000000000000003A
:1022A40000000000000000004300000000000000E7
:1022B400000000000000000000000000000000001A
:1022C4000000000000000000910F0108390D010812
:1022D40000000000801E0108401D01087D1D01084A
:1022E4007D1D01087D1D01087D1D01087D1D01085E
:1022F4007D1D01087D1D01087D1D01087D1D01084E
:10230400FFFFFFFFFFFFFFFFFFFFFFFFFFFF0000D7
:10231400010041534349490000000000000000004F
:1023240000000000000000000000000000000000A9
:102334000000415343494900000000000000000030
:102344000000000000000000000000000000000089
:042354000000000085
:0400000508002D05BD
:00000001FF
